idx,db_id,question,gold_query,generated_raw,extracted_sql,score,reason
0,concert_singer,How many singers do we have?,SELECT count(*) FROM singer,SELECT COUNT(DISTINCT Singer_ID) FROM singer,SELECT COUNT(DISTINCT Singer_ID) FROM singer,1.0,Resultados idênticos (ordered=False).
1,concert_singer,What is the total number of singers?,SELECT count(*) FROM singer,SELECT COUNT(DISTINCT Singer_ID) FROM singer_in_concert,SELECT COUNT(DISTINCT Singer_ID) FROM singer_in_concert,0.0,"Resultados divergentes (ordered=False). gold=1 linhas, pred=1 linhas."
2,concert_singer,"Show name, country, age for all singers ordered by age from the oldest to the youngest.","SELECT name ,  country ,  age FROM singer ORDER BY age DESC","SELECT Name, Country, Age FROM singer ORDER BY Age DESC","SELECT Name, Country, Age FROM singer ORDER BY Age DESC",1.0,Resultados idênticos (ordered=True).
3,concert_singer,"What are the names, countries, and ages for every singer in descending order of age?","SELECT name ,  country ,  age FROM singer ORDER BY age DESC","SELECT S.Name, S.Country, S.Age FROM singer AS S ORDER BY S.Age DESC","SELECT S.Name, S.Country, S.Age FROM singer AS S ORDER BY S.Age DESC",1.0,Resultados idênticos (ordered=True).
4,concert_singer,"What is the average, minimum, and maximum age of all singers from France?","SELECT avg(age) ,  min(age) ,  max(age) FROM singer WHERE country  =  'France'","SELECT AVG(Age), MIN(Age), MAX(Age) FROM singer WHERE Country = 'France'","SELECT AVG(Age), MIN(Age), MAX(Age) FROM singer WHERE Country = 'France'",1.0,Resultados idênticos (ordered=False).
5,concert_singer,"What is the average, minimum, and maximum age for all French singers?","SELECT avg(age) ,  min(age) ,  max(age) FROM singer WHERE country  =  'France'","SELECT AVG(Age), MIN(Age), MAX(Age) FROM singer WHERE Country = 'France'","SELECT AVG(Age), MIN(Age), MAX(Age) FROM singer WHERE Country = 'France'",1.0,Resultados idênticos (ordered=False).
6,concert_singer,Show the name and the release year of the song by the youngest singer.,"SELECT song_name ,  song_release_year FROM singer ORDER BY age LIMIT 1","SELECT T2.Name, T2.Song_release_year FROM singer_in_concert AS T1 JOIN singer AS T2 ON T1.Singer_ID = T2.Singer_ID WHERE T2.Age = (SELECT MIN(Age) FROM singer)","SELECT T2.Name, T2.Song_release_year FROM singer_in_concert AS T1 JOIN singer AS T2 ON T1.Singer_ID = T2.Singer_ID WHERE T2.Age = (SELECT MIN(Age) FROM singer)",0.0,"Resultados divergentes (ordered=True). gold=1 linhas, pred=2 linhas."
7,concert_singer,What are the names and release years for all the songs of the youngest singer?,"SELECT song_name ,  song_release_year FROM singer ORDER BY age LIMIT 1","SELECT T3.Song_Name, T3.Song_release_year FROM singer AS T1 JOIN singer_in_concert AS T2 ON T1.Singer_ID = T2.Singer_ID JOIN concert AS T4 ON T2.concert_ID = T4.concert_ID JOIN stadium AS T5 ON T5.Stadium_ID = T4.Stadium_ID WHERE T1.Age = (SELECT MIN(Age) FROM singer)","SELECT T3.Song_Name, T3.Song_release_year FROM singer AS T1 JOIN singer_in_concert AS T2 ON T1.Singer_ID = T2.Singer_ID JOIN concert AS T4 ON T2.concert_ID = T4.concert_ID JOIN stadium AS T5 ON T5.Stadium_ID = T4.Stadium_ID WHERE T1.Age = (SELECT MIN(Age) FROM singer)",0.0,Falha ao executar a consulta gerada: no such column: T3.Song_Name
8,concert_singer,What are all distinct countries where singers above age 20 are from?,SELECT DISTINCT country FROM singer WHERE age  >  20,SELECT DISTINCT T1.Country FROM singer AS T1 JOIN singer_in_concert AS T2 ON T1.Singer_ID = T2.Singer_ID WHERE T1.Age > 20,SELECT DISTINCT T1.Country FROM singer AS T1 JOIN singer_in_concert AS T2 ON T1.Singer_ID = T2.Singer_ID WHERE T1.Age > 20,0.0,"Resultados divergentes (ordered=False). gold=3 linhas, pred=2 linhas."
9,concert_singer,What are  the different countries with singers above age 20?,SELECT DISTINCT country FROM singer WHERE age  >  20,SELECT DISTINCT T1.Country FROM singer AS T1 JOIN singer_in_concert AS T2 ON T1.Singer_ID = T2.Singer_ID WHERE T1.Age > 20,SELECT DISTINCT T1.Country FROM singer AS T1 JOIN singer_in_concert AS T2 ON T1.Singer_ID = T2.Singer_ID WHERE T1.Age > 20,0.0,"Resultados divergentes (ordered=False). gold=3 linhas, pred=2 linhas."
10,concert_singer,Show all countries and the number of singers in each country.,"SELECT country ,  count(*) FROM singer GROUP BY country","SELECT s.Country, COUNT(si.Singer_ID) FROM singer AS s LEFT JOIN singer_in_concert AS si ON s.Singer_ID = si.Singer_ID GROUP BY s.Country","SELECT s.Country, COUNT(si.Singer_ID) FROM singer AS s LEFT JOIN singer_in_concert AS si ON s.Singer_ID = si.Singer_ID GROUP BY s.Country",0.0,"Resultados divergentes (ordered=False). gold=3 linhas, pred=3 linhas."
11,concert_singer,How many singers are from each country?,"SELECT country ,  count(*) FROM singer GROUP BY country","SELECT s.Country, COUNT(DISTINCT ci.Singer_ID) 
FROM singer s 
JOIN singer_in_concert ci ON s.Singer_ID = ci.Singer_ID 
GROUP BY s.Country","SELECT s.Country, COUNT(DISTINCT ci.Singer_ID) 
FROM singer s 
JOIN singer_in_concert ci ON s.Singer_ID = ci.Singer_ID 
GROUP BY s.Country",0.0,"Resultados divergentes (ordered=False). gold=3 linhas, pred=2 linhas."
12,concert_singer,List all song names by singers above the average age.,SELECT song_name FROM singer WHERE age  >  (SELECT avg(age) FROM singer),SELECT T3.Song_Name FROM singer AS T1 JOIN singer_in_concert AS T2 ON T1.Singer_ID = T2.Singer_ID JOIN concert AS T4 ON T2.concert_ID = T4.concert_ID WHERE T1.Age > (SELECT AVG(Age) FROM singer),SELECT T3.Song_Name FROM singer AS T1 JOIN singer_in_concert AS T2 ON T1.Singer_ID = T2.Singer_ID JOIN concert AS T4 ON T2.concert_ID = T4.concert_ID WHERE T1.Age > (SELECT AVG(Age) FROM singer),0.0,Falha ao executar a consulta gerada: no such column: T3.Song_Name
13,concert_singer,What are all the song names by singers who are older than average?,SELECT song_name FROM singer WHERE age  >  (SELECT avg(age) FROM singer),SELECT T3.Song_Name FROM singer AS T1 JOIN singer_in_concert AS T2 ON T1.Singer_ID = T2.Singer_ID JOIN concert AS T4 ON T2.concert_ID = T4.concert_ID JOIN stadium AS T5 ON T4.Stadium_ID = T5.Stadium_ID WHERE T1.Age > T5.Average AND T1.Is_male IS FALSE GROUP BY T3.Song_Name,SELECT T3.Song_Name FROM singer AS T1 JOIN singer_in_concert AS T2 ON T1.Singer_ID = T2.Singer_ID JOIN concert AS T4 ON T2.concert_ID = T4.concert_ID JOIN stadium AS T5 ON T4.Stadium_ID = T5.Stadium_ID WHERE T1.Age > T5.Average AND T1.Is_male IS FALSE GROUP BY T3.Song_Name,0.0,Falha ao executar a consulta gerada: no such column: T3.Song_Name
14,concert_singer,Show location and name for all stadiums with a capacity between 5000 and 10000.,"SELECT LOCATION ,  name FROM stadium WHERE capacity BETWEEN 5000 AND 10000","SELECT Location, Name FROM stadium WHERE Capacity BETWEEN 5000 AND 10000","SELECT Location, Name FROM stadium WHERE Capacity BETWEEN 5000 AND 10000",1.0,Resultados idênticos (ordered=False).
15,concert_singer,What are the locations and names of all stations with capacity between 5000 and 10000?,"SELECT LOCATION ,  name FROM stadium WHERE capacity BETWEEN 5000 AND 10000","SELECT T2.Location, T2.Name FROM stadium AS T2 JOIN concert AS T1 ON T1.Stadium_ID = T2.Stadium_ID WHERE T2.Capacity BETWEEN 5000 AND 10000","SELECT T2.Location, T2.Name FROM stadium AS T2 JOIN concert AS T1 ON T1.Stadium_ID = T2.Stadium_ID WHERE T2.Capacity BETWEEN 5000 AND 10000",1.0,Resultados idênticos (ordered=False).
16,concert_singer,What is the maximum capacity and the average of all stadiums ?,"select max(capacity), average from stadium","SELECT MAX(stadium.Capacity), AVG(stadium.Average) FROM stadium WHERE stadium.Average IS NOT NULL","SELECT MAX(stadium.Capacity), AVG(stadium.Average) FROM stadium WHERE stadium.Average IS NOT NULL",0.0,"Resultados divergentes (ordered=False). gold=1 linhas, pred=1 linhas."
17,concert_singer,What is the average and maximum capacities for all stadiums ?,"select avg(capacity) ,  max(capacity) from stadium","SELECT AVG(Average) AS Average_Capacity, MAX(Highest) AS Maximum_Capacity FROM stadium","SELECT AVG(Average) AS Average_Capacity, MAX(Highest) AS Maximum_Capacity FROM stadium",0.0,"Resultados divergentes (ordered=False). gold=1 linhas, pred=1 linhas."
18,concert_singer,What is the name and capacity for the stadium with highest average attendance?,"SELECT name ,  capacity FROM stadium ORDER BY average DESC LIMIT 1","SELECT T2.Name ,  T2.Capacity FROM stadium AS T2 JOIN concert AS T1 ON T2.Stadium_ID = T1.concert_ID WHERE T2.Average = ( SELECT MAX(Average) FROM stadium )","SELECT T2.Name ,  T2.Capacity FROM stadium AS T2 JOIN concert AS T1 ON T2.Stadium_ID = T1.concert_ID WHERE T2.Average = ( SELECT MAX(Average) FROM stadium )",1.0,Resultados idênticos (ordered=True).
19,concert_singer,What is the name and capacity for the stadium with the highest average attendance?,"SELECT name ,  capacity FROM stadium ORDER BY average DESC LIMIT 1","SELECT T2.Name ,  T2.Capacity FROM stadium AS T2 JOIN concert AS T1 ON T2.Stadium_ID = T1.concert_ID WHERE T2.Average = ( SELECT MAX(Average) FROM stadium )","SELECT T2.Name ,  T2.Capacity FROM stadium AS T2 JOIN concert AS T1 ON T2.Stadium_ID = T1.concert_ID WHERE T2.Average = ( SELECT MAX(Average) FROM stadium )",1.0,Resultados idênticos (ordered=True).
20,concert_singer,How many concerts are there in year 2014 or 2015?,SELECT count(*) FROM concert WHERE YEAR  =  2014 OR YEAR  =  2015,"SELECT COUNT(*) FROM concert WHERE Year IN ('2014', '2015')","SELECT COUNT(*) FROM concert WHERE Year IN ('2014', '2015')",1.0,Resultados idênticos (ordered=False).
21,concert_singer,How many concerts occurred in 2014 or 2015?,SELECT count(*) FROM concert WHERE YEAR  =  2014 OR YEAR  =  2015,"SELECT COUNT(DISTINCT concert_ID) FROM concert WHERE Year IN ('2014', '2015')","SELECT COUNT(DISTINCT concert_ID) FROM concert WHERE Year IN ('2014', '2015')",1.0,Resultados idênticos (ordered=False).
22,concert_singer,Show the stadium name and the number of concerts in each stadium.,"SELECT T2.name ,  count(*) FROM concert AS T1 JOIN stadium AS T2 ON T1.stadium_id  =  T2.stadium_id GROUP BY T1.stadium_id","SELECT s.Name, COUNT(c.concert_ID) AS Concerts
FROM stadium s
LEFT JOIN concert c ON s.Stadium_ID = c.Stadium_ID
GROUP BY s.Name","SELECT s.Name, COUNT(c.concert_ID) AS Concerts
FROM stadium s
LEFT JOIN concert c ON s.Stadium_ID = c.Stadium_ID
GROUP BY s.Name",0.0,"Resultados divergentes (ordered=False). gold=5 linhas, pred=9 linhas."
23,concert_singer,"For each stadium, how many concerts play there?","SELECT T2.name ,  count(*) FROM concert AS T1 JOIN stadium AS T2 ON T1.stadium_id  =  T2.stadium_id GROUP BY T1.stadium_id","SELECT s.Name AS Stadium_Name, COUNT(c.concert_ID) AS Concert_Count 
FROM stadium s 
LEFT JOIN concert c ON s.Stadium_ID = c.Stadium_ID 
GROUP BY s.Stadium_ID, s.Name;","SELECT s.Name AS Stadium_Name, COUNT(c.concert_ID) AS Concert_Count 
FROM stadium s 
LEFT JOIN concert c ON s.Stadium_ID = c.Stadium_ID 
GROUP BY s.Stadium_ID, s.Name",0.0,"Resultados divergentes (ordered=False). gold=5 linhas, pred=9 linhas."
24,concert_singer,Show the stadium name and capacity with most number of concerts in year 2014 or after.,"SELECT T2.name ,  T2.capacity FROM concert AS T1 JOIN stadium AS T2 ON T1.stadium_id  =  T2.stadium_id WHERE T1.year  >=  2014 GROUP BY T2.stadium_id ORDER BY count(*) DESC LIMIT 1","SELECT s.Name, s.Capacity FROM stadium s JOIN concert c ON s.Stadium_ID = c.Stadium_ID WHERE c.Year >= '2014' GROUP BY s.Stadium_ID ORDER BY COUNT(c.concert_ID) DESC LIMIT 1","SELECT s.Name, s.Capacity FROM stadium s JOIN concert c ON s.Stadium_ID = c.Stadium_ID WHERE c.Year >= '2014' GROUP BY s.Stadium_ID ORDER BY COUNT(c.concert_ID) DESC LIMIT 1",1.0,Resultados idênticos (ordered=True).
25,concert_singer,What is the name and capacity of the stadium with the most concerts after 2013 ?,"select t2.name ,  t2.capacity from concert as t1 join stadium as t2 on t1.stadium_id  =  t2.stadium_id where t1.year  >  2013 group by t2.stadium_id order by count(*) desc limit 1","SELECT S.Name, S.Capacity FROM stadium AS S JOIN (SELECT concert.concert_ID, COUNT(concert.concert_ID) AS concert_count FROM concert JOIN singer_in_concert ON concert.concert_ID = singer_in_concert.concert_ID WHERE concert.Year > '2013' GROUP BY concert.concert_ID ORDER BY concert.concert_ID DESC LIMIT 1) AS C ON S.Stadium_ID = C.concert_ID","SELECT S.Name, S.Capacity FROM stadium AS S JOIN (SELECT concert.concert_ID, COUNT(concert.concert_ID) AS concert_count FROM concert JOIN singer_in_concert ON concert.concert_ID = singer_in_concert.concert_ID WHERE concert.Year > '2013' GROUP BY concert.concert_ID ORDER BY concert.concert_ID DESC LIMIT 1) AS C ON S.Stadium_ID = C.concert_ID",0.0,"Resultados divergentes (ordered=True). gold=1 linhas, pred=1 linhas."
26,concert_singer,Which year has most number of concerts?,SELECT YEAR FROM concert GROUP BY YEAR ORDER BY count(*) DESC LIMIT 1,"SELECT T1.Year ,  COUNT(T2.concert_ID) AS concert_count FROM concert AS T1 JOIN singer_in_concert AS T2 ON T1.concert_ID = T2.concert_ID GROUP BY T1.Year ORDER BY concert_count DESC LIMIT 1","SELECT T1.Year ,  COUNT(T2.concert_ID) AS concert_count FROM concert AS T1 JOIN singer_in_concert AS T2 ON T1.concert_ID = T2.concert_ID GROUP BY T1.Year ORDER BY concert_count DESC LIMIT 1",0.0,"Resultados divergentes (ordered=True). gold=1 linhas, pred=1 linhas."
27,concert_singer,What is the year that had the most concerts?,SELECT YEAR FROM concert GROUP BY YEAR ORDER BY count(*) DESC LIMIT 1,"SELECT T2.Year FROM concert AS T1 JOIN (SELECT concert_ID, YEAR FROM concert GROUP BY YEAR ORDER BY COUNT(*) DESC LIMIT 1) AS T2 ON T1.concert_ID = T2.concert_ID","SELECT T2.Year FROM concert AS T1 JOIN (SELECT concert_ID, YEAR FROM concert GROUP BY YEAR ORDER BY COUNT(*) DESC LIMIT 1) AS T2 ON T1.concert_ID = T2.concert_ID",1.0,Resultados idênticos (ordered=True).
28,concert_singer,Show the stadium names without any concert.,SELECT name FROM stadium WHERE stadium_id NOT IN (SELECT stadium_id FROM concert),SELECT Name FROM stadium WHERE Stadium_ID NOT IN (SELECT Stadium_ID FROM concert),SELECT Name FROM stadium WHERE Stadium_ID NOT IN (SELECT Stadium_ID FROM concert),1.0,Resultados idênticos (ordered=False).
29,concert_singer,What are the names of the stadiums without any concerts?,SELECT name FROM stadium WHERE stadium_id NOT IN (SELECT stadium_id FROM concert),SELECT Name FROM stadium WHERE Stadium_ID NOT IN (SELECT Stadium_ID FROM concert),SELECT Name FROM stadium WHERE Stadium_ID NOT IN (SELECT Stadium_ID FROM concert),1.0,Resultados idênticos (ordered=False).
30,concert_singer,Show countries where a singer above age 40 and a singer below 30 are from.,SELECT country FROM singer WHERE age  >  40 INTERSECT SELECT country FROM singer WHERE age  <  30,SELECT DISTINCT s.Country FROM singer s JOIN singer_in_concert sic ON s.Singer_ID = sic.Singer_ID WHERE s.Age > 40 UNION SELECT DISTINCT s.Country FROM singer s JOIN singer_in_concert sic ON s.Singer_ID = sic.Singer_ID WHERE s.Age < 30 AND s.Age IS NOT NULL,SELECT DISTINCT s.Country FROM singer s JOIN singer_in_concert sic ON s.Singer_ID = sic.Singer_ID WHERE s.Age > 40 UNION SELECT DISTINCT s.Country FROM singer s JOIN singer_in_concert sic ON s.Singer_ID = sic.Singer_ID WHERE s.Age < 30 AND s.Age IS NOT NULL,1.0,Resultados idênticos (ordered=False).
31,concert_singer,Show names for all stadiums except for stadiums having a concert in year 2014.,SELECT name FROM stadium EXCEPT SELECT T2.name FROM concert AS T1 JOIN stadium AS T2 ON T1.stadium_id  =  T2.stadium_id WHERE T1.year  =  2014,SELECT s.Name FROM stadium s WHERE s.Stadium_ID NOT IN (SELECT DISTINCT c.concert_ID FROM concert c WHERE c.Year = '2014'),SELECT s.Name FROM stadium s WHERE s.Stadium_ID NOT IN (SELECT DISTINCT c.concert_ID FROM concert c WHERE c.Year = '2014'),0.0,"Resultados divergentes (ordered=False). gold=6 linhas, pred=6 linhas."
32,concert_singer,What are the names of all stadiums that did not have a concert in 2014?,SELECT name FROM stadium EXCEPT SELECT T2.name FROM concert AS T1 JOIN stadium AS T2 ON T1.stadium_id  =  T2.stadium_id WHERE T1.year  =  2014,SELECT S.Name FROM stadium AS S WHERE S.Stadium_ID NOT IN (SELECT C.concert_ID FROM concert AS C WHERE YEAR(C.Year) = 2014),SELECT S.Name FROM stadium AS S WHERE S.Stadium_ID NOT IN (SELECT C.concert_ID FROM concert AS C WHERE YEAR(C.Year) = 2014),0.0,Falha ao executar a consulta gerada: no such function: YEAR
33,concert_singer,Show the name and theme for all concerts and the number of singers in each concert.,"SELECT T2.concert_name ,  T2.theme ,  count(*) FROM singer_in_concert AS T1 JOIN concert AS T2 ON T1.concert_id  =  T2.concert_id GROUP BY T2.concert_id","SELECT c.concert_Name, c.Theme, COUNT(s.Singer_ID) as NumberOfSingers FROM concert c JOIN singer_in_concert sc ON c.concert_ID = sc.concert_ID GROUP BY c.concert_ID, c.Theme","SELECT c.concert_Name, c.Theme, COUNT(s.Singer_ID) as NumberOfSingers FROM concert c JOIN singer_in_concert sc ON c.concert_ID = sc.concert_ID GROUP BY c.concert_ID, c.Theme",0.0,Falha ao executar a consulta gerada: no such column: s.Singer_ID
34,concert_singer,"What are the names , themes , and number of singers for every concert ?","select t2.concert_name ,  t2.theme ,  count(*) from singer_in_concert as t1 join concert as t2 on t1.concert_id  =  t2.concert_id group by t2.concert_id","SELECT c.concert_Name, c.Theme, COUNT(s.Singer_ID) as NumberOfSingers FROM concert c JOIN singer_in_concert sc ON c.concert_ID = sc.concert_ID JOIN singer s ON sc.Singer_ID = s.Singer_ID GROUP BY c.concert_ID, c.Theme","SELECT c.concert_Name, c.Theme, COUNT(s.Singer_ID) as NumberOfSingers FROM concert c JOIN singer_in_concert sc ON c.concert_ID = sc.concert_ID JOIN singer s ON sc.Singer_ID = s.Singer_ID GROUP BY c.concert_ID, c.Theme",1.0,Resultados idênticos (ordered=False).
35,concert_singer,List singer names and number of concerts for each singer.,"SELECT T2.name ,  count(*) FROM singer_in_concert AS T1 JOIN singer AS T2 ON T1.singer_id  =  T2.singer_id GROUP BY T2.singer_id","SELECT s.Name, COUNT(si.concert_ID) AS Concerts FROM singer s JOIN singer_in_concert si ON s.Singer_ID = si.Singer_ID GROUP BY s.Name","SELECT s.Name, COUNT(si.concert_ID) AS Concerts FROM singer s JOIN singer_in_concert si ON s.Singer_ID = si.Singer_ID GROUP BY s.Name",1.0,Resultados idênticos (ordered=False).
36,concert_singer,What are the names of the singers and number of concerts for each person?,"SELECT T2.name ,  count(*) FROM singer_in_concert AS T1 JOIN singer AS T2 ON T1.singer_id  =  T2.singer_id GROUP BY T2.singer_id","SELECT s.Name, COUNT(c.concert_ID) FROM singer s JOIN singer_in_concert sic ON s.Singer_ID = sic.Singer_ID GROUP BY s.Name","SELECT s.Name, COUNT(c.concert_ID) FROM singer s JOIN singer_in_concert sic ON s.Singer_ID = sic.Singer_ID GROUP BY s.Name",0.0,Falha ao executar a consulta gerada: no such column: c.concert_ID
37,concert_singer,List all singer names in concerts in year 2014.,SELECT T2.name FROM singer_in_concert AS T1 JOIN singer AS T2 ON T1.singer_id  =  T2.singer_id JOIN concert AS T3 ON T1.concert_id  =  T3.concert_id WHERE T3.year  =  2014,SELECT T1.Name FROM singer AS T1 JOIN singer_in_concert AS T2 ON T1.Singer_ID = T2.Singer_ID JOIN concert AS T3 ON T3.concert_ID = T2.concert_ID WHERE T3.Year = '2014',SELECT T1.Name FROM singer AS T1 JOIN singer_in_concert AS T2 ON T1.Singer_ID = T2.Singer_ID JOIN concert AS T3 ON T3.concert_ID = T2.concert_ID WHERE T3.Year = '2014',1.0,Resultados idênticos (ordered=False).
38,concert_singer,What are the names of the singers who performed in a concert in 2014?,SELECT T2.name FROM singer_in_concert AS T1 JOIN singer AS T2 ON T1.singer_id  =  T2.singer_id JOIN concert AS T3 ON T1.concert_id  =  T3.concert_id WHERE T3.year  =  2014,SELECT S.Name FROM singer AS S JOIN singer_in_concert AS sic ON S.Singer_ID = sic.Singer_ID JOIN concert AS c ON sic.concert_ID = c.concert_ID WHERE c.Year = '2014',SELECT S.Name FROM singer AS S JOIN singer_in_concert AS sic ON S.Singer_ID = sic.Singer_ID JOIN concert AS c ON sic.concert_ID = c.concert_ID WHERE c.Year = '2014',1.0,Resultados idênticos (ordered=False).
39,concert_singer,what is the name and nation of the singer who have a song having 'Hey' in its name?,"SELECT name ,  country FROM singer WHERE song_name LIKE '%Hey%'","SELECT T1.Name, T1.Country FROM singer AS T1 JOIN singer_in_concert AS T2 ON T1.Singer_ID = T2.Singer_ID WHERE T2.Song_Name LIKE '%Hey%'","SELECT T1.Name, T1.Country FROM singer AS T1 JOIN singer_in_concert AS T2 ON T1.Singer_ID = T2.Singer_ID WHERE T2.Song_Name LIKE '%Hey%'",0.0,Falha ao executar a consulta gerada: no such column: T2.Song_Name
40,concert_singer,What is the name and country of origin of every singer who has a song with the word 'Hey' in its title?,"SELECT name ,  country FROM singer WHERE song_name LIKE '%Hey%'","SELECT T2.Name, T2.Country FROM singer AS T2 JOIN singer_in_concert AS T1 ON T2.Singer_ID = T1.Singer_ID JOIN concert AS T3 ON T1.concert_ID = T3.concert_ID WHERE T3.Theme LIKE '%Hey%'","SELECT T2.Name, T2.Country FROM singer AS T2 JOIN singer_in_concert AS T1 ON T2.Singer_ID = T1.Singer_ID JOIN concert AS T3 ON T1.concert_ID = T3.concert_ID WHERE T3.Theme LIKE '%Hey%'",0.0,"Resultados divergentes (ordered=False). gold=1 linhas, pred=0 linhas."
41,concert_singer,Find the name and location of the stadiums which some concerts happened in the years of both 2014 and 2015.,"SELECT T2.name ,  T2.location FROM concert AS T1 JOIN stadium AS T2 ON T1.stadium_id  =  T2.stadium_id WHERE T1.Year  =  2014 INTERSECT SELECT T2.name ,  T2.location FROM concert AS T1 JOIN stadium AS T2 ON T1.stadium_id  =  T2.stadium_id WHERE T1.Year  =  2015","SELECT T2.Name, T2.Location FROM concert AS T1 JOIN stadium AS T2 ON T1.Stadium_ID = T2.Stadium_ID WHERE T1.Year = '2014' OR T1.Year = '2015'","SELECT T2.Name, T2.Location FROM concert AS T1 JOIN stadium AS T2 ON T1.Stadium_ID = T2.Stadium_ID WHERE T1.Year = '2014' OR T1.Year = '2015'",0.0,"Resultados divergentes (ordered=False). gold=1 linhas, pred=6 linhas."
42,concert_singer,What are the names and locations of the stadiums that had concerts that occurred in both 2014 and 2015?,"SELECT T2.name ,  T2.location FROM concert AS T1 JOIN stadium AS T2 ON T1.stadium_id  =  T2.stadium_id WHERE T1.Year  =  2014 INTERSECT SELECT T2.name ,  T2.location FROM concert AS T1 JOIN stadium AS T2 ON T1.stadium_id  =  T2.stadium_id WHERE T1.Year  =  2015","SELECT T2.Name, T2.Location FROM concert AS T1 JOIN stadium AS T2 ON T1.Stadium_ID = T2.Stadium_ID WHERE T1.Year = '2014' INTERSECT SELECT T1.concert_ID FROM concert AS T1 JOIN stadium AS T2 ON T1.Stadium_ID = T2.Stadium_ID WHERE T1.Year = '2015'","SELECT T2.Name, T2.Location FROM concert AS T1 JOIN stadium AS T2 ON T1.Stadium_ID = T2.Stadium_ID WHERE T1.Year = '2014' INTERSECT SELECT T1.concert_ID FROM concert AS T1 JOIN stadium AS T2 ON T1.Stadium_ID = T2.Stadium_ID WHERE T1.Year = '2015'",0.0,Falha ao executar a consulta gerada: SELECTs to the left and right of INTERSECT do not have the same number of result columns
43,concert_singer,Find the number of concerts happened in the stadium with the highest capacity .,select count(*) from concert where stadium_id = (select stadium_id from stadium order by capacity desc limit 1),SELECT COUNT(DISTINCT T1.concert_ID) FROM concert AS T1 JOIN stadium AS T2 ON T1.Stadium_ID = T2.Stadium_ID WHERE T2.Capacity = (SELECT MAX(Capacity) FROM stadium),SELECT COUNT(DISTINCT T1.concert_ID) FROM concert AS T1 JOIN stadium AS T2 ON T1.Stadium_ID = T2.Stadium_ID WHERE T2.Capacity = (SELECT MAX(Capacity) FROM stadium),1.0,Resultados idênticos (ordered=True).
44,concert_singer,What are the number of concerts that occurred in the stadium with the largest capacity ?,select count(*) from concert where stadium_id = (select stadium_id from stadium order by capacity desc limit 1),SELECT COUNT(T1.concert_ID) FROM concert AS T1 JOIN stadium AS T2 ON T1.Stadium_ID = T2.Stadium_ID WHERE T2.Capacity = (SELECT MAX(Capacity) FROM stadium),SELECT COUNT(T1.concert_ID) FROM concert AS T1 JOIN stadium AS T2 ON T1.Stadium_ID = T2.Stadium_ID WHERE T2.Capacity = (SELECT MAX(Capacity) FROM stadium),1.0,Resultados idênticos (ordered=True).
45,pets_1,Find the number of pets whose weight is heavier than 10.,SELECT count(*) FROM pets WHERE weight  >  10,SELECT COUNT(*) FROM Pets WHERE weight > 10 AND PetID IN (SELECT PetID FROM Has_Pet),SELECT COUNT(*) FROM Pets WHERE weight > 10 AND PetID IN (SELECT PetID FROM Has_Pet),1.0,Resultados idênticos (ordered=False).
46,pets_1,How many pets have a greater weight than 10?,SELECT count(*) FROM pets WHERE weight  >  10,SELECT COUNT(DISTINCT T1.PetID) FROM Pets AS T1 JOIN Has_Pet AS T2 ON T1.PetID = T2.PetID WHERE T1.weight > 10,SELECT COUNT(DISTINCT T1.PetID) FROM Pets AS T1 JOIN Has_Pet AS T2 ON T1.PetID = T2.PetID WHERE T1.weight > 10,1.0,Resultados idênticos (ordered=False).
47,pets_1,Find the weight of the youngest dog.,SELECT weight FROM pets ORDER BY pet_age LIMIT 1,SELECT T2.weight FROM Student AS T1 JOIN Has_Pet AS T3 ON T1.StuID = T3.StuID JOIN Pets AS T2 ON T3.PetID = T2.PetID WHERE T2.PetType = 'dog' ORDER BY T2.pet_age ASC LIMIT 1,SELECT T2.weight FROM Student AS T1 JOIN Has_Pet AS T3 ON T1.StuID = T3.StuID JOIN Pets AS T2 ON T3.PetID = T2.PetID WHERE T2.PetType = 'dog' ORDER BY T2.pet_age ASC LIMIT 1,1.0,Resultados idênticos (ordered=True).
48,pets_1,How much does the youngest dog weigh?,SELECT weight FROM pets ORDER BY pet_age LIMIT 1,SELECT T2.weight FROM Student AS T1 JOIN Has_Pet AS T3 ON T1.StuID = T3.StuID JOIN Pets AS T2 ON T3.PetID = T2.PetID WHERE T2.PetType = 'dog' ORDER BY T2.pet_age ASC LIMIT 1,SELECT T2.weight FROM Student AS T1 JOIN Has_Pet AS T3 ON T1.StuID = T3.StuID JOIN Pets AS T2 ON T3.PetID = T2.PetID WHERE T2.PetType = 'dog' ORDER BY T2.pet_age ASC LIMIT 1,1.0,Resultados idênticos (ordered=True).
49,pets_1,Find the maximum weight for each type of pet. List the maximum weight and pet type.,"SELECT max(weight) ,  petType FROM pets GROUP BY petType","SELECT P.PetType, MAX(H.PetID)*1 AS MaxWeight FROM Has_Pet H JOIN Pets P ON H.PetID = P.PetID GROUP BY P.PetType","SELECT P.PetType, MAX(H.PetID)*1 AS MaxWeight FROM Has_Pet H JOIN Pets P ON H.PetID = P.PetID GROUP BY P.PetType",0.0,"Resultados divergentes (ordered=False). gold=2 linhas, pred=2 linhas."
50,pets_1,List the maximum weight and type for each type of pet.,"SELECT max(weight) ,  petType FROM pets GROUP BY petType","SELECT P.PetType, MAX(P.weight), T.PetID FROM Pets AS P JOIN Has_Pet AS HP ON P.PetID = HP.PetID GROUP BY P.PetType","SELECT P.PetType, MAX(P.weight), T.PetID FROM Pets AS P JOIN Has_Pet AS HP ON P.PetID = HP.PetID GROUP BY P.PetType",0.0,Falha ao executar a consulta gerada: no such column: T.PetID
51,pets_1,Find number of pets owned by students who are older than 20.,SELECT count(*) FROM student AS T1 JOIN has_pet AS T2 ON T1.stuid  =  T2.stuid WHERE T1.age  >  20,SELECT COUNT(DISTINCT T1.PetID) FROM Pets AS T1 JOIN Has_Pet AS T2 ON T1.PetID = T2.PetID WHERE T2.StuID IN (SELECT StuID FROM Student WHERE Age > 20),SELECT COUNT(DISTINCT T1.PetID) FROM Pets AS T1 JOIN Has_Pet AS T2 ON T1.PetID = T2.PetID WHERE T2.StuID IN (SELECT StuID FROM Student WHERE Age > 20),1.0,Resultados idênticos (ordered=False).
52,pets_1,How many pets are owned by students that have an age greater than 20?,SELECT count(*) FROM student AS T1 JOIN has_pet AS T2 ON T1.stuid  =  T2.stuid WHERE T1.age  >  20,SELECT COUNT(DISTINCT T1.PetID) FROM Pets AS T1 JOIN Has_Pet AS T2 ON T1.PetID = T2.PetID WHERE T2.Age > 20,SELECT COUNT(DISTINCT T1.PetID) FROM Pets AS T1 JOIN Has_Pet AS T2 ON T1.PetID = T2.PetID WHERE T2.Age > 20,0.0,Falha ao executar a consulta gerada: no such column: T2.Age
53,pets_1,Find the number of dog pets that are raised by female students (with sex F).,SELECT count(*) FROM student AS T1 JOIN has_pet AS T2 ON T1.stuid  =  T2.stuid JOIN pets AS T3 ON T2.petid  =  T3.petid WHERE T1.sex  =  'F' AND T3.pettype  =  'dog',SELECT COUNT(T2.PetID) FROM Has_Pet AS T1 JOIN Pets AS T2 ON T1.PetID = T2.PetID JOIN Student AS T3 ON T1.StuID = T3.StuID WHERE T3.Sex = 'F' AND T2.PetType = 'dog',SELECT COUNT(T2.PetID) FROM Has_Pet AS T1 JOIN Pets AS T2 ON T1.PetID = T2.PetID JOIN Student AS T3 ON T1.StuID = T3.StuID WHERE T3.Sex = 'F' AND T2.PetType = 'dog',1.0,Resultados idênticos (ordered=False).
54,pets_1,How many dog pets are raised by female students?,SELECT count(*) FROM student AS T1 JOIN has_pet AS T2 ON T1.stuid  =  T2.stuid JOIN pets AS T3 ON T2.petid  =  T3.petid WHERE T1.sex  =  'F' AND T3.pettype  =  'dog',SELECT COUNT(T2.PetID) FROM Has_Pet AS T1 JOIN Pets AS T2 ON T1.PetID = T2.PetID JOIN Student AS T3 ON T1.StuID = T3.StuID WHERE T2.PetType = 'dog' AND T3.Sex = 'f',SELECT COUNT(T2.PetID) FROM Has_Pet AS T1 JOIN Pets AS T2 ON T1.PetID = T2.PetID JOIN Student AS T3 ON T1.StuID = T3.StuID WHERE T2.PetType = 'dog' AND T3.Sex = 'f',0.0,"Resultados divergentes (ordered=False). gold=1 linhas, pred=1 linhas."
55,pets_1,Find the number of distinct type of pets.,SELECT count(DISTINCT pettype) FROM pets,SELECT COUNT(DISTINCT PetType) FROM Pets,SELECT COUNT(DISTINCT PetType) FROM Pets,1.0,Resultados idênticos (ordered=False).
56,pets_1,How many different types of pet are there?,SELECT count(DISTINCT pettype) FROM pets,SELECT COUNT(DISTINCT PetType) FROM Pets,SELECT COUNT(DISTINCT PetType) FROM Pets,1.0,Resultados idênticos (ordered=False).
57,pets_1,Find the first name of students who have cat or dog pet.,SELECT DISTINCT T1.Fname FROM student AS T1 JOIN has_pet AS T2 ON T1.stuid  =  T2.stuid JOIN pets AS T3 ON T3.petid  =  T2.petid WHERE T3.pettype  =  'cat' OR T3.pettype  =  'dog',SELECT T1.Fname FROM Student AS T1 JOIN Has_Pet AS T2 ON T1.StuID = T2.StuID JOIN Pets AS T3 ON T2.PetID = T3.PetID WHERE T3.PetType LIKE '%cat%' OR T3.PetType LIKE '%dog%',SELECT T1.Fname FROM Student AS T1 JOIN Has_Pet AS T2 ON T1.StuID = T2.StuID JOIN Pets AS T3 ON T2.PetID = T3.PetID WHERE T3.PetType LIKE '%cat%' OR T3.PetType LIKE '%dog%',0.0,"Resultados divergentes (ordered=False). gold=2 linhas, pred=3 linhas."
58,pets_1,What are the first names of every student who has a cat or dog as a pet?,SELECT DISTINCT T1.Fname FROM student AS T1 JOIN has_pet AS T2 ON T1.stuid  =  T2.stuid JOIN pets AS T3 ON T3.petid  =  T2.petid WHERE T3.pettype  =  'cat' OR T3.pettype  =  'dog',SELECT S.Fname FROM Student S JOIN Has_Pet HP ON S.StuID = HP.StuID JOIN Pets P ON HP.PetID = P.PetID WHERE P.PetType LIKE '%cat%' OR P.PetType LIKE '%dog%',SELECT S.Fname FROM Student S JOIN Has_Pet HP ON S.StuID = HP.StuID JOIN Pets P ON HP.PetID = P.PetID WHERE P.PetType LIKE '%cat%' OR P.PetType LIKE '%dog%',0.0,"Resultados divergentes (ordered=False). gold=2 linhas, pred=3 linhas."
59,pets_1,Find the first name of students who have both cat and dog pets .,select t1.fname from student as t1 join has_pet as t2 on t1.stuid  =  t2.stuid join pets as t3 on t3.petid  =  t2.petid where t3.pettype  =  'cat' intersect select t1.fname from student as t1 join has_pet as t2 on t1.stuid  =  t2.stuid join pets as t3 on t3.petid  =  t2.petid where t3.pettype  =  'dog',SELECT DISTINCT S.Fname FROM Student S JOIN Has_Pet HP ON S.StuID = HP.StuID JOIN Pets P ON HP.PetID = P.PetID WHERE P.PetType = 'cat' INTERSECT SELECT DISTINCT S.Fname FROM Student S JOIN Has_Pet HP ON S.StuID = HP.StuID JOIN Pets P ON HP.PetID = P.PetID WHERE P.PetType = 'dog',SELECT DISTINCT S.Fname FROM Student S JOIN Has_Pet HP ON S.StuID = HP.StuID JOIN Pets P ON HP.PetID = P.PetID WHERE P.PetType = 'cat' INTERSECT SELECT DISTINCT S.Fname FROM Student S JOIN Has_Pet HP ON S.StuID = HP.StuID JOIN Pets P ON HP.PetID = P.PetID WHERE P.PetType = 'dog',1.0,Resultados idênticos (ordered=False).
60,pets_1,What are the students' first names who have both cats and dogs as pets?,SELECT T1.Fname FROM student AS T1 JOIN has_pet AS T2 ON T1.stuid  =  T2.stuid JOIN pets AS T3 ON T3.petid  =  T2.petid WHERE T3.pettype  =  'cat' INTERSECT SELECT T1.Fname FROM student AS T1 JOIN has_pet AS T2 ON T1.stuid  =  T2.stuid JOIN pets AS T3 ON T3.petid  =  T2.petid WHERE T3.pettype  =  'dog',SELECT DISTINCT T1.Fname FROM Student AS T1 JOIN Has_Pet AS T2 ON T1.StuID = T2.StuID JOIN Pets AS T3 ON T2.PetID = T3.PetID WHERE T3.PetType = 'cat' INTERSECT SELECT DISTINCT T1.Fname FROM Student AS T1 JOIN Has_Pet AS T2 ON T1.StuID = T2.StuID JOIN Pets AS T3 ON T2.PetID = T3.PetID WHERE T3.PetType = 'dog',SELECT DISTINCT T1.Fname FROM Student AS T1 JOIN Has_Pet AS T2 ON T1.StuID = T2.StuID JOIN Pets AS T3 ON T2.PetID = T3.PetID WHERE T3.PetType = 'cat' INTERSECT SELECT DISTINCT T1.Fname FROM Student AS T1 JOIN Has_Pet AS T2 ON T1.StuID = T2.StuID JOIN Pets AS T3 ON T2.PetID = T3.PetID WHERE T3.PetType = 'dog',1.0,Resultados idênticos (ordered=False).
61,pets_1,Find the major and age of students who do not have a cat pet.,"SELECT major ,  age FROM student WHERE stuid NOT IN (SELECT T1.stuid FROM student AS T1 JOIN has_pet AS T2 ON T1.stuid  =  T2.stuid JOIN pets AS T3 ON T3.petid  =  T2.petid WHERE T3.pettype  =  'cat')","SELECT S.Major, S.Age FROM Student S WHERE S.Major NOT IN (SELECT P.StuID FROM Pets P JOIN Has_Pet HP ON P.PetID = HP.PetID WHERE P.PetType = 'cat')","SELECT S.Major, S.Age FROM Student S WHERE S.Major NOT IN (SELECT P.StuID FROM Pets P JOIN Has_Pet HP ON P.PetID = HP.PetID WHERE P.PetType = 'cat')",0.0,Falha ao executar a consulta gerada: no such column: P.StuID
62,pets_1,"What major is every student who does not own a cat as a pet, and also how old are they?","SELECT major ,  age FROM student WHERE stuid NOT IN (SELECT T1.stuid FROM student AS T1 JOIN has_pet AS T2 ON T1.stuid  =  T2.stuid JOIN pets AS T3 ON T3.petid  =  T2.petid WHERE T3.pettype  =  'cat')","SELECT S.Major, S.Age FROM Student S WHERE S.StuID NOT IN (SELECT H.StuID FROM Has_Pet H JOIN Pets P ON H.PetID = P.PetID WHERE P.PetType = 'cat')","SELECT S.Major, S.Age FROM Student S WHERE S.StuID NOT IN (SELECT H.StuID FROM Has_Pet H JOIN Pets P ON H.PetID = P.PetID WHERE P.PetType = 'cat')",1.0,Resultados idênticos (ordered=False).
63,pets_1,Find the id of students who do not have a cat pet.,SELECT stuid FROM student EXCEPT SELECT T1.stuid FROM student AS T1 JOIN has_pet AS T2 ON T1.stuid  =  T2.stuid JOIN pets AS T3 ON T3.petid  =  T2.petid WHERE T3.pettype  =  'cat',SELECT StuID FROM Student WHERE StuID NOT IN (SELECT StuID FROM Has_Pet WHERE PetID IN (SELECT PetID FROM Pets WHERE PetType = 'cat')),SELECT StuID FROM Student WHERE StuID NOT IN (SELECT StuID FROM Has_Pet WHERE PetID IN (SELECT PetID FROM Pets WHERE PetType = 'cat')),1.0,Resultados idênticos (ordered=False).
64,pets_1,What are the ids of the students who do not own cats as pets?,SELECT stuid FROM student EXCEPT SELECT T1.stuid FROM student AS T1 JOIN has_pet AS T2 ON T1.stuid  =  T2.stuid JOIN pets AS T3 ON T3.petid  =  T2.petid WHERE T3.pettype  =  'cat',SELECT S.StuID FROM Student S WHERE NOT EXISTS (SELECT P.PetID FROM Pets P JOIN Has_Pet HP ON P.PetID = HP.PetID WHERE P.PetType = 'cat' AND HP.StuID = S.StuID),SELECT S.StuID FROM Student S WHERE NOT EXISTS (SELECT P.PetID FROM Pets P JOIN Has_Pet HP ON P.PetID = HP.PetID WHERE P.PetType = 'cat' AND HP.StuID = S.StuID),1.0,Resultados idênticos (ordered=False).
65,pets_1,Find the first name and age of students who have a dog but do not have a cat as a pet.,"SELECT T1.fname ,  T1.age FROM student AS T1 JOIN has_pet AS T2 ON T1.stuid  =  T2.stuid JOIN pets AS T3 ON T3.petid  =  T2.petid WHERE T3.pettype  =  'dog' AND T1.stuid NOT IN (SELECT T1.stuid FROM student AS T1 JOIN has_pet AS T2 ON T1.stuid  =  T2.stuid JOIN pets AS T3 ON T3.petid  =  T2.petid WHERE T3.pettype  =  'cat')","SELECT S.Fname, S.Age FROM Student S WHERE NOT EXISTS (SELECT 1 FROM Has_Pet HP JOIN Pets P ON HP.PetID = P.PetID WHERE S.StuID = HP.StuID AND P.PetType = 'cat') AND EXISTS (SELECT 1 FROM Has_Pet HP JOIN Pets P ON HP.PetID = P.PetID WHERE S.StuID = HP.StuID AND P.PetType = 'dog')","SELECT S.Fname, S.Age FROM Student S WHERE NOT EXISTS (SELECT 1 FROM Has_Pet HP JOIN Pets P ON HP.PetID = P.PetID WHERE S.StuID = HP.StuID AND P.PetType = 'cat') AND EXISTS (SELECT 1 FROM Has_Pet HP JOIN Pets P ON HP.PetID = P.PetID WHERE S.StuID = HP.StuID AND P.PetType = 'dog')",0.0,"Resultados divergentes (ordered=False). gold=2 linhas, pred=1 linhas."
66,pets_1,What is the first name of every student who has a dog but does not have a cat?,"SELECT T1.fname ,  T1.age FROM student AS T1 JOIN has_pet AS T2 ON T1.stuid  =  T2.stuid JOIN pets AS T3 ON T3.petid  =  T2.petid WHERE T3.pettype  =  'dog' AND T1.stuid NOT IN (SELECT T1.stuid FROM student AS T1 JOIN has_pet AS T2 ON T1.stuid  =  T2.stuid JOIN pets AS T3 ON T3.petid  =  T2.petid WHERE T3.pettype  =  'cat')",SELECT S.Fname FROM Student S WHERE S.StuID IN (SELECT H.StuID FROM Has_Pet H JOIN Pets P ON H.PetID = P.PetID WHERE P.PetType = 'Dog') AND S.StuID NOT IN (SELECT H.StuID FROM Has_Pet H JOIN Pets P ON H.PetID = P.PetID WHERE P.PetType = 'Cat') ORDER BY S.Fname ASC LIMIT 1,SELECT S.Fname FROM Student S WHERE S.StuID IN (SELECT H.StuID FROM Has_Pet H JOIN Pets P ON H.PetID = P.PetID WHERE P.PetType = 'Dog') AND S.StuID NOT IN (SELECT H.StuID FROM Has_Pet H JOIN Pets P ON H.PetID = P.PetID WHERE P.PetType = 'Cat') ORDER BY S.Fname ASC LIMIT 1,0.0,"Resultados divergentes (ordered=False). gold=2 linhas, pred=0 linhas."
67,pets_1,Find the type and weight of the youngest pet.,"SELECT pettype ,  weight FROM pets ORDER BY pet_age LIMIT 1","SELECT T2.PetType, T2.weight FROM Student AS T1 JOIN Has_Pet AS T3 ON T1.StuID = T3.StuID JOIN Pets AS T2 ON T3.PetID = T2.PetID WHERE T2.pet_age = (SELECT MIN(pet_age) FROM Pets)","SELECT T2.PetType, T2.weight FROM Student AS T1 JOIN Has_Pet AS T3 ON T1.StuID = T3.StuID JOIN Pets AS T2 ON T3.PetID = T2.PetID WHERE T2.pet_age = (SELECT MIN(pet_age) FROM Pets)",1.0,Resultados idênticos (ordered=True).
68,pets_1,"What type of pet is the youngest animal, and how much does it weigh?","SELECT pettype ,  weight FROM pets ORDER BY pet_age LIMIT 1","SELECT T2.PetType, T2.weight FROM Student AS T1 JOIN Has_Pet AS T3 ON T1.StuID = T3.StuID JOIN Pets AS T2 ON T3.PetID = T2.PetID ORDER BY T2.pet_age LIMIT 1","SELECT T2.PetType, T2.weight FROM Student AS T1 JOIN Has_Pet AS T3 ON T1.StuID = T3.StuID JOIN Pets AS T2 ON T3.PetID = T2.PetID ORDER BY T2.pet_age LIMIT 1",1.0,Resultados idênticos (ordered=True).
69,pets_1,Find the id and weight of all pets whose age is older than 1.,"SELECT petid ,  weight FROM pets WHERE pet_age  >  1","SELECT T2.PetID, T2.weight FROM Pets AS T2 JOIN Has_Pet AS T1 ON T2.PetID = T1.PetID WHERE T2.pet_age > 1","SELECT T2.PetID, T2.weight FROM Pets AS T2 JOIN Has_Pet AS T1 ON T2.PetID = T1.PetID WHERE T2.pet_age > 1",1.0,Resultados idênticos (ordered=False).
70,pets_1,What is the id and weight of every pet who is older than 1?,"SELECT petid ,  weight FROM pets WHERE pet_age  >  1","SELECT P.PetID, P.weight FROM Pets AS P JOIN Has_Pet AS HP ON P.PetID = HP.PetID WHERE P.pet_age > 1","SELECT P.PetID, P.weight FROM Pets AS P JOIN Has_Pet AS HP ON P.PetID = HP.PetID WHERE P.pet_age > 1",1.0,Resultados idênticos (ordered=False).
71,pets_1,Find the average and maximum age for each type of pet.,"SELECT avg(pet_age) ,  max(pet_age) ,  pettype FROM pets GROUP BY pettype","SELECT P.PetType, AVG(S.Age) as Average_Age, MAX(S.Age) as Maximum_Age 
FROM Student S 
JOIN Has_Pet HP ON S.StuID = HP.StuID 
JOIN Pets P ON HP.PetID = P.PetID 
GROUP BY P.PetType","SELECT P.PetType, AVG(S.Age) as Average_Age, MAX(S.Age) as Maximum_Age 
FROM Student S 
JOIN Has_Pet HP ON S.StuID = HP.StuID 
JOIN Pets P ON HP.PetID = P.PetID 
GROUP BY P.PetType",0.0,"Resultados divergentes (ordered=False). gold=2 linhas, pred=2 linhas."
72,pets_1,What is the average and maximum age for each pet type?,"SELECT avg(pet_age) ,  max(pet_age) ,  pettype FROM pets GROUP BY pettype","SELECT P.PetType, AVG(S.Age) as Average_Age, MAX(S.Age) as Maximum_Age FROM Student S JOIN Has_Pet HP ON S.StuID = HP.StuID JOIN Pets P ON HP.PetID = P.PetID GROUP BY P.PetType","SELECT P.PetType, AVG(S.Age) as Average_Age, MAX(S.Age) as Maximum_Age FROM Student S JOIN Has_Pet HP ON S.StuID = HP.StuID JOIN Pets P ON HP.PetID = P.PetID GROUP BY P.PetType",0.0,"Resultados divergentes (ordered=False). gold=2 linhas, pred=2 linhas."
73,pets_1,Find the average weight for each pet type.,"SELECT avg(weight) ,  pettype FROM pets GROUP BY pettype","SELECT P.PetType, AVG(E.weight) 
FROM Pets P 
JOIN Has_Pet HP ON P.PetID = HP.PetID 
GROUP BY P.PetType","SELECT P.PetType, AVG(E.weight) 
FROM Pets P 
JOIN Has_Pet HP ON P.PetID = HP.PetID 
GROUP BY P.PetType",0.0,Falha ao executar a consulta gerada: no such column: E.weight
74,pets_1,What is the average weight for each type of pet?,"SELECT avg(weight) ,  pettype FROM pets GROUP BY pettype","SELECT P.PetType, AVG(E.weight) 
FROM Pets P 
JOIN Has_Pet HP ON P.PetID = HP.PetID 
GROUP BY P.PetType","SELECT P.PetType, AVG(E.weight) 
FROM Pets P 
JOIN Has_Pet HP ON P.PetID = HP.PetID 
GROUP BY P.PetType",0.0,Falha ao executar a consulta gerada: no such column: E.weight
75,pets_1,Find the first name and age of students who have a pet.,"SELECT DISTINCT T1.fname ,  T1.age FROM student AS T1 JOIN has_pet AS T2 ON T1.stuid  =  T2.stuid","SELECT S.Fname, S.Age FROM Student S JOIN Has_Pet HP ON S.StuID = HP.StuID WHERE HP.PetID IS NOT NULL","SELECT S.Fname, S.Age FROM Student S JOIN Has_Pet HP ON S.StuID = HP.StuID WHERE HP.PetID IS NOT NULL",0.0,"Resultados divergentes (ordered=False). gold=2 linhas, pred=3 linhas."
76,pets_1,What are the different first names and ages of the students who do have pets?,"SELECT DISTINCT T1.fname ,  T1.age FROM student AS T1 JOIN has_pet AS T2 ON T1.stuid  =  T2.stuid","SELECT DISTINCT T1.Fname ,  T1.Age FROM Student AS T1 JOIN Has_Pet AS T2 ON T1.StuID = T2.StuID","SELECT DISTINCT T1.Fname ,  T1.Age FROM Student AS T1 JOIN Has_Pet AS T2 ON T1.StuID = T2.StuID",1.0,Resultados idênticos (ordered=False).
77,pets_1,Find the id of the pet owned by student whose last name is ‘Smith’.,SELECT T2.petid FROM student AS T1 JOIN has_pet AS T2 ON T1.stuid  =  T2.stuid WHERE T1.Lname  =  'Smith',SELECT T2.PetID FROM Student AS T1 JOIN Has_Pet AS T2 ON T1.StuID = T2.StuID WHERE T1.LName = 'Smith',SELECT T2.PetID FROM Student AS T1 JOIN Has_Pet AS T2 ON T1.StuID = T2.StuID WHERE T1.LName = 'Smith',1.0,Resultados idênticos (ordered=False).
78,pets_1,What is the id of the pet owned by the student whose last name is 'Smith'?,SELECT T2.petid FROM student AS T1 JOIN has_pet AS T2 ON T1.stuid  =  T2.stuid WHERE T1.Lname  =  'Smith',SELECT T2.PetID FROM Student AS T1 JOIN Has_Pet AS T2 ON T1.StuID = T2.StuID WHERE T1.LName = 'Smith',SELECT T2.PetID FROM Student AS T1 JOIN Has_Pet AS T2 ON T1.StuID = T2.StuID WHERE T1.LName = 'Smith',1.0,Resultados idênticos (ordered=False).
79,pets_1,Find the number of pets for each student who has any pet and student id.,"SELECT count(*) ,  T1.stuid FROM student AS T1 JOIN has_pet AS T2 ON T1.stuid  =  T2.stuid GROUP BY T1.stuid","SELECT S.StuID, COUNT(H.PetID) AS PetCount FROM Student S LEFT JOIN Has_Pet H ON S.StuID = H.StuID GROUP BY S.StuID","SELECT S.StuID, COUNT(H.PetID) AS PetCount FROM Student S LEFT JOIN Has_Pet H ON S.StuID = H.StuID GROUP BY S.StuID",0.0,"Resultados divergentes (ordered=False). gold=2 linhas, pred=34 linhas."
80,pets_1,"For students who have pets , how many pets does each student have ? list their ids instead of names .","select count(*) ,  t1.stuid from student as t1 join has_pet as t2 on t1.stuid  =  t2.stuid group by t1.stuid","SELECT S.StuID, COUNT(H.PetID) AS PetCount FROM Student S JOIN Has_Pet H ON S.StuID = H.StuID GROUP BY S.StuID","SELECT S.StuID, COUNT(H.PetID) AS PetCount FROM Student S JOIN Has_Pet H ON S.StuID = H.StuID GROUP BY S.StuID",0.0,"Resultados divergentes (ordered=False). gold=2 linhas, pred=2 linhas."
81,pets_1,Find the first name and gender of student who have more than one pet.,"SELECT T1.fname ,  T1.sex FROM student AS T1 JOIN has_pet AS T2 ON T1.stuid  =  T2.stuid GROUP BY T1.stuid HAVING count(*)  >  1","SELECT T1.Fname, T1.Sex FROM Student AS T1 JOIN Has_Pet AS T2 ON T1.StuID = T2.StuID GROUP BY T2.StuID HAVING COUNT(T2.PetID) > 1","SELECT T1.Fname, T1.Sex FROM Student AS T1 JOIN Has_Pet AS T2 ON T1.StuID = T2.StuID GROUP BY T2.StuID HAVING COUNT(T2.PetID) > 1",1.0,Resultados idênticos (ordered=False).
82,pets_1,What is the first name and gender of the all the students who have more than one pet?,"SELECT T1.fname ,  T1.sex FROM student AS T1 JOIN has_pet AS T2 ON T1.stuid  =  T2.stuid GROUP BY T1.stuid HAVING count(*)  >  1","SELECT T1.Fname, T1.Sex FROM Student AS T1 JOIN Has_Pet AS T2 ON T1.StuID = T2.StuID GROUP BY T2.StuID HAVING COUNT(T2.PetID) > 1","SELECT T1.Fname, T1.Sex FROM Student AS T1 JOIN Has_Pet AS T2 ON T1.StuID = T2.StuID GROUP BY T2.StuID HAVING COUNT(T2.PetID) > 1",1.0,Resultados idênticos (ordered=False).
83,pets_1,Find the last name of the student who has a cat that is age 3.,SELECT T1.lname FROM student AS T1 JOIN has_pet AS T2 ON T1.stuid  =  T2.stuid JOIN pets AS T3 ON T3.petid  =  T2.petid WHERE T3.pet_age  =  3 AND T3.pettype  =  'cat',SELECT T1.LName FROM Student AS T1 JOIN Has_Pet AS T2 ON T1.StuID = T2.StuID JOIN Pets AS T3 ON T2.PetID = T3.PetID WHERE T3.PetType = 'cat' AND T3.pet_age = 3 ORDER BY T1.StuID DESC LIMIT 1,SELECT T1.LName FROM Student AS T1 JOIN Has_Pet AS T2 ON T1.StuID = T2.StuID JOIN Pets AS T3 ON T2.PetID = T3.PetID WHERE T3.PetType = 'cat' AND T3.pet_age = 3 ORDER BY T1.StuID DESC LIMIT 1,1.0,Resultados idênticos (ordered=False).
84,pets_1,What is the last name of the student who has a cat that is 3 years old?,SELECT T1.lname FROM student AS T1 JOIN has_pet AS T2 ON T1.stuid  =  T2.stuid JOIN pets AS T3 ON T3.petid  =  T2.petid WHERE T3.pet_age  =  3 AND T3.pettype  =  'cat',SELECT T1.LName FROM Student AS T1 JOIN Has_Pet AS T2 ON T1.StuID = T2.StuID JOIN Pets AS T3 ON T2.PetID = T3.PetID WHERE T3.pet_age = 3 AND T3.PetType = 'cat' ORDER BY T1.StuID DESC LIMIT 1,SELECT T1.LName FROM Student AS T1 JOIN Has_Pet AS T2 ON T1.StuID = T2.StuID JOIN Pets AS T3 ON T2.PetID = T3.PetID WHERE T3.pet_age = 3 AND T3.PetType = 'cat' ORDER BY T1.StuID DESC LIMIT 1,1.0,Resultados idênticos (ordered=False).
85,pets_1,Find the average age of students who do not have any pet .,select avg(age) from student where stuid not in (select stuid from has_pet),SELECT AVG(Student.Age) FROM Student WHERE Student.StuID NOT IN (SELECT StuID FROM Has_Pet),SELECT AVG(Student.Age) FROM Student WHERE Student.StuID NOT IN (SELECT StuID FROM Has_Pet),1.0,Resultados idênticos (ordered=False).
86,pets_1,What is the average age for all students who do not own any pets ?,select avg(age) from student where stuid not in (select stuid from has_pet),SELECT AVG(Student.Age) FROM Student WHERE Student.StuID NOT IN (SELECT StuID FROM Has_Pet),SELECT AVG(Student.Age) FROM Student WHERE Student.StuID NOT IN (SELECT StuID FROM Has_Pet),1.0,Resultados idênticos (ordered=False).
87,car_1,How many continents are there?,SELECT count(*) FROM CONTINENTS;,SELECT COUNT(DISTINCT Country) FROM countries JOIN continents ON countries.Continent = continents.ContId,SELECT COUNT(DISTINCT Country) FROM countries JOIN continents ON countries.Continent = continents.ContId,0.0,Falha ao executar a consulta gerada: no such column: Country
88,car_1,What is the number of continents?,SELECT count(*) FROM CONTINENTS;,SELECT COUNT(DISTINCT Country) FROM countries JOIN continents ON countries.Continent = continents.ContId,SELECT COUNT(DISTINCT Country) FROM countries JOIN continents ON countries.Continent = continents.ContId,0.0,Falha ao executar a consulta gerada: no such column: Country
89,car_1,"How many countries does each continent have? List the continent id, continent name and the number of countries.","SELECT T1.ContId ,  T1.Continent ,  count(*) FROM CONTINENTS AS T1 JOIN COUNTRIES AS T2 ON T1.ContId  =  T2.Continent GROUP BY T1.ContId;","SELECT T2.ContId, T2.Continent, COUNT(T1.CountryId) AS NumberOfCountries FROM countries AS T1 JOIN continents AS T2 ON T1.Continent = T2.ContId GROUP BY T2.ContId, T2.Continent","SELECT T2.ContId, T2.Continent, COUNT(T1.CountryId) AS NumberOfCountries FROM countries AS T1 JOIN continents AS T2 ON T1.Continent = T2.ContId GROUP BY T2.ContId, T2.Continent",1.0,Resultados idênticos (ordered=False).
90,car_1,"For each continent, list its id, name, and how many countries it has?","SELECT T1.ContId ,  T1.Continent ,  count(*) FROM CONTINENTS AS T1 JOIN COUNTRIES AS T2 ON T1.ContId  =  T2.Continent GROUP BY T1.ContId;","SELECT C.ContId, C.Continent, COUNT(C2.CountryId) AS NumberOfCountries FROM continents C LEFT JOIN countries C2 ON C.ContId = C2.Continent GROUP BY C.ContId, C.Continent","SELECT C.ContId, C.Continent, COUNT(C2.CountryId) AS NumberOfCountries FROM continents C LEFT JOIN countries C2 ON C.ContId = C2.Continent GROUP BY C.ContId, C.Continent",1.0,Resultados idênticos (ordered=False).
91,car_1,How many countries are listed?,SELECT count(*) FROM COUNTRIES;,SELECT COUNT(DISTINCT CountryName) FROM countries,SELECT COUNT(DISTINCT CountryName) FROM countries,1.0,Resultados idênticos (ordered=False).
92,car_1,How many countries exist?,SELECT count(*) FROM COUNTRIES;,SELECT COUNT(DISTINCT CountryName) FROM countries,SELECT COUNT(DISTINCT CountryName) FROM countries,1.0,Resultados idênticos (ordered=False).
93,car_1,"How many models does each car maker produce? List maker full name, id and the number.","SELECT T1.FullName ,  T1.Id ,  count(*) FROM CAR_MAKERS AS T1 JOIN MODEL_LIST AS T2 ON T1.Id  =  T2.Maker GROUP BY T1.Id;","SELECT c.FullName, c.Id, COUNT(m.Model) AS ModelCount FROM car_makers c JOIN car_names m ON c.Id = m.Make GROUP BY c.FullName, c.Id","SELECT c.FullName, c.Id, COUNT(m.Model) AS ModelCount FROM car_makers c JOIN car_names m ON c.Id = m.Make GROUP BY c.FullName, c.Id",0.0,"Resultados divergentes (ordered=False). gold=22 linhas, pred=0 linhas."
94,car_1,"What is the full name of each car maker, along with its id and how many models it produces?","SELECT T1.FullName ,  T1.Id ,  count(*) FROM CAR_MAKERS AS T1 JOIN MODEL_LIST AS T2 ON T1.Id  =  T2.Maker GROUP BY T1.Id;","SELECT Maker, Id, COUNT(Model) FROM car_makers JOIN car_names ON car_makers.Id = car_names.MakeId GROUP BY Maker","SELECT Maker, Id, COUNT(Model) FROM car_makers JOIN car_names ON car_makers.Id = car_names.MakeId GROUP BY Maker",0.0,"Resultados divergentes (ordered=False). gold=22 linhas, pred=22 linhas."
95,car_1,Which model of the car has the minimum horsepower?,SELECT T1.Model FROM CAR_NAMES AS T1 JOIN CARS_DATA AS T2 ON T1.MakeId  =  T2.Id ORDER BY T2.horsepower ASC LIMIT 1;,SELECT Model FROM model_list WHERE MakeId IN (SELECT MakeId FROM cars_data GROUP BY MakeId ORDER BY MIN(Horsepower) LIMIT 1),SELECT Model FROM model_list WHERE MakeId IN (SELECT MakeId FROM cars_data GROUP BY MakeId ORDER BY MIN(Horsepower) LIMIT 1),0.0,Falha ao executar a consulta gerada: no such column: MakeId
96,car_1,What is the model of the car with the smallest amount of horsepower?,SELECT T1.Model FROM CAR_NAMES AS T1 JOIN CARS_DATA AS T2 ON T1.MakeId  =  T2.Id ORDER BY T2.horsepower ASC LIMIT 1;,SELECT T2.Model FROM cars_data AS T1 JOIN car_names AS T2 ON T1.Id = T2.MakeId ORDER BY T1.Horsepower LIMIT 1,SELECT T2.Model FROM cars_data AS T1 JOIN car_names AS T2 ON T1.Id = T2.MakeId ORDER BY T1.Horsepower LIMIT 1,1.0,Resultados idênticos (ordered=True).
97,car_1,Find the model of the car whose weight is below the average weight.,SELECT T1.model FROM CAR_NAMES AS T1 JOIN CARS_DATA AS T2 ON T1.MakeId  =  T2.Id WHERE T2.Weight  <  (SELECT avg(Weight) FROM CARS_DATA),SELECT Model FROM car_names WHERE MakeId IN (SELECT MakeId FROM cars_data GROUP BY MakeId HAVING AVG(Weight) < (SELECT AVG(Weight) FROM cars_data)) GROUP BY Model,SELECT Model FROM car_names WHERE MakeId IN (SELECT MakeId FROM cars_data GROUP BY MakeId HAVING AVG(Weight) < (SELECT AVG(Weight) FROM cars_data)) GROUP BY Model,0.0,Falha ao executar a consulta gerada: no such column: MakeId
98,car_1,What is the model for the car with a weight smaller than the average?,SELECT T1.model FROM CAR_NAMES AS T1 JOIN CARS_DATA AS T2 ON T1.MakeId  =  T2.Id WHERE T2.Weight  <  (SELECT avg(Weight) FROM CARS_DATA),SELECT Model FROM car_names WHERE MakeId IN (SELECT MakeId FROM cars_data WHERE Weight < (SELECT AVG(Weight) FROM cars_data)) GROUP BY Model,SELECT Model FROM car_names WHERE MakeId IN (SELECT MakeId FROM cars_data WHERE Weight < (SELECT AVG(Weight) FROM cars_data)) GROUP BY Model,0.0,"Resultados divergentes (ordered=False). gold=230 linhas, pred=33 linhas."
99,car_1,Find the name of the makers that produced some cars in the year of 1970?,SELECT DISTINCT T1.Maker FROM CAR_MAKERS AS T1 JOIN MODEL_LIST AS T2 ON T1.Id  =  T2.Maker JOIN CAR_NAMES AS T3 ON T2.model  =  T3.model JOIN CARS_DATA AS T4 ON T3.MakeId  =  T4.id WHERE T4.year  =  '1970';,SELECT DISTINCT T1.Maker FROM car_makers AS T1 JOIN cars_data AS T2 ON T1.Id = T2.MakeId WHERE T2.Year = 1970,SELECT DISTINCT T1.Maker FROM car_makers AS T1 JOIN cars_data AS T2 ON T1.Id = T2.MakeId WHERE T2.Year = 1970,0.0,Falha ao executar a consulta gerada: no such column: T2.MakeId
100,car_1,What is the name of the different car makers who produced a car in 1970?,SELECT DISTINCT T1.Maker FROM CAR_MAKERS AS T1 JOIN MODEL_LIST AS T2 ON T1.Id  =  T2.Maker JOIN CAR_NAMES AS T3 ON T2.model  =  T3.model JOIN CARS_DATA AS T4 ON T3.MakeId  =  T4.id WHERE T4.year  =  '1970';,SELECT DISTINCT T1.Maker FROM car_makers AS T1 JOIN cars_data AS T2 ON T1.Id = T2.MakeId WHERE T2.Year = 1970,SELECT DISTINCT T1.Maker FROM car_makers AS T1 JOIN cars_data AS T2 ON T1.Id = T2.MakeId WHERE T2.Year = 1970,0.0,Falha ao executar a consulta gerada: no such column: T2.MakeId
101,car_1,Find the make and production time of the cars that were produced in the earliest year?,"SELECT T2.Make ,  T1.Year FROM CARS_DATA AS T1 JOIN CAR_NAMES AS T2 ON T1.Id  =  T2.MakeId WHERE T1.Year  =  (SELECT min(YEAR) FROM CARS_DATA);","SELECT T1.Make, MIN(T2.Year) FROM car_makers AS T1 JOIN cars_data AS T2 ON T1.Id = T2.MakeId ORDER BY T2.Year LIMIT 1","SELECT T1.Make, MIN(T2.Year) FROM car_makers AS T1 JOIN cars_data AS T2 ON T1.Id = T2.MakeId ORDER BY T2.Year LIMIT 1",0.0,Falha ao executar a consulta gerada: no such column: T1.Make
102,car_1,What is the maker of the carr produced in the earliest year and what year was it?,"SELECT T2.Make ,  T1.Year FROM CARS_DATA AS T1 JOIN CAR_NAMES AS T2 ON T1.Id  =  T2.MakeId WHERE T1.Year  =  (SELECT min(YEAR) FROM CARS_DATA);","SELECT T1.Maker, MIN(T2.Year) FROM cars_data AS T2 JOIN car_names AS T1 ON T2.MakeId = T1.MakeId ORDER BY T2.Year LIMIT 1","SELECT T1.Maker, MIN(T2.Year) FROM cars_data AS T2 JOIN car_names AS T1 ON T2.MakeId = T1.MakeId ORDER BY T2.Year LIMIT 1",0.0,Falha ao executar a consulta gerada: no such column: T1.Maker
103,car_1,Which distinct car models are the produced after 1980?,SELECT DISTINCT T1.model FROM MODEL_LIST AS T1 JOIN CAR_NAMES AS T2 ON T1.model  =  T2.model JOIN CARS_DATA AS T3 ON T2.MakeId  =  T3.id WHERE T3.year  >  1980;,SELECT DISTINCT Model FROM car_names WHERE MakeId IN (SELECT MakeId FROM cars_data WHERE Year > 1980),SELECT DISTINCT Model FROM car_names WHERE MakeId IN (SELECT MakeId FROM cars_data WHERE Year > 1980),0.0,"Resultados divergentes (ordered=False). gold=21 linhas, pred=33 linhas."
104,car_1,What are the different models for the cards produced after 1980?,SELECT DISTINCT T1.model FROM MODEL_LIST AS T1 JOIN CAR_NAMES AS T2 ON T1.model  =  T2.model JOIN CARS_DATA AS T3 ON T2.MakeId  =  T3.id WHERE T3.year  >  1980;,SELECT DISTINCT Model FROM car_names WHERE MakeId IN (SELECT MakeId FROM cars_data WHERE Year > 1980) AND MakeId IN (SELECT Maker FROM car_makers),SELECT DISTINCT Model FROM car_names WHERE MakeId IN (SELECT MakeId FROM cars_data WHERE Year > 1980) AND MakeId IN (SELECT Maker FROM car_makers),0.0,"Resultados divergentes (ordered=False). gold=21 linhas, pred=0 linhas."
105,car_1,How many car makers are there in each continents? List the continent name and the count.,"SELECT T1.Continent ,  count(*) FROM CONTINENTS AS T1 JOIN COUNTRIES AS T2 ON T1.ContId  =  T2.continent JOIN car_makers AS T3 ON T2.CountryId  =  T3.Country GROUP BY T1.Continent;","SELECT C.Continent, COUNT(DISTINCT CM.Maker) 
FROM countries C 
JOIN car_makers CM ON C.CountryId = CM.Country 
GROUP BY C.Continent","SELECT C.Continent, COUNT(DISTINCT CM.Maker) 
FROM countries C 
JOIN car_makers CM ON C.CountryId = CM.Country 
GROUP BY C.Continent",0.0,"Resultados divergentes (ordered=False). gold=3 linhas, pred=3 linhas."
106,car_1,What is the name of each continent and how many car makers are there in each one?,"SELECT T1.Continent ,  count(*) FROM CONTINENTS AS T1 JOIN COUNTRIES AS T2 ON T1.ContId  =  T2.continent JOIN car_makers AS T3 ON T2.CountryId  =  T3.Country GROUP BY T1.Continent;","SELECT T1.Continent, COUNT(T2.MakeId) FROM continents AS T1 JOIN countries AS T2 ON T1.ContId = T2.Continent JOIN car_makers AS T3 ON T2.CountryId = T3.Country GROUP BY T1.Continent","SELECT T1.Continent, COUNT(T2.MakeId) FROM continents AS T1 JOIN countries AS T2 ON T1.ContId = T2.Continent JOIN car_makers AS T3 ON T2.CountryId = T3.Country GROUP BY T1.Continent",0.0,Falha ao executar a consulta gerada: no such column: T2.MakeId
107,car_1,Which of the countries has the most car makers? List the country name.,SELECT T2.CountryName FROM CAR_MAKERS AS T1 JOIN COUNTRIES AS T2 ON T1.Country  =  T2.CountryId GROUP BY T1.Country ORDER BY Count(*) DESC LIMIT 1;,SELECT T2.CountryName FROM car_makers AS T1 JOIN countries AS T2 ON T1.Country = T2.CountryId GROUP BY T2.CountryName ORDER BY COUNT(T1.Id) DESC LIMIT 1,SELECT T2.CountryName FROM car_makers AS T1 JOIN countries AS T2 ON T1.Country = T2.CountryId GROUP BY T2.CountryName ORDER BY COUNT(T1.Id) DESC LIMIT 1,1.0,Resultados idênticos (ordered=True).
108,car_1,What is the name of the country with the most car makers?,SELECT T2.CountryName FROM CAR_MAKERS AS T1 JOIN COUNTRIES AS T2 ON T1.Country  =  T2.CountryId GROUP BY T1.Country ORDER BY Count(*) DESC LIMIT 1;,SELECT T2.CountryName FROM countries AS T2 JOIN car_makers AS T1 ON T2.CountryId = T1.Country GROUP BY T2.CountryName ORDER BY COUNT(T1.Id) DESC LIMIT 1,SELECT T2.CountryName FROM countries AS T2 JOIN car_makers AS T1 ON T2.CountryId = T1.Country GROUP BY T2.CountryName ORDER BY COUNT(T1.Id) DESC LIMIT 1,1.0,Resultados idênticos (ordered=True).
109,car_1,How many car models are produced by each maker ? Only list the count and the maker full name .,"select count(*) ,  t2.fullname from model_list as t1 join car_makers as t2 on t1.maker  =  t2.id group by t2.id;","SELECT T1.FullName, COUNT(T2.Model) FROM car_makers AS T1 JOIN car_names AS T2 ON T1.Id = T2.MakeId GROUP BY T1.FullName","SELECT T1.FullName, COUNT(T2.Model) FROM car_makers AS T1 JOIN car_names AS T2 ON T1.Id = T2.MakeId GROUP BY T1.FullName",0.0,"Resultados divergentes (ordered=False). gold=22 linhas, pred=22 linhas."
110,car_1,What is the number of car models that are produced by each maker and what is the id and full name of each maker?,"SELECT Count(*) ,  T2.FullName ,  T2.id FROM MODEL_LIST AS T1 JOIN CAR_MAKERS AS T2 ON T1.Maker  =  T2.Id GROUP BY T2.id;","SELECT cm.Maker, cm.FullName, COUNT(cn.Model) AS ModelCount FROM car_makers cm JOIN car_names cn ON cm.Id = cn.MakeId GROUP BY cm.Maker, cm.FullName","SELECT cm.Maker, cm.FullName, COUNT(cn.Model) AS ModelCount FROM car_makers cm JOIN car_names cn ON cm.Id = cn.MakeId GROUP BY cm.Maker, cm.FullName",0.0,"Resultados divergentes (ordered=False). gold=22 linhas, pred=22 linhas."
111,car_1,What is the accelerate of the car make amc hornet sportabout (sw)?,SELECT T1.Accelerate FROM CARS_DATA AS T1 JOIN CAR_NAMES AS T2 ON T1.Id  =  T2.MakeId WHERE T2.Make  =  'amc hornet sportabout (sw)';,SELECT T3.accelerate FROM car_names AS T1 JOIN cars_data AS T3 ON T1.MakeId = T3.Id JOIN car_makers AS T2 ON T1.Make = T2.Maker WHERE T2.Maker = 'AMC' AND T1.Model = 'Hornet Sportabout',SELECT T3.accelerate FROM car_names AS T1 JOIN cars_data AS T3 ON T1.MakeId = T3.Id JOIN car_makers AS T2 ON T1.Make = T2.Maker WHERE T2.Maker = 'AMC' AND T1.Model = 'Hornet Sportabout',0.0,"Resultados divergentes (ordered=False). gold=1 linhas, pred=0 linhas."
112,car_1,How much does the car accelerate that makes amc hornet sportabout (sw)?,SELECT T1.Accelerate FROM CARS_DATA AS T1 JOIN CAR_NAMES AS T2 ON T1.Id  =  T2.MakeId WHERE T2.Make  =  'amc hornet sportabout (sw)';,"SELECT AVG(Horsepower), T1.Model FROM car_names AS T1 JOIN cars_data AS T2 ON T1.MakeId = T2.Id WHERE T1.Model = 'AMC Hornet Sportabout' GROUP BY T1.Model","SELECT AVG(Horsepower), T1.Model FROM car_names AS T1 JOIN cars_data AS T2 ON T1.MakeId = T2.Id WHERE T1.Model = 'AMC Hornet Sportabout' GROUP BY T1.Model",0.0,"Resultados divergentes (ordered=False). gold=1 linhas, pred=0 linhas."
113,car_1,How many car makers are there in france?,SELECT count(*) FROM CAR_MAKERS AS T1 JOIN COUNTRIES AS T2 ON T1.Country  =  T2.CountryId WHERE T2.CountryName  =  'france';,SELECT COUNT(DISTINCT T1.MakeId) FROM car_names AS T1 JOIN cars_data AS T2 ON T1.MakeId = T2.MakeId JOIN car_makers AS T3 ON T1.Make = T3.Make WHERE T3.Country IN (SELECT CountryId FROM countries WHERE Continent = (SELECT ContId FROM continents WHERE Continent = 'Europe') AND CountryName = 'France'),SELECT COUNT(DISTINCT T1.MakeId) FROM car_names AS T1 JOIN cars_data AS T2 ON T1.MakeId = T2.MakeId JOIN car_makers AS T3 ON T1.Make = T3.Make WHERE T3.Country IN (SELECT CountryId FROM countries WHERE Continent = (SELECT ContId FROM continents WHERE Continent = 'Europe') AND CountryName = 'France'),0.0,Falha ao executar a consulta gerada: no such column: T2.MakeId
114,car_1,What is the number of makers of care in France?,SELECT count(*) FROM CAR_MAKERS AS T1 JOIN COUNTRIES AS T2 ON T1.Country  =  T2.CountryId WHERE T2.CountryName  =  'france';,SELECT COUNT(DISTINCT T1.MakeId) FROM car_names AS T1 JOIN cars_data AS T2 ON T1.MakeId = T2.MakeId JOIN car_makers AS T3 ON T1.Make = T3.Make WHERE T3.Country IN (SELECT CountryId FROM countries WHERE Continent = (SELECT ContId FROM continents WHERE Continent = 'Europe')) AND T3.CountryId = T1.Maker,SELECT COUNT(DISTINCT T1.MakeId) FROM car_names AS T1 JOIN cars_data AS T2 ON T1.MakeId = T2.MakeId JOIN car_makers AS T3 ON T1.Make = T3.Make WHERE T3.Country IN (SELECT CountryId FROM countries WHERE Continent = (SELECT ContId FROM continents WHERE Continent = 'Europe')) AND T3.CountryId = T1.Maker,0.0,Falha ao executar a consulta gerada: no such column: T3.CountryId
115,car_1,How many car models are produced in the usa?,SELECT count(*) FROM MODEL_LIST AS T1 JOIN CAR_MAKERS AS T2 ON T1.Maker  =  T2.Id JOIN COUNTRIES AS T3 ON T2.Country  =  T3.CountryId WHERE T3.CountryName  =  'usa';,SELECT COUNT(DISTINCT T2.Model) FROM car_names AS T2 INNER JOIN cars_data AS T1 ON T1.MakeId = T2.Id WHERE T2.Maker IN (SELECT Id FROM car_makers WHERE Country = 'USA'),SELECT COUNT(DISTINCT T2.Model) FROM car_names AS T2 INNER JOIN cars_data AS T1 ON T1.MakeId = T2.Id WHERE T2.Maker IN (SELECT Id FROM car_makers WHERE Country = 'USA'),0.0,Falha ao executar a consulta gerada: no such column: T2.Maker
116,car_1,What is the count of the car models produced in the United States?,SELECT count(*) FROM MODEL_LIST AS T1 JOIN CAR_MAKERS AS T2 ON T1.Maker  =  T2.Id JOIN COUNTRIES AS T3 ON T2.Country  =  T3.CountryId WHERE T3.CountryName  =  'usa';,SELECT COUNT(DISTINCT T2.Model) FROM car_names AS T2 INNER JOIN cars_data AS T1 ON T2.MakeId = T1.MakeId INNER JOIN countries AS T3 ON T3.CountryName = 'United States' WHERE T3.Continent = (SELECT T4.ContId FROM continents AS T4 WHERE T4.Continent = 'North America') AND T2.MakeId IN (SELECT T5.MakeId FROM car_names AS T5 INNER JOIN cars_data AS T6 ON T5.MakeId = T6.MakeId WHERE T6.MakeId IN (SELECT T2.MakeId FROM car_names AS T2 INNER JOIN cars_data AS T1 ON T2.MakeId = T1.MakeId WHERE T1.ContId = (SELECT T4.ContId FROM continents AS T4 WHERE T4.Continent = 'North America'))),SELECT COUNT(DISTINCT T2.Model) FROM car_names AS T2 INNER JOIN cars_data AS T1 ON T2.MakeId = T1.MakeId INNER JOIN countries AS T3 ON T3.CountryName = 'United States' WHERE T3.Continent = (SELECT T4.ContId FROM continents AS T4 WHERE T4.Continent = 'North America') AND T2.MakeId IN (SELECT T5.MakeId FROM car_names AS T5 INNER JOIN cars_data AS T6 ON T5.MakeId = T6.MakeId WHERE T6.MakeId IN (SELECT T2.MakeId FROM car_names AS T2 INNER JOIN cars_data AS T1 ON T2.MakeId = T1.MakeId WHERE T1.ContId = (SELECT T4.ContId FROM continents AS T4 WHERE T4.Continent = 'North America'))),0.0,Falha ao executar a consulta gerada: no such column: T1.ContId
117,car_1,What is the average miles per gallon(mpg) of the cars with 4 cylinders?,SELECT avg(mpg) FROM CARS_DATA WHERE Cylinders  =  4;,SELECT AVG(MPG) FROM cars_data WHERE Cylinders = 4,SELECT AVG(MPG) FROM cars_data WHERE Cylinders = 4,1.0,Resultados idênticos (ordered=False).
118,car_1,What is the average miles per gallon of all the cards with 4 cylinders?,SELECT avg(mpg) FROM CARS_DATA WHERE Cylinders  =  4;,SELECT AVG(MPG) FROM cars_data WHERE Cylinders = 4,SELECT AVG(MPG) FROM cars_data WHERE Cylinders = 4,1.0,Resultados idênticos (ordered=False).
119,car_1,What is the smallest weight of the car produced with 8 cylinders on 1974 ?,select min(weight) from cars_data where cylinders  =  8 and year  =  1974,SELECT MIN(T2.Weight) FROM cars_data AS T1 JOIN car_names AS T2 ON T1.MakeId = T2.MakeId WHERE T1.Cylinders = 8 AND T1.Year = 1974,SELECT MIN(T2.Weight) FROM cars_data AS T1 JOIN car_names AS T2 ON T1.MakeId = T2.MakeId WHERE T1.Cylinders = 8 AND T1.Year = 1974,0.0,Falha ao executar a consulta gerada: no such column: T2.Weight
120,car_1,What is the minimum weight of the car with 8 cylinders produced in 1974 ?,select min(weight) from cars_data where cylinders  =  8 and year  =  1974,SELECT MIN(T2.Weight) FROM cars_data AS T1 JOIN car_names AS T2 ON T1.MakeId = T2.MakeId WHERE T1.Cylinders = 8 AND T1.Year = 1974,SELECT MIN(T2.Weight) FROM cars_data AS T1 JOIN car_names AS T2 ON T1.MakeId = T2.MakeId WHERE T1.Cylinders = 8 AND T1.Year = 1974,0.0,Falha ao executar a consulta gerada: no such column: T2.Weight
121,car_1,What are all the makers and models?,"SELECT Maker ,  Model FROM MODEL_LIST;","SELECT Maker, Model FROM car_makers JOIN car_names ON car_makers.Id = car_names.MakeId","SELECT Maker, Model FROM car_makers JOIN car_names ON car_makers.Id = car_names.MakeId",0.0,"Resultados divergentes (ordered=False). gold=36 linhas, pred=22 linhas."
122,car_1,What are the makers and models?,"SELECT Maker ,  Model FROM MODEL_LIST;","SELECT Maker, Model FROM car_makers JOIN car_names ON car_makers.Id = car_names.MakeId","SELECT Maker, Model FROM car_makers JOIN car_names ON car_makers.Id = car_names.MakeId",0.0,"Resultados divergentes (ordered=False). gold=36 linhas, pred=22 linhas."
123,car_1,What are the countries having at least one car maker? List name and id.,"SELECT T1.CountryName ,  T1.CountryId FROM COUNTRIES AS T1 JOIN CAR_MAKERS AS T2 ON T1.CountryId  =  T2.Country GROUP BY T1.CountryId HAVING count(*)  >=  1;","SELECT T2.CountryName, T2.CountryId FROM car_makers AS T1 JOIN countries AS T2 ON T1.Country = T2.CountryId GROUP BY T2.CountryName, T2.CountryId HAVING COUNT(T1.Id) > 0","SELECT T2.CountryName, T2.CountryId FROM car_makers AS T1 JOIN countries AS T2 ON T1.Country = T2.CountryId GROUP BY T2.CountryName, T2.CountryId HAVING COUNT(T1.Id) > 0",1.0,Resultados idênticos (ordered=False).
124,car_1,What are the names and ids of all countries with at least one car maker?,"SELECT T1.CountryName ,  T1.CountryId FROM COUNTRIES AS T1 JOIN CAR_MAKERS AS T2 ON T1.CountryId  =  T2.Country GROUP BY T1.CountryId HAVING count(*)  >=  1;","SELECT T2.CountryName, T1.Id FROM car_makers AS T1 JOIN countries AS T2 ON T1.Country = T2.CountryId GROUP BY T2.CountryName, T1.Id HAVING COUNT(T1.Id) > 0","SELECT T2.CountryName, T1.Id FROM car_makers AS T1 JOIN countries AS T2 ON T1.Country = T2.CountryId GROUP BY T2.CountryName, T1.Id HAVING COUNT(T1.Id) > 0",0.0,"Resultados divergentes (ordered=False). gold=8 linhas, pred=22 linhas."
125,car_1,What is the number of the cars with horsepower more than 150?,SELECT count(*) FROM CARS_DATA WHERE horsepower  >  150;,SELECT COUNT(*) FROM cars_data WHERE Horsepower > 150,SELECT COUNT(*) FROM cars_data WHERE Horsepower > 150,1.0,Resultados idênticos (ordered=False).
126,car_1,What is the number of cars with a horsepower greater than 150?,SELECT count(*) FROM CARS_DATA WHERE horsepower  >  150;,SELECT COUNT(*) FROM cars_data WHERE Horsepower > 150,SELECT COUNT(*) FROM cars_data WHERE Horsepower > 150,1.0,Resultados idênticos (ordered=False).
127,car_1,What is the average weight of cars each year?,"SELECT avg(Weight) ,  YEAR FROM CARS_DATA GROUP BY YEAR;","SELECT AVG(cars_data.Weight), cars_data.Year FROM cars_data JOIN car_names ON cars_data.MakeId = car_names.MakeId GROUP BY cars_data.Year","SELECT AVG(cars_data.Weight), cars_data.Year FROM cars_data JOIN car_names ON cars_data.MakeId = car_names.MakeId GROUP BY cars_data.Year",0.0,Falha ao executar a consulta gerada: no such column: cars_data.MakeId
128,car_1,What is the average weight and year for each year?,"SELECT avg(Weight) ,  YEAR FROM CARS_DATA GROUP BY YEAR;","SELECT YEAR, AVG(Weight), AVG(Year) FROM cars_data GROUP BY YEAR","SELECT YEAR, AVG(Weight), AVG(Year) FROM cars_data GROUP BY YEAR",0.0,"Resultados divergentes (ordered=False). gold=13 linhas, pred=13 linhas."
129,car_1,Which countries in europe have at least 3 car manufacturers?,SELECT T1.CountryName FROM COUNTRIES AS T1 JOIN CONTINENTS AS T2 ON T1.Continent  =  T2.ContId JOIN CAR_MAKERS AS T3 ON T1.CountryId  =  T3.Country WHERE T2.Continent  =  'europe' GROUP BY T1.CountryName HAVING count(*)  >=  3;,SELECT DISTINCT c.CountryName FROM countries c JOIN car_makers cm ON c.CountryId = cm.Country WHERE c.Continent = 'Europe' GROUP BY c.CountryName HAVING COUNT(cm.Id) >= 3,SELECT DISTINCT c.CountryName FROM countries c JOIN car_makers cm ON c.CountryId = cm.Country WHERE c.Continent = 'Europe' GROUP BY c.CountryName HAVING COUNT(cm.Id) >= 3,0.0,"Resultados divergentes (ordered=False). gold=2 linhas, pred=0 linhas."
130,car_1,What are the names of all European countries with at least 3 manufacturers?,SELECT T1.CountryName FROM COUNTRIES AS T1 JOIN CONTINENTS AS T2 ON T1.Continent  =  T2.ContId JOIN CAR_MAKERS AS T3 ON T1.CountryId  =  T3.Country WHERE T2.Continent  =  'europe' GROUP BY T1.CountryName HAVING count(*)  >=  3;,SELECT c.CountryName FROM countries c JOIN continents co ON c.Continent = co.ContId JOIN car_makers cm ON c.CountryId = cm.Country WHERE co.Continent = 'Europe' GROUP BY c.CountryName HAVING COUNT(cm.Id) >= 3,SELECT c.CountryName FROM countries c JOIN continents co ON c.Continent = co.ContId JOIN car_makers cm ON c.CountryId = cm.Country WHERE co.Continent = 'Europe' GROUP BY c.CountryName HAVING COUNT(cm.Id) >= 3,0.0,"Resultados divergentes (ordered=False). gold=2 linhas, pred=0 linhas."
131,car_1,What is the maximum horsepower and the make of the car models with 3 cylinders?,"SELECT T2.horsepower ,  T1.Make FROM CAR_NAMES AS T1 JOIN CARS_DATA AS T2 ON T1.MakeId  =  T2.Id WHERE T2.cylinders  =  3 ORDER BY T2.horsepower DESC LIMIT 1;","SELECT MAX(cars_data.Horsepower), cm.Make FROM cars_data AS cars_data JOIN car_names AS cn ON cars_data.MakeId = cn.MakeId JOIN car_makers AS cm ON cn.Make = cm.Make WHERE cars_data.Cylinders = 3 GROUP BY cm.Make ORDER BY MAX(cars_data.Horsepower) DESC LIMIT 1","SELECT MAX(cars_data.Horsepower), cm.Make FROM cars_data AS cars_data JOIN car_names AS cn ON cars_data.MakeId = cn.MakeId JOIN car_makers AS cm ON cn.Make = cm.Make WHERE cars_data.Cylinders = 3 GROUP BY cm.Make ORDER BY MAX(cars_data.Horsepower) DESC LIMIT 1",0.0,Falha ao executar a consulta gerada: no such column: cm.Make
132,car_1,What is the largest amount of horsepower for the models with 3 cylinders and what make is it?,"SELECT T2.horsepower ,  T1.Make FROM CAR_NAMES AS T1 JOIN CARS_DATA AS T2 ON T1.MakeId  =  T2.Id WHERE T2.cylinders  =  3 ORDER BY T2.horsepower DESC LIMIT 1;","SELECT MAX(T1.Horsepower), T2.Make FROM cars_data AS T1 JOIN car_names AS T2 ON T1.MakeId = T2.MakeId WHERE T1.Cylinders = 3 GROUP BY T2.Make ORDER BY T1.Horsepower DESC LIMIT 1","SELECT MAX(T1.Horsepower), T2.Make FROM cars_data AS T1 JOIN car_names AS T2 ON T1.MakeId = T2.MakeId WHERE T1.Cylinders = 3 GROUP BY T2.Make ORDER BY T1.Horsepower DESC LIMIT 1",0.0,Falha ao executar a consulta gerada: no such column: T1.MakeId
133,car_1,"Which model saves the most gasoline? That is to say, have the maximum miles per gallon.",SELECT T1.Model FROM CAR_NAMES AS T1 JOIN CARS_DATA AS T2 ON T1.MakeId  =  T2.Id ORDER BY T2.mpg DESC LIMIT 1;,SELECT Model FROM car_names WHERE MakeId IN (SELECT MakeId FROM cars_data GROUP BY MakeId ORDER BY MAX(MPG) DESC LIMIT 1) LIMIT 1,SELECT Model FROM car_names WHERE MakeId IN (SELECT MakeId FROM cars_data GROUP BY MakeId ORDER BY MAX(MPG) DESC LIMIT 1) LIMIT 1,0.0,Falha ao executar a consulta gerada: no such column: MakeId
134,car_1,What is the car model with the highest mpg ?,select t1.model from car_names as t1 join cars_data as t2 on t1.makeid  =  t2.id order by t2.mpg desc limit 1;,SELECT Model FROM car_names WHERE MakeId IN (SELECT MakeId FROM cars_data ORDER BY MPG DESC LIMIT 1),SELECT Model FROM car_names WHERE MakeId IN (SELECT MakeId FROM cars_data ORDER BY MPG DESC LIMIT 1),0.0,"Resultados divergentes (ordered=True). gold=1 linhas, pred=406 linhas."
135,car_1,What is the average horsepower of the cars before 1980?,SELECT avg(horsepower) FROM CARS_DATA WHERE YEAR  <  1980;,SELECT AVG(Horsepower) FROM cars_data WHERE Year < 1980,SELECT AVG(Horsepower) FROM cars_data WHERE Year < 1980,1.0,Resultados idênticos (ordered=False).
136,car_1,What is the average horsepower for all cars produced before 1980 ?,select avg(horsepower) from cars_data where year  <  1980;,SELECT AVG(Horsepower) FROM cars_data WHERE Year < 1980,SELECT AVG(Horsepower) FROM cars_data WHERE Year < 1980,1.0,Resultados idênticos (ordered=False).
137,car_1,What is the average edispl of the cars of model volvo?,SELECT avg(T2.edispl) FROM CAR_NAMES AS T1 JOIN CARS_DATA AS T2 ON T1.MakeId  =  T2.Id WHERE T1.Model  =  'volvo';,SELECT AVG(Hedispl) FROM cars_data JOIN car_names ON cars_data.MakeId = car_names.MakeId WHERE car_names.Model = 'volvo',SELECT AVG(Hedispl) FROM cars_data JOIN car_names ON cars_data.MakeId = car_names.MakeId WHERE car_names.Model = 'volvo',0.0,Falha ao executar a consulta gerada: no such column: Hedispl
138,car_1,What is the average edispl for all volvos?,SELECT avg(T2.edispl) FROM CAR_NAMES AS T1 JOIN CARS_DATA AS T2 ON T1.MakeId  =  T2.Id WHERE T1.Model  =  'volvo';,SELECT AVG(T1.Edispl) FROM cars_data AS T1 JOIN car_names AS T2 ON T1.MakeId = T2.MakeId JOIN car_makers AS T3 ON T2.Make = T3.Maker WHERE T3.Maker = 'Volvo',SELECT AVG(T1.Edispl) FROM cars_data AS T1 JOIN car_names AS T2 ON T1.MakeId = T2.MakeId JOIN car_makers AS T3 ON T2.Make = T3.Maker WHERE T3.Maker = 'Volvo',0.0,Falha ao executar a consulta gerada: no such column: T1.MakeId
139,car_1,What is the maximum accelerate for different number of cylinders?,"SELECT max(Accelerate) ,  Cylinders FROM CARS_DATA GROUP BY Cylinders;","SELECT T2.Cylinders, MAX(T1.Accelerate) FROM cars_data AS T1 JOIN car_names AS T2 ON T1.MakeId = T2.MakeId GROUP BY T2.Cylinders","SELECT T2.Cylinders, MAX(T1.Accelerate) FROM cars_data AS T1 JOIN car_names AS T2 ON T1.MakeId = T2.MakeId GROUP BY T2.Cylinders",0.0,Falha ao executar a consulta gerada: no such column: T2.Cylinders
140,car_1,What is the maximum accelerate for all the different cylinders?,"SELECT max(Accelerate) ,  Cylinders FROM CARS_DATA GROUP BY Cylinders;","SELECT MAX(cars_data.Accelerate), car_names.Cylinders FROM cars_data JOIN car_names ON cars_data.MakeId = car_names.MakeId GROUP BY car_names.Cylinders","SELECT MAX(cars_data.Accelerate), car_names.Cylinders FROM cars_data JOIN car_names ON cars_data.MakeId = car_names.MakeId GROUP BY car_names.Cylinders",0.0,Falha ao executar a consulta gerada: no such column: car_names.Cylinders
141,car_1,Which model has the most version(make) of cars?,SELECT Model FROM CAR_NAMES GROUP BY Model ORDER BY count(*) DESC LIMIT 1;,"SELECT Model, COUNT(*) AS VersionCount FROM model_list GROUP BY Model ORDER BY VersionCount DESC LIMIT 1","SELECT Model, COUNT(*) AS VersionCount FROM model_list GROUP BY Model ORDER BY VersionCount DESC LIMIT 1",0.0,"Resultados divergentes (ordered=True). gold=1 linhas, pred=1 linhas."
142,car_1,What model has the most different versions?,SELECT Model FROM CAR_NAMES GROUP BY Model ORDER BY count(*) DESC LIMIT 1;,"SELECT Model, COUNT(*) as VersionCount FROM model_list GROUP BY Model ORDER BY VersionCount DESC LIMIT 1","SELECT Model, COUNT(*) as VersionCount FROM model_list GROUP BY Model ORDER BY VersionCount DESC LIMIT 1",0.0,"Resultados divergentes (ordered=True). gold=1 linhas, pred=1 linhas."
143,car_1,How many cars have more than 4 cylinders?,SELECT count(*) FROM CARS_DATA WHERE Cylinders  >  4;,SELECT COUNT(*) FROM cars_data WHERE Cylinders > 4,SELECT COUNT(*) FROM cars_data WHERE Cylinders > 4,1.0,Resultados idênticos (ordered=False).
144,car_1,What is the number of cars with more than 4 cylinders?,SELECT count(*) FROM CARS_DATA WHERE Cylinders  >  4;,SELECT COUNT(*) FROM cars_data WHERE Cylinders > 4,SELECT COUNT(*) FROM cars_data WHERE Cylinders > 4,1.0,Resultados idênticos (ordered=False).
145,car_1,how many cars were produced in 1980?,SELECT count(*) FROM CARS_DATA WHERE YEAR  =  1980;,SELECT COUNT(*) FROM cars_data WHERE Year = 1980,SELECT COUNT(*) FROM cars_data WHERE Year = 1980,1.0,Resultados idênticos (ordered=False).
146,car_1,"In 1980, how many cars were made?",SELECT count(*) FROM CARS_DATA WHERE YEAR  =  1980;,SELECT COUNT(DISTINCT T3.MakeId) FROM cars_data AS T1 JOIN car_names AS T2 ON T1.MakeId = T2.MakeId WHERE T1.Year = 1980,SELECT COUNT(DISTINCT T3.MakeId) FROM cars_data AS T1 JOIN car_names AS T2 ON T1.MakeId = T2.MakeId WHERE T1.Year = 1980,0.0,Falha ao executar a consulta gerada: no such column: T3.MakeId
147,car_1,How many car models were produced by the maker with full name American Motor Company?,SELECT count(*) FROM CAR_MAKERS AS T1 JOIN MODEL_LIST AS T2 ON T1.Id  =  T2.Maker WHERE T1.FullName  =  'American Motor Company';,SELECT COUNT(DISTINCT T2.ModelId) FROM car_makers AS T1 JOIN car_names AS T2 ON T1.Id = T2.Make WHERE T1.FullName = 'American Motor Company',SELECT COUNT(DISTINCT T2.ModelId) FROM car_makers AS T1 JOIN car_names AS T2 ON T1.Id = T2.Make WHERE T1.FullName = 'American Motor Company',0.0,Falha ao executar a consulta gerada: no such column: T2.ModelId
148,car_1,What is the number of car models created by the car maker American Motor Company?,SELECT count(*) FROM CAR_MAKERS AS T1 JOIN MODEL_LIST AS T2 ON T1.Id  =  T2.Maker WHERE T1.FullName  =  'American Motor Company';,SELECT COUNT(DISTINCT Model) FROM car_names WHERE Make = 'American Motor Company',SELECT COUNT(DISTINCT Model) FROM car_names WHERE Make = 'American Motor Company',0.0,"Resultados divergentes (ordered=False). gold=1 linhas, pred=1 linhas."
149,car_1,Which makers designed more than 3 car models? List full name and the id.,"SELECT T1.FullName ,  T1.Id FROM CAR_MAKERS AS T1 JOIN MODEL_LIST AS T2 ON T1.Id  =  T2.Maker GROUP BY T1.Id HAVING count(*)  >  3;","SELECT T1.FullName, T1.Id FROM car_makers AS T1 JOIN car_names AS T2 ON T1.Id = T2.Make WHERE T2.Make IN (SELECT Make FROM car_names GROUP BY Make HAVING COUNT(Make) > 3) GROUP BY T1.Id, T1.FullName","SELECT T1.FullName, T1.Id FROM car_makers AS T1 JOIN car_names AS T2 ON T1.Id = T2.Make WHERE T2.Make IN (SELECT Make FROM car_names GROUP BY Make HAVING COUNT(Make) > 3) GROUP BY T1.Id, T1.FullName",0.0,"Resultados divergentes (ordered=False). gold=2 linhas, pred=0 linhas."
150,car_1,What are the names and ids of all makers with more than 3 models?,"SELECT T1.FullName ,  T1.Id FROM CAR_MAKERS AS T1 JOIN MODEL_LIST AS T2 ON T1.Id  =  T2.Maker GROUP BY T1.Id HAVING count(*)  >  3;","SELECT Maker, Id FROM car_makers WHERE Id IN (SELECT Maker FROM model_list GROUP BY Maker HAVING COUNT(Model) > 3)","SELECT Maker, Id FROM car_makers WHERE Id IN (SELECT Maker FROM model_list GROUP BY Maker HAVING COUNT(Model) > 3)",0.0,"Resultados divergentes (ordered=False). gold=2 linhas, pred=2 linhas."
151,car_1,Which distinctive models are produced by maker with the full name General Motors or weighing more than 3500?,SELECT DISTINCT T2.Model FROM CAR_NAMES AS T1 JOIN MODEL_LIST AS T2 ON T1.Model  =  T2.Model JOIN CAR_MAKERS AS T3 ON T2.Maker  =  T3.Id JOIN CARS_DATA AS T4 ON T1.MakeId  =  T4.Id WHERE T3.FullName  =  'General Motors' OR T4.weight  >  3500;,SELECT DISTINCT Model FROM car_names WHERE Make = 'General Motors' OR Weight > 3500,SELECT DISTINCT Model FROM car_names WHERE Make = 'General Motors' OR Weight > 3500,0.0,Falha ao executar a consulta gerada: no such column: Weight
152,car_1,What are the different models created by either the car maker General Motors or weighed more than 3500?,SELECT DISTINCT T2.Model FROM CAR_NAMES AS T1 JOIN MODEL_LIST AS T2 ON T1.Model  =  T2.Model JOIN CAR_MAKERS AS T3 ON T2.Maker  =  T3.Id JOIN CARS_DATA AS T4 ON T1.MakeId  =  T4.Id WHERE T3.FullName  =  'General Motors' OR T4.weight  >  3500;,SELECT DISTINCT Model FROM car_names WHERE Make IN ('General Motors') OR Id IN (SELECT Id FROM cars_data WHERE Weight > 3500),SELECT DISTINCT Model FROM car_names WHERE Make IN ('General Motors') OR Id IN (SELECT Id FROM cars_data WHERE Weight > 3500),0.0,Falha ao executar a consulta gerada: no such column: Id
153,car_1,In which years cars were produced weighing no less than 3000 and no more than 4000 ?,select distinct year from cars_data where weight between 3000 and 4000;,SELECT DISTINCT Year FROM cars_data WHERE Weight BETWEEN 3000 AND 4000,SELECT DISTINCT Year FROM cars_data WHERE Weight BETWEEN 3000 AND 4000,1.0,Resultados idênticos (ordered=False).
154,car_1,What are the different years in which there were cars produced that weighed less than 4000 and also cars that weighted more than 3000 ?,select distinct year from cars_data where weight between 3000 and 4000;,SELECT DISTINCT Year FROM cars_data WHERE Weight < 4000 INTERSECT SELECT DISTINCT Year FROM cars_data WHERE Weight > 3000,SELECT DISTINCT Year FROM cars_data WHERE Weight < 4000 INTERSECT SELECT DISTINCT Year FROM cars_data WHERE Weight > 3000,1.0,Resultados idênticos (ordered=False).
155,car_1,What is the horsepower of the car with the largest accelerate?,SELECT T1.horsepower FROM CARS_DATA AS T1 ORDER BY T1.accelerate DESC LIMIT 1;,SELECT T3.Horsepower FROM cars_data AS T1 JOIN car_names AS T2 ON T1.MakeId = T2.MakeId JOIN car_makers AS T4 ON T2.Make = T4.Maker ORDER BY T1.Accelerate DESC LIMIT 1;,SELECT T3.Horsepower FROM cars_data AS T1 JOIN car_names AS T2 ON T1.MakeId = T2.MakeId JOIN car_makers AS T4 ON T2.Make = T4.Maker ORDER BY T1.Accelerate DESC LIMIT 1,0.0,Falha ao executar a consulta gerada: no such column: T3.Horsepower
156,car_1,What is the horsepower of the car with the greatest accelerate?,SELECT T1.horsepower FROM CARS_DATA AS T1 ORDER BY T1.accelerate DESC LIMIT 1;,SELECT MAX(T1.Horsepower) FROM cars_data AS T1 JOIN car_names AS T2 ON T1.MakeId = T2.MakeId WHERE T1.Accelerate = (SELECT MAX(Accelerate) FROM cars_data),SELECT MAX(T1.Horsepower) FROM cars_data AS T1 JOIN car_names AS T2 ON T1.MakeId = T2.MakeId WHERE T1.Accelerate = (SELECT MAX(Accelerate) FROM cars_data),0.0,Falha ao executar a consulta gerada: no such column: T1.MakeId
157,car_1,"For model volvo, how many cylinders does the car with the least accelerate have?",SELECT T1.cylinders FROM CARS_DATA AS T1 JOIN CAR_NAMES AS T2 ON T1.Id  =  T2.MakeId WHERE T2.Model  =  'volvo' ORDER BY T1.accelerate ASC LIMIT 1;,SELECT MIN(cars_data.Cylinders) FROM cars_data JOIN car_names ON cars_data.MakeId = car_names.MakeId WHERE car_names.Model = 'volvo' ORDER BY cars_data.accelerate LIMIT 1,SELECT MIN(cars_data.Cylinders) FROM cars_data JOIN car_names ON cars_data.MakeId = car_names.MakeId WHERE car_names.Model = 'volvo' ORDER BY cars_data.accelerate LIMIT 1,0.0,Falha ao executar a consulta gerada: no such column: cars_data.MakeId
158,car_1,"For a volvo model, how many cylinders does the version with least accelerate have?",SELECT T1.cylinders FROM CARS_DATA AS T1 JOIN CAR_NAMES AS T2 ON T1.Id  =  T2.MakeId WHERE T2.Model  =  'volvo' ORDER BY T1.accelerate ASC LIMIT 1;,SELECT T2.Cylinders FROM car_names AS T1 JOIN cars_data AS T2 ON T1.MakeId = T2.Id WHERE T1.Model = 'Volvo' ORDER BY T2.Accelerate LIMIT 1,SELECT T2.Cylinders FROM car_names AS T1 JOIN cars_data AS T2 ON T1.MakeId = T2.Id WHERE T1.Model = 'Volvo' ORDER BY T2.Accelerate LIMIT 1,0.0,"Resultados divergentes (ordered=True). gold=1 linhas, pred=0 linhas."
159,car_1,How many cars have a larger accelerate than the car with the largest horsepower?,SELECT COUNT(*) FROM CARS_DATA WHERE Accelerate  >  ( SELECT Accelerate FROM CARS_DATA ORDER BY Horsepower DESC LIMIT 1 );,SELECT COUNT(*) FROM cars_data WHERE Accelerate > (SELECT MAX(Horsepower) FROM cars_data),SELECT COUNT(*) FROM cars_data WHERE Accelerate > (SELECT MAX(Horsepower) FROM cars_data),0.0,"Resultados divergentes (ordered=True). gold=1 linhas, pred=1 linhas."
160,car_1,What is the number of cars with a greater accelerate than the one with the most horsepower?,SELECT COUNT(*) FROM CARS_DATA WHERE Accelerate  >  ( SELECT Accelerate FROM CARS_DATA ORDER BY Horsepower DESC LIMIT 1 );,SELECT COUNT(*) FROM cars_data WHERE Accelerate > (SELECT MAX(Horsepower) FROM cars_data),SELECT COUNT(*) FROM cars_data WHERE Accelerate > (SELECT MAX(Horsepower) FROM cars_data),0.0,"Resultados divergentes (ordered=True). gold=1 linhas, pred=1 linhas."
161,car_1,How many countries has more than 2 car makers ?,select count(*) from countries as t1 join car_makers as t2 on t1.countryid  =  t2.country group by t1.countryid having count(*)  >  2,"SELECT COUNT(DISTINCT T1.CountryName) 
FROM countries AS T1 
JOIN car_makers AS T2 ON T1.CountryName = T2.Country 
GROUP BY T1.CountryName 
HAVING COUNT(T2.Maker) > 2","SELECT COUNT(DISTINCT T1.CountryName) 
FROM countries AS T1 
JOIN car_makers AS T2 ON T1.CountryName = T2.Country 
GROUP BY T1.CountryName 
HAVING COUNT(T2.Maker) > 2",0.0,"Resultados divergentes (ordered=False). gold=4 linhas, pred=0 linhas."
162,car_1,What is the number of countries with more than 2 car makers ?,select count(*) from countries as t1 join car_makers as t2 on t1.countryid  =  t2.country group by t1.countryid having count(*)  >  2,SELECT COUNT(DISTINCT T1.CountryName) FROM countries AS T1 JOIN car_makers AS T2 ON T1.CountryName = T2.Country GROUP BY T1.CountryName HAVING COUNT(T2.Maker) > 2,SELECT COUNT(DISTINCT T1.CountryName) FROM countries AS T1 JOIN car_makers AS T2 ON T1.CountryName = T2.Country GROUP BY T1.CountryName HAVING COUNT(T2.Maker) > 2,0.0,"Resultados divergentes (ordered=False). gold=4 linhas, pred=0 linhas."
163,car_1,How many cars has over 6 cylinders?,SELECT COUNT(*) FROM CARS_DATA WHERE Cylinders  >  6;,SELECT COUNT(*) FROM cars_data WHERE Cylinders > 6,SELECT COUNT(*) FROM cars_data WHERE Cylinders > 6,1.0,Resultados idênticos (ordered=False).
164,car_1,What is the number of carsw ith over 6 cylinders?,SELECT COUNT(*) FROM CARS_DATA WHERE Cylinders  >  6;,SELECT COUNT(*) FROM cars_data WHERE Cylinders > 6,SELECT COUNT(*) FROM cars_data WHERE Cylinders > 6,1.0,Resultados idênticos (ordered=False).
165,car_1,"For the cars with 4 cylinders, which model has the largest horsepower?",SELECT T1.Model FROM CAR_NAMES AS T1 JOIN CARS_DATA AS T2 ON T1.MakeId  =  T2.Id WHERE T2.Cylinders  =  4 ORDER BY T2.horsepower DESC LIMIT 1;,SELECT Model FROM car_names WHERE MakeId IN (SELECT MakeId FROM cars_data WHERE Cylinders = 4 ORDER BY Horsepower DESC LIMIT 1),SELECT Model FROM car_names WHERE MakeId IN (SELECT MakeId FROM cars_data WHERE Cylinders = 4 ORDER BY Horsepower DESC LIMIT 1),0.0,"Resultados divergentes (ordered=True). gold=1 linhas, pred=406 linhas."
166,car_1,"For all of the 4 cylinder cars, which model has the most horsepower?",SELECT T1.Model FROM CAR_NAMES AS T1 JOIN CARS_DATA AS T2 ON T1.MakeId  =  T2.Id WHERE T2.Cylinders  =  4 ORDER BY T2.horsepower DESC LIMIT 1;,SELECT T2.Model FROM cars_data AS T1 JOIN car_names AS T2 ON T1.Id = T2.MakeId WHERE T1.Cylinders = 4 ORDER BY T1.Horsepower DESC LIMIT 1,SELECT T2.Model FROM cars_data AS T1 JOIN car_names AS T2 ON T1.Id = T2.MakeId WHERE T1.Cylinders = 4 ORDER BY T1.Horsepower DESC LIMIT 1,1.0,Resultados idênticos (ordered=True).
167,car_1,"Among the cars with more than lowest horsepower, which ones do not have more than 3 cylinders? List the car makeid and make name.","SELECT T2.MakeId ,  T2.Make FROM CARS_DATA AS T1 JOIN CAR_NAMES AS T2 ON T1.Id  =  T2.MakeId WHERE T1.Horsepower  >  (SELECT min(Horsepower) FROM CARS_DATA) AND T1.Cylinders  <=  3;","SELECT T1.MakeId, T1.Make FROM car_names AS T1 JOIN cars_data AS T2 ON T1.MakeId = T2.MakeId WHERE T2.Horsepower > (SELECT MIN(Horsepower) FROM cars_data) AND T2.Cylinders <= 3","SELECT T1.MakeId, T1.Make FROM car_names AS T1 JOIN cars_data AS T2 ON T1.MakeId = T2.MakeId WHERE T2.Horsepower > (SELECT MIN(Horsepower) FROM cars_data) AND T2.Cylinders <= 3",0.0,Falha ao executar a consulta gerada: no such column: T2.MakeId
168,car_1,"Among the cars that do not have the minimum horsepower , what are the make ids and names of all those with less than 4 cylinders ?","select t2.makeid ,  t2.make from cars_data as t1 join car_names as t2 on t1.id  =  t2.makeid where t1.horsepower  >  (select min(horsepower) from cars_data) and t1.cylinders  <  4;","SELECT T1.MakeId, T1.FullName FROM car_makers AS T1 JOIN cars_data AS T2 ON T1.Id = T2.MakeId WHERE T2.Cylinders < 4 AND T2.Horsepower NOT IN (SELECT MIN(Horsepower) FROM cars_data)","SELECT T1.MakeId, T1.FullName FROM car_makers AS T1 JOIN cars_data AS T2 ON T1.Id = T2.MakeId WHERE T2.Cylinders < 4 AND T2.Horsepower NOT IN (SELECT MIN(Horsepower) FROM cars_data)",0.0,Falha ao executar a consulta gerada: no such column: T1.MakeId
169,car_1,What is the maximum miles per gallon of the car with 8 cylinders or produced before 1980 ?,select max(mpg) from cars_data where cylinders  =  8 or year  <  1980,SELECT MAX(T1.MPG) FROM cars_data AS T1 JOIN car_names AS T2 ON T1.MakeId = T2.MakeId WHERE T1.Cylinders = 8 OR T1.Year < 1980,SELECT MAX(T1.MPG) FROM cars_data AS T1 JOIN car_names AS T2 ON T1.MakeId = T2.MakeId WHERE T1.Cylinders = 8 OR T1.Year < 1980,0.0,Falha ao executar a consulta gerada: no such column: T1.MakeId
170,car_1,What is the maximum mpg of the cars that had 8 cylinders or that were produced before 1980 ?,select max(mpg) from cars_data where cylinders  =  8 or year  <  1980,SELECT MAX(T1.MPG) FROM cars_data AS T1 JOIN car_names AS T2 ON T1.MakeId = T2.MakeId WHERE T1.Cylinders = 8 OR T1.Year < 1980,SELECT MAX(T1.MPG) FROM cars_data AS T1 JOIN car_names AS T2 ON T1.MakeId = T2.MakeId WHERE T1.Cylinders = 8 OR T1.Year < 1980,0.0,Falha ao executar a consulta gerada: no such column: T1.MakeId
171,car_1,Which models are lighter than 3500 but not built by the 'Ford Motor Company'?,SELECT DISTINCT T1.model FROM MODEL_LIST AS T1 JOIN CAR_NAMES AS T2 ON T1.Model  =  T2.Model JOIN CARS_DATA AS T3 ON T2.MakeId  =  T3.Id JOIN CAR_MAKERS AS T4 ON T1.Maker  =  T4.Id WHERE T3.weight  <  3500 AND T4.FullName != 'Ford Motor Company';,SELECT Model FROM model_list WHERE Maker != 1 AND Weight < 3500,SELECT Model FROM model_list WHERE Maker != 1 AND Weight < 3500,0.0,Falha ao executar a consulta gerada: no such column: Weight
172,car_1,What are the different models wthat are lighter than 3500 but were not built by the Ford Motor Company?,SELECT DISTINCT T1.model FROM MODEL_LIST AS T1 JOIN CAR_NAMES AS T2 ON T1.Model  =  T2.Model JOIN CARS_DATA AS T3 ON T2.MakeId  =  T3.Id JOIN CAR_MAKERS AS T4 ON T1.Maker  =  T4.Id WHERE T3.weight  <  3500 AND T4.FullName != 'Ford Motor Company';,SELECT DISTINCT T2.Model FROM cars_data AS T1 JOIN car_names AS T2 ON T1.Id = T2.MakeId WHERE T1.Weight < 3500 AND T2.Make != 'Ford',SELECT DISTINCT T2.Model FROM cars_data AS T1 JOIN car_names AS T2 ON T1.Id = T2.MakeId WHERE T1.Weight < 3500 AND T2.Make != 'Ford',0.0,"Resultados divergentes (ordered=False). gold=26 linhas, pred=30 linhas."
173,car_1,What are the name of the countries where there is not a single car maker?,SELECT CountryName FROM countries EXCEPT SELECT T1.CountryName FROM countries AS T1 JOIN CAR_MAKERS AS T2 ON T1.countryId  =  T2.Country;,SELECT DISTINCT CountryName FROM countries EXCEPT SELECT T2.CountryName FROM car_makers AS T1 JOIN countries AS T2 ON T1.Continent = T2.ContId,SELECT DISTINCT CountryName FROM countries EXCEPT SELECT T2.CountryName FROM car_makers AS T1 JOIN countries AS T2 ON T1.Continent = T2.ContId,0.0,Falha ao executar a consulta gerada: no such column: T1.Continent
174,car_1,What are the names of the countries with no car makers?,SELECT CountryName FROM countries EXCEPT SELECT T1.CountryName FROM countries AS T1 JOIN CAR_MAKERS AS T2 ON T1.countryId  =  T2.Country;,SELECT c.CountryName FROM countries c LEFT JOIN car_makers cm ON c.CountryId = cm.Country WHERE cm.Id IS NULL,SELECT c.CountryName FROM countries c LEFT JOIN car_makers cm ON c.CountryId = cm.Country WHERE cm.Id IS NULL,1.0,Resultados idênticos (ordered=False).
175,car_1,Which are the car makers which produce at least 2 models and more than 3 car makers ? List the id and the maker .,"select t1.id ,  t1.maker from car_makers as t1 join model_list as t2 on t1.id  =  t2.maker group by t1.id having count(*)  >=  2 intersect select t1.id ,  t1.maker from car_makers as t1 join model_list as t2 on t1.id  =  t2.maker join car_names as t3 on t2.model  =  t3.model group by t1.id having count(*)  >  3;","SELECT Maker, Id FROM car_makers WHERE Id IN (
    SELECT Maker FROM car_makers GROUP BY Maker HAVING COUNT(Id) >= 2 AND COUNT(Id) > 3
) GROUP BY Maker, Id","SELECT Maker, Id FROM car_makers WHERE Id IN (
    SELECT Maker FROM car_makers GROUP BY Maker HAVING COUNT(Id) >= 2 AND COUNT(Id) > 3
) GROUP BY Maker, Id",0.0,"Resultados divergentes (ordered=False). gold=6 linhas, pred=0 linhas."
176,car_1,What are the ids and makers of all car makers that produce at least 2 models and make more than 3 cars?,"SELECT T1.Id ,  T1.Maker FROM CAR_MAKERS AS T1 JOIN MODEL_LIST AS T2 ON T1.Id  =  T2.Maker GROUP BY T1.Id HAVING count(*)  >=  2 INTERSECT SELECT T1.Id ,  T1.Maker FROM CAR_MAKERS AS T1 JOIN MODEL_LIST AS T2 ON T1.Id  =  T2.Maker JOIN CAR_NAMES AS T3 ON T2.model  =  T3.model GROUP BY T1.Id HAVING count(*)  >  3;","SELECT Maker, Id FROM car_makers WHERE Id IN (SELECT MakeId FROM model_list GROUP BY MakeId HAVING COUNT(Model) >= 2 AND EXISTS (SELECT MakeId FROM cars_data WHERE MakeId = car_makers.Id GROUP BY MakeId HAVING COUNT(Id) > 3))","SELECT Maker, Id FROM car_makers WHERE Id IN (SELECT MakeId FROM model_list GROUP BY MakeId HAVING COUNT(Model) >= 2 AND EXISTS (SELECT MakeId FROM cars_data WHERE MakeId = car_makers.Id GROUP BY MakeId HAVING COUNT(Id) > 3))",0.0,Falha ao executar a consulta gerada: no such column: MakeId
177,car_1,What are the id and names of the countries which have more than 3 car makers or produce the 'fiat' model?,"SELECT T1.countryId ,  T1.CountryName FROM Countries AS T1 JOIN CAR_MAKERS AS T2 ON T1.CountryId  =  T2.Country GROUP BY T1.countryId HAVING count(*)  >  3 UNION SELECT T1.countryId ,  T1.CountryName FROM Countries AS T1 JOIN CAR_MAKERS AS T2 ON T1.CountryId  =  T2.Country JOIN MODEL_LIST AS T3 ON T2.Id  =  T3.Maker WHERE T3.Model  =  'fiat';","SELECT C.CountryId, C.CountryName FROM countries AS C JOIN car_makers AS M ON C.Continent = M.Country JOIN car_names AS N ON M.Id = N.MakeId WHERE M.Maker IN (SELECT Make FROM car_names GROUP BY Make HAVING COUNT(Id) > 3) OR N.Model = 'fiat' GROUP BY C.CountryId, C.CountryName","SELECT C.CountryId, C.CountryName FROM countries AS C JOIN car_makers AS M ON C.Continent = M.Country JOIN car_names AS N ON M.Id = N.MakeId WHERE M.Maker IN (SELECT Make FROM car_names GROUP BY Make HAVING COUNT(Id) > 3) OR N.Model = 'fiat' GROUP BY C.CountryId, C.CountryName",0.0,Falha ao executar a consulta gerada: misuse of aggregate: COUNT()
178,car_1,What are the ids and names of all countries that either have more than 3 car makers or produce fiat model ?,"select t1.countryid ,  t1.countryname from countries as t1 join car_makers as t2 on t1.countryid  =  t2.country group by t1.countryid having count(*)  >  3 union select t1.countryid ,  t1.countryname from countries as t1 join car_makers as t2 on t1.countryid  =  t2.country join model_list as t3 on t2.id  =  t3.maker where t3.model  =  'fiat';","SELECT T1.CountryId, T2.FullName FROM countries AS T1 JOIN car_makers AS T2 ON T1.CountryId = T2.Country WHERE T2.Id IN (SELECT MakeId FROM car_names GROUP BY MakeId HAVING COUNT(Id) > 3) OR T2.Maker = 'Fiat' AND T2.Model IN (SELECT Model FROM car_names)","SELECT T1.CountryId, T2.FullName FROM countries AS T1 JOIN car_makers AS T2 ON T1.CountryId = T2.Country WHERE T2.Id IN (SELECT MakeId FROM car_names GROUP BY MakeId HAVING COUNT(Id) > 3) OR T2.Maker = 'Fiat' AND T2.Model IN (SELECT Model FROM car_names)",0.0,Falha ao executar a consulta gerada: no such column: T2.Model
179,flight_2,"Which country does Airline ""JetBlue Airways"" belong to?","SELECT Country FROM AIRLINES WHERE Airline  =  ""JetBlue Airways""",SELECT Country FROM airlines WHERE Airline = 'JetBlue Airways',SELECT Country FROM airlines WHERE Airline = 'JetBlue Airways',1.0,Resultados idênticos (ordered=False).
180,flight_2,What country is Jetblue Airways affiliated with?,"SELECT Country FROM AIRLINES WHERE Airline  =  ""JetBlue Airways""",SELECT T1.Country FROM airlines AS T1 JOIN flights AS T2 ON airlines.Airline = T2.Airline WHERE airlines.Abbreviation = 'Jetblue',SELECT T1.Country FROM airlines AS T1 JOIN flights AS T2 ON airlines.Airline = T2.Airline WHERE airlines.Abbreviation = 'Jetblue',0.0,Falha ao executar a consulta gerada: no such column: airlines.Abbreviation
181,flight_2,"What is the abbreviation of Airline ""JetBlue Airways""?","SELECT Abbreviation FROM AIRLINES WHERE Airline  =  ""JetBlue Airways""",SELECT Abbreviation FROM airlines WHERE Airline = 'JetBlue Airways',SELECT Abbreviation FROM airlines WHERE Airline = 'JetBlue Airways',1.0,Resultados idênticos (ordered=False).
182,flight_2,Which abbreviation corresponds to Jetblue Airways?,"SELECT Abbreviation FROM AIRLINES WHERE Airline  =  ""JetBlue Airways""",SELECT DISTINCT T2.Abbreviation FROM airlines AS T2 JOIN flights AS T1 ON T2.uid = T1.Airline WHERE T2.Airline = 'JetBlue Airways',SELECT DISTINCT T2.Abbreviation FROM airlines AS T2 JOIN flights AS T1 ON T2.uid = T1.Airline WHERE T2.Airline = 'JetBlue Airways',1.0,Resultados idênticos (ordered=False).
183,flight_2,"List all airline names and their abbreviations in ""USA"".","SELECT Airline ,  Abbreviation FROM AIRLINES WHERE Country  =  ""USA""","SELECT T1.Airline, T1.Abbreviation FROM airlines AS T1 JOIN flights AS T2 ON T1.uid = T2.Airline WHERE T1.Country = 'USA'","SELECT T1.Airline, T1.Abbreviation FROM airlines AS T1 JOIN flights AS T2 ON T1.uid = T2.Airline WHERE T1.Country = 'USA'",0.0,"Resultados divergentes (ordered=False). gold=12 linhas, pred=1200 linhas."
184,flight_2,What are the airline names and abbreviations for airlines in the USA?,"SELECT Airline ,  Abbreviation FROM AIRLINES WHERE Country  =  ""USA""","SELECT T1.Airline, T1.Abbreviation FROM airlines AS T1 JOIN flights AS T2 ON T1.uid = T2.Airline WHERE T1.Country = 'USA'","SELECT T1.Airline, T1.Abbreviation FROM airlines AS T1 JOIN flights AS T2 ON T1.uid = T2.Airline WHERE T1.Country = 'USA'",0.0,"Resultados divergentes (ordered=False). gold=12 linhas, pred=1200 linhas."
185,flight_2,List the airport code and name in the city of Anthony.,"SELECT AirportCode ,  AirportName FROM AIRPORTS WHERE city  =  ""Anthony""","SELECT AirportCode, AirportName FROM airports WHERE City = 'Anthony'","SELECT AirportCode, AirportName FROM airports WHERE City = 'Anthony'",1.0,Resultados idênticos (ordered=False).
186,flight_2,Give the airport code and airport name corresonding to the city Anthony.,"SELECT AirportCode ,  AirportName FROM AIRPORTS WHERE city  =  ""Anthony""","SELECT AirportCode, AirportName FROM airports WHERE City = 'Anthony'","SELECT AirportCode, AirportName FROM airports WHERE City = 'Anthony'",1.0,Resultados idênticos (ordered=False).
187,flight_2,How many airlines do we have?,SELECT count(*) FROM AIRLINES,SELECT COUNT(DISTINCT Airline) FROM airlines,SELECT COUNT(DISTINCT Airline) FROM airlines,1.0,Resultados idênticos (ordered=False).
188,flight_2,What is the total number of airlines?,SELECT count(*) FROM AIRLINES,SELECT COUNT(DISTINCT Airline) FROM airlines,SELECT COUNT(DISTINCT Airline) FROM airlines,1.0,Resultados idênticos (ordered=False).
189,flight_2,How many airports do we have?,SELECT count(*) FROM AIRPORTS,SELECT COUNT(DISTINCT AirportCode) FROM airports,SELECT COUNT(DISTINCT AirportCode) FROM airports,1.0,Resultados idênticos (ordered=False).
190,flight_2,Return the number of  airports.,SELECT count(*) FROM AIRPORTS,SELECT COUNT(DISTINCT AirportCode) FROM airports,SELECT COUNT(DISTINCT AirportCode) FROM airports,1.0,Resultados idênticos (ordered=False).
191,flight_2,How many flights do we have?,SELECT count(*) FROM FLIGHTS,SELECT COUNT(DISTINCT FlightNo) FROM flights,SELECT COUNT(DISTINCT FlightNo) FROM flights,0.0,"Resultados divergentes (ordered=False). gold=1 linhas, pred=1 linhas."
192,flight_2,Return the number of flights.,SELECT count(*) FROM FLIGHTS,SELECT COUNT(DISTINCT FlightNo) FROM flights,SELECT COUNT(DISTINCT FlightNo) FROM flights,0.0,"Resultados divergentes (ordered=False). gold=1 linhas, pred=1 linhas."
193,flight_2,Which airline has abbreviation 'UAL'?,"SELECT Airline FROM AIRLINES WHERE Abbreviation  =  ""UAL""",SELECT Airline FROM airlines WHERE Abbreviation = 'UAL',SELECT Airline FROM airlines WHERE Abbreviation = 'UAL',1.0,Resultados idênticos (ordered=False).
194,flight_2,Give the airline with abbreviation 'UAL'.,"SELECT Airline FROM AIRLINES WHERE Abbreviation  =  ""UAL""",SELECT Airline FROM airlines WHERE Abbreviation = 'UAL',SELECT Airline FROM airlines WHERE Abbreviation = 'UAL',1.0,Resultados idênticos (ordered=False).
195,flight_2,How many airlines are from USA?,"SELECT count(*) FROM AIRLINES WHERE Country  =  ""USA""",SELECT COUNT(DISTINCT Airline) FROM airlines WHERE Country = 'USA',SELECT COUNT(DISTINCT Airline) FROM airlines WHERE Country = 'USA',1.0,Resultados idênticos (ordered=False).
196,flight_2,Return the number of airlines in the USA.,"SELECT count(*) FROM AIRLINES WHERE Country  =  ""USA""",SELECT COUNT(DISTINCT Airline) FROM airlines WHERE Country = 'USA',SELECT COUNT(DISTINCT Airline) FROM airlines WHERE Country = 'USA',1.0,Resultados idênticos (ordered=False).
197,flight_2,Which city and country is the Alton airport at?,"SELECT City ,  Country FROM AIRPORTS WHERE AirportName  =  ""Alton""","SELECT City, Country FROM airports WHERE AirportName = 'Alton'","SELECT City, Country FROM airports WHERE AirportName = 'Alton'",1.0,Resultados idênticos (ordered=False).
198,flight_2,Give the city and country for the Alton airport.,"SELECT City ,  Country FROM AIRPORTS WHERE AirportName  =  ""Alton""","SELECT City, Country FROM airports WHERE AirportName = 'Alton'","SELECT City, Country FROM airports WHERE AirportName = 'Alton'",1.0,Resultados idênticos (ordered=False).
199,flight_2,What is the airport name for airport 'AKO'?,"SELECT AirportName FROM AIRPORTS WHERE AirportCode  =  ""AKO""",SELECT AirportName FROM airports WHERE AirportCode = 'AKO',SELECT AirportName FROM airports WHERE AirportCode = 'AKO',1.0,Resultados idênticos (ordered=False).
200,flight_2,Return the name of the airport with code 'AKO'.,"SELECT AirportName FROM AIRPORTS WHERE AirportCode  =  ""AKO""",SELECT AirportName FROM airports WHERE AirportCode = 'AKO',SELECT AirportName FROM airports WHERE AirportCode = 'AKO',1.0,Resultados idênticos (ordered=False).
201,flight_2,What are airport names at City 'Aberdeen'?,"SELECT AirportName FROM AIRPORTS WHERE City = ""Aberdeen""",SELECT AirportName FROM airports WHERE City = 'Aberdeen',SELECT AirportName FROM airports WHERE City = 'Aberdeen',1.0,Resultados idênticos (ordered=False).
202,flight_2,What are the names of airports in Aberdeen?,"SELECT AirportName FROM AIRPORTS WHERE City = ""Aberdeen""",SELECT AirportName FROM airports WHERE City = 'Aberdeen',SELECT AirportName FROM airports WHERE City = 'Aberdeen',1.0,Resultados idênticos (ordered=False).
203,flight_2,How many flights depart from 'APG'?,"SELECT count(*) FROM FLIGHTS WHERE SourceAirport  =  ""APG""",SELECT COUNT(DISTINCT T1.FlightNo) FROM flights AS T1 JOIN airports AS T2 ON T1.SourceAirport = T2.AirportCode WHERE T2.AirportCode = 'APG',SELECT COUNT(DISTINCT T1.FlightNo) FROM flights AS T1 JOIN airports AS T2 ON T1.SourceAirport = T2.AirportCode WHERE T2.AirportCode = 'APG',1.0,Resultados idênticos (ordered=False).
204,flight_2,Count the number of flights departing from 'APG'.,"SELECT count(*) FROM FLIGHTS WHERE SourceAirport  =  ""APG""",SELECT COUNT(*) FROM flights WHERE SourceAirport = 'APG',SELECT COUNT(*) FROM flights WHERE SourceAirport = 'APG',1.0,Resultados idênticos (ordered=False).
205,flight_2,How many flights have destination ATO?,"SELECT count(*) FROM FLIGHTS WHERE DestAirport  =  ""ATO""",SELECT COUNT(*) FROM flights WHERE DestAirport = 'ATO',SELECT COUNT(*) FROM flights WHERE DestAirport = 'ATO',1.0,Resultados idênticos (ordered=False).
206,flight_2,Count the number of flights into ATO.,"SELECT count(*) FROM FLIGHTS WHERE DestAirport  =  ""ATO""",SELECT COUNT(*) FROM flights WHERE DestAirport = 'ATO',SELECT COUNT(*) FROM flights WHERE DestAirport = 'ATO',1.0,Resultados idênticos (ordered=False).
207,flight_2,How many flights depart from City Aberdeen?,"SELECT count(*) FROM FLIGHTS AS T1 JOIN AIRPORTS AS T2 ON T1.SourceAirport  =  T2.AirportCode WHERE T2.City  =  ""Aberdeen""",SELECT COUNT(DISTINCT T1.FlightNo) FROM flights AS T1 JOIN airports AS T2 ON T1.SourceAirport = T2.AirportCode WHERE T2.City = 'Aberdeen',SELECT COUNT(DISTINCT T1.FlightNo) FROM flights AS T1 JOIN airports AS T2 ON T1.SourceAirport = T2.AirportCode WHERE T2.City = 'Aberdeen',1.0,Resultados idênticos (ordered=False).
208,flight_2,Return the number of flights departing from Aberdeen.,"SELECT count(*) FROM FLIGHTS AS T1 JOIN AIRPORTS AS T2 ON T1.SourceAirport  =  T2.AirportCode WHERE T2.City  =  ""Aberdeen""",SELECT COUNT(DISTINCT FlightNo) FROM flights WHERE SourceAirport = 'ABR',SELECT COUNT(DISTINCT FlightNo) FROM flights WHERE SourceAirport = 'ABR',1.0,Resultados idênticos (ordered=False).
209,flight_2,How many flights arriving in Aberdeen city?,"SELECT count(*) FROM FLIGHTS AS T1 JOIN AIRPORTS AS T2 ON T1.DestAirport  =  T2.AirportCode WHERE T2.City  =  ""Aberdeen""",SELECT COUNT(DISTINCT T1.FlightNo) FROM flights AS T1 JOIN airports AS T2 ON T1.DestAirport = T2.AirportCode WHERE T2.City = 'Aberdeen',SELECT COUNT(DISTINCT T1.FlightNo) FROM flights AS T1 JOIN airports AS T2 ON T1.DestAirport = T2.AirportCode WHERE T2.City = 'Aberdeen',1.0,Resultados idênticos (ordered=False).
210,flight_2,Return the number of flights arriving in Aberdeen.,"SELECT count(*) FROM FLIGHTS AS T1 JOIN AIRPORTS AS T2 ON T1.DestAirport  =  T2.AirportCode WHERE T2.City  =  ""Aberdeen""",SELECT COUNT(DISTINCT T1.FlightNo) FROM flights AS T1 JOIN airports AS T2 ON T1.DestAirport = T2.AirportCode WHERE T2.City = 'Aberdeen',SELECT COUNT(DISTINCT T1.FlightNo) FROM flights AS T1 JOIN airports AS T2 ON T1.DestAirport = T2.AirportCode WHERE T2.City = 'Aberdeen',1.0,Resultados idênticos (ordered=False).
211,flight_2,How many flights depart from City 'Aberdeen' and have destination City 'Ashley'?,"SELECT count(*) FROM FLIGHTS AS T1 JOIN AIRPORTS AS T2 ON T1.DestAirport  =  T2.AirportCode JOIN AIRPORTS AS T3 ON T1.SourceAirport  =  T3.AirportCode WHERE T2.City  =  ""Ashley"" AND T3.City  =  ""Aberdeen""",SELECT COUNT(*) FROM flights WHERE DestAirport = 'Ashley' AND SourceAirport = 'Aberdeen',SELECT COUNT(*) FROM flights WHERE DestAirport = 'Ashley' AND SourceAirport = 'Aberdeen',1.0,Resultados idênticos (ordered=False).
212,flight_2,How many flights fly from Aberdeen to Ashley?,"SELECT count(*) FROM FLIGHTS AS T1 JOIN AIRPORTS AS T2 ON T1.DestAirport  =  T2.AirportCode JOIN AIRPORTS AS T3 ON T1.SourceAirport  =  T3.AirportCode WHERE T2.City  =  ""Ashley"" AND T3.City  =  ""Aberdeen""",SELECT COUNT(*) FROM flights WHERE SourceAirport = 'ABR' AND DestAirport = 'ASH',SELECT COUNT(*) FROM flights WHERE SourceAirport = 'ABR' AND DestAirport = 'ASH',1.0,Resultados idênticos (ordered=False).
213,flight_2,How many flights does airline 'JetBlue Airways' have?,"SELECT count(*) FROM FLIGHTS AS T1 JOIN AIRLINES AS T2 ON T1.Airline  =  T2.uid WHERE T2.Airline = ""JetBlue Airways""",SELECT COUNT(DISTINCT FlightNo) FROM flights WHERE Airline = (SELECT uid FROM airlines WHERE Airline = 'JetBlue Airways'),SELECT COUNT(DISTINCT FlightNo) FROM flights WHERE Airline = (SELECT uid FROM airlines WHERE Airline = 'JetBlue Airways'),1.0,Resultados idênticos (ordered=False).
214,flight_2,Give the number of Jetblue Airways flights.,"SELECT count(*) FROM FLIGHTS AS T1 JOIN AIRLINES AS T2 ON T1.Airline  =  T2.uid WHERE T2.Airline = ""JetBlue Airways""",SELECT COUNT(DISTINCT T1.FlightNo) FROM flights AS T1 INNER JOIN airlines AS T2 ON T1.Airline = T2.uid WHERE T2.Airline = 'JetBlue',SELECT COUNT(DISTINCT T1.FlightNo) FROM flights AS T1 INNER JOIN airlines AS T2 ON T1.Airline = T2.uid WHERE T2.Airline = 'JetBlue',0.0,"Resultados divergentes (ordered=False). gold=1 linhas, pred=1 linhas."
215,flight_2,How many 'United Airlines' flights go to Airport 'ASY'?,"SELECT count(*) FROM AIRLINES AS T1 JOIN FLIGHTS AS T2 ON T2.Airline  =  T1.uid WHERE T1.Airline  =  ""United Airlines"" AND T2.DestAirport  =  ""ASY""",SELECT COUNT(*) FROM flights WHERE Airline = (SELECT uid FROM airlines WHERE Airline = 'United Airlines') AND DestAirport = 'ASY',SELECT COUNT(*) FROM flights WHERE Airline = (SELECT uid FROM airlines WHERE Airline = 'United Airlines') AND DestAirport = 'ASY',1.0,Resultados idênticos (ordered=False).
216,flight_2,Count the number of United Airlines flights arriving in ASY Airport.,"SELECT count(*) FROM AIRLINES AS T1 JOIN FLIGHTS AS T2 ON T2.Airline  =  T1.uid WHERE T1.Airline  =  ""United Airlines"" AND T2.DestAirport  =  ""ASY""",SELECT COUNT(*) FROM flights JOIN airlines ON flights.Airline = airlines.uid WHERE airlines.Airline = 'United' AND flights.DestAirport = 'ASY',SELECT COUNT(*) FROM flights JOIN airlines ON flights.Airline = airlines.uid WHERE airlines.Airline = 'United' AND flights.DestAirport = 'ASY',1.0,Resultados idênticos (ordered=False).
217,flight_2,How many 'United Airlines' flights depart from Airport 'AHD'?,"SELECT count(*) FROM AIRLINES AS T1 JOIN FLIGHTS AS T2 ON T2.Airline  =  T1.uid WHERE T1.Airline  =  ""United Airlines"" AND T2.SourceAirport  =  ""AHD""",SELECT COUNT(*) FROM flights WHERE Airline = (SELECT uid FROM airlines WHERE Airline = 'United Airlines') AND SourceAirport = 'AHD',SELECT COUNT(*) FROM flights WHERE Airline = (SELECT uid FROM airlines WHERE Airline = 'United Airlines') AND SourceAirport = 'AHD',1.0,Resultados idênticos (ordered=False).
218,flight_2,Return the number of United Airlines flights leaving from AHD Airport.,"SELECT count(*) FROM AIRLINES AS T1 JOIN FLIGHTS AS T2 ON T2.Airline  =  T1.uid WHERE T1.Airline  =  ""United Airlines"" AND T2.SourceAirport  =  ""AHD""",SELECT COUNT(*) FROM flights JOIN airports ON flights.SourceAirport = airports.AirportCode WHERE flights.Airline = 'United' AND airports.AirportCode = 'AHD',SELECT COUNT(*) FROM flights JOIN airports ON flights.SourceAirport = airports.AirportCode WHERE flights.Airline = 'United' AND airports.AirportCode = 'AHD',1.0,Resultados idênticos (ordered=False).
219,flight_2,How many United Airlines flights go to City 'Aberdeen'?,"SELECT count(*) FROM FLIGHTS AS T1 JOIN AIRPORTS AS T2 ON T1.DestAirport  =  T2.AirportCode JOIN AIRLINES AS T3 ON T3.uid  =  T1.Airline WHERE T2.City  =  ""Aberdeen"" AND T3.Airline  =  ""United Airlines""",SELECT COUNT(DISTINCT T1.FlightNo) FROM flights AS T1 JOIN airports AS T2 ON T1.DestAirport = T2.AirportCode JOIN airlines AS T3 ON T1.Airline = T3.uid WHERE T3.Airline = 'United Airlines' AND T2.City = 'Aberdeen',SELECT COUNT(DISTINCT T1.FlightNo) FROM flights AS T1 JOIN airports AS T2 ON T1.DestAirport = T2.AirportCode JOIN airlines AS T3 ON T1.Airline = T3.uid WHERE T3.Airline = 'United Airlines' AND T2.City = 'Aberdeen',1.0,Resultados idênticos (ordered=False).
220,flight_2,Count the number of United Airlines flights that arrive in Aberdeen.,"SELECT count(*) FROM FLIGHTS AS T1 JOIN AIRPORTS AS T2 ON T1.DestAirport  =  T2.AirportCode JOIN AIRLINES AS T3 ON T3.uid  =  T1.Airline WHERE T2.City  =  ""Aberdeen"" AND T3.Airline  =  ""United Airlines""",SELECT COUNT(*) FROM flights JOIN airlines ON flights.Airline = airlines.uid WHERE airlines.Airline = 'United' AND flights.DestAirport = 'ABD',SELECT COUNT(*) FROM flights JOIN airlines ON flights.Airline = airlines.uid WHERE airlines.Airline = 'United' AND flights.DestAirport = 'ABD',1.0,Resultados idênticos (ordered=False).
221,flight_2,Which city has most number of arriving flights?,SELECT T1.City FROM AIRPORTS AS T1 JOIN FLIGHTS AS T2 ON T1.AirportCode  =  T2.DestAirport GROUP BY T1.City ORDER BY count(*) DESC LIMIT 1,SELECT T1.City FROM airports AS T1 JOIN flights AS T2 ON T1.AirportCode = T2.DestAirport GROUP BY T1.City ORDER BY COUNT(T2.FlightNo) DESC LIMIT 1,SELECT T1.City FROM airports AS T1 JOIN flights AS T2 ON T1.AirportCode = T2.DestAirport GROUP BY T1.City ORDER BY COUNT(T2.FlightNo) DESC LIMIT 1,1.0,Resultados idênticos (ordered=True).
222,flight_2,Which city has the most frequent destination airport?,SELECT T1.City FROM AIRPORTS AS T1 JOIN FLIGHTS AS T2 ON T1.AirportCode  =  T2.DestAirport GROUP BY T1.City ORDER BY count(*) DESC LIMIT 1,SELECT T1.City FROM airports AS T1 JOIN flights AS T2 ON T1.AirportCode = T2.DestAirport GROUP BY T1.City ORDER BY COUNT(T2.FlightNo) DESC LIMIT 1,SELECT T1.City FROM airports AS T1 JOIN flights AS T2 ON T1.AirportCode = T2.DestAirport GROUP BY T1.City ORDER BY COUNT(T2.FlightNo) DESC LIMIT 1,1.0,Resultados idênticos (ordered=True).
223,flight_2,Which city has most number of departing flights?,SELECT T1.City FROM AIRPORTS AS T1 JOIN FLIGHTS AS T2 ON T1.AirportCode  =  T2.SourceAirport GROUP BY T1.City ORDER BY count(*) DESC LIMIT 1,SELECT T1.City FROM airports AS T1 JOIN flights AS T2 ON T1.AirportCode = T2.SourceAirport GROUP BY T1.City ORDER BY COUNT(T2.FlightNo) DESC LIMIT 1,SELECT T1.City FROM airports AS T1 JOIN flights AS T2 ON T1.AirportCode = T2.SourceAirport GROUP BY T1.City ORDER BY COUNT(T2.FlightNo) DESC LIMIT 1,1.0,Resultados idênticos (ordered=True).
224,flight_2,Which city is the most frequent source airport?,SELECT T1.City FROM AIRPORTS AS T1 JOIN FLIGHTS AS T2 ON T1.AirportCode  =  T2.SourceAirport GROUP BY T1.City ORDER BY count(*) DESC LIMIT 1,SELECT T1.City FROM airports AS T1 JOIN flights AS T2 ON T1.AirportCode = T2.SourceAirport GROUP BY T1.City ORDER BY COUNT(T2.FlightNo) DESC LIMIT 1,SELECT T1.City FROM airports AS T1 JOIN flights AS T2 ON T1.AirportCode = T2.SourceAirport GROUP BY T1.City ORDER BY COUNT(T2.FlightNo) DESC LIMIT 1,1.0,Resultados idênticos (ordered=True).
225,flight_2,What is the code of airport that has the highest number of flights?,SELECT T1.AirportCode FROM AIRPORTS AS T1 JOIN FLIGHTS AS T2 ON T1.AirportCode  =  T2.DestAirport OR T1.AirportCode  =  T2.SourceAirport GROUP BY T1.AirportCode ORDER BY count(*) DESC LIMIT 1,SELECT T1.AirportCode FROM airports AS T1 JOIN flights AS T2 ON T1.AirportCode = T2.SourceAirport GROUP BY T1.AirportCode ORDER BY COUNT(T2.FlightNo) DESC LIMIT 1,SELECT T1.AirportCode FROM airports AS T1 JOIN flights AS T2 ON T1.AirportCode = T2.SourceAirport GROUP BY T1.AirportCode ORDER BY COUNT(T2.FlightNo) DESC LIMIT 1,1.0,Resultados idênticos (ordered=True).
226,flight_2,What is the airport code of the airport with the most flights?,SELECT T1.AirportCode FROM AIRPORTS AS T1 JOIN FLIGHTS AS T2 ON T1.AirportCode  =  T2.DestAirport OR T1.AirportCode  =  T2.SourceAirport GROUP BY T1.AirportCode ORDER BY count(*) DESC LIMIT 1,SELECT T1.AirportCode FROM airports AS T1 JOIN flights AS T2 ON T1.AirportCode = T2.SourceAirport GROUP BY T1.AirportCode ORDER BY COUNT(T2.FlightNo) DESC LIMIT 1,SELECT T1.AirportCode FROM airports AS T1 JOIN flights AS T2 ON T1.AirportCode = T2.SourceAirport GROUP BY T1.AirportCode ORDER BY COUNT(T2.FlightNo) DESC LIMIT 1,1.0,Resultados idênticos (ordered=True).
227,flight_2,What is the code of airport that has fewest number of flights?,SELECT T1.AirportCode FROM AIRPORTS AS T1 JOIN FLIGHTS AS T2 ON T1.AirportCode  =  T2.DestAirport OR T1.AirportCode  =  T2.SourceAirport GROUP BY T1.AirportCode ORDER BY count(*) LIMIT 1,"SELECT T1.AirportCode FROM airports AS T1 JOIN (SELECT DestAirport, COUNT(*) AS flight_count FROM flights GROUP BY DestAirport) AS T2 ON T1.AirportCode = T2.DestAirport ORDER BY T2.flight_count LIMIT 1","SELECT T1.AirportCode FROM airports AS T1 JOIN (SELECT DestAirport, COUNT(*) AS flight_count FROM flights GROUP BY DestAirport) AS T2 ON T1.AirportCode = T2.DestAirport ORDER BY T2.flight_count LIMIT 1",1.0,Resultados idênticos (ordered=True).
228,flight_2,Give the code of the airport with the least flights.,SELECT T1.AirportCode FROM AIRPORTS AS T1 JOIN FLIGHTS AS T2 ON T1.AirportCode  =  T2.DestAirport OR T1.AirportCode  =  T2.SourceAirport GROUP BY T1.AirportCode ORDER BY count(*) LIMIT 1,SELECT AirportCode FROM airports WHERE AirportCode IN (SELECT SourceAirport FROM flights GROUP BY SourceAirport ORDER BY COUNT(DISTINCT Airline) LIMIT 1) OR AirportCode IN (SELECT DestAirport FROM flights GROUP BY DestAirport ORDER BY COUNT(DISTINCT Airline) LIMIT 1),SELECT AirportCode FROM airports WHERE AirportCode IN (SELECT SourceAirport FROM flights GROUP BY SourceAirport ORDER BY COUNT(DISTINCT Airline) LIMIT 1) OR AirportCode IN (SELECT DestAirport FROM flights GROUP BY DestAirport ORDER BY COUNT(DISTINCT Airline) LIMIT 1),1.0,Resultados idênticos (ordered=True).
229,flight_2,Which airline has most number of flights?,SELECT T1.Airline FROM AIRLINES AS T1 JOIN FLIGHTS AS T2 ON T1.uid  =  T2.Airline GROUP BY T1.Airline ORDER BY count(*) DESC LIMIT 1,"SELECT Airline, COUNT(*) AS FlightCount FROM flights GROUP BY Airline ORDER BY FlightCount DESC LIMIT 1;","SELECT Airline, COUNT(*) AS FlightCount FROM flights GROUP BY Airline ORDER BY FlightCount DESC LIMIT 1",0.0,"Resultados divergentes (ordered=True). gold=1 linhas, pred=1 linhas."
230,flight_2,What airline serves the most flights?,SELECT T1.Airline FROM AIRLINES AS T1 JOIN FLIGHTS AS T2 ON T1.uid  =  T2.Airline GROUP BY T1.Airline ORDER BY count(*) DESC LIMIT 1,"SELECT Airline, COUNT(*) AS FlightCount FROM flights GROUP BY Airline ORDER BY FlightCount DESC LIMIT 1;","SELECT Airline, COUNT(*) AS FlightCount FROM flights GROUP BY Airline ORDER BY FlightCount DESC LIMIT 1",0.0,"Resultados divergentes (ordered=True). gold=1 linhas, pred=1 linhas."
231,flight_2,Find the abbreviation and country of the airline that has fewest number of flights?,"SELECT T1.Abbreviation ,  T1.Country FROM AIRLINES AS T1 JOIN FLIGHTS AS T2 ON T1.uid  =  T2.Airline GROUP BY T1.Airline ORDER BY count(*) LIMIT 1","SELECT T2.Abbreviation, T2.Country FROM flights AS T1 JOIN airlines AS T2 ON T1.Airline = T2.Airline GROUP BY T2.Abbreviation, T2.Country ORDER BY COUNT(T1.FlightNo) LIMIT 1","SELECT T2.Abbreviation, T2.Country FROM flights AS T1 JOIN airlines AS T2 ON T1.Airline = T2.Airline GROUP BY T2.Abbreviation, T2.Country ORDER BY COUNT(T1.FlightNo) LIMIT 1",0.0,"Resultados divergentes (ordered=True). gold=1 linhas, pred=0 linhas."
232,flight_2,What is the abbreviation of the airilne has the fewest flights and what country is it in?,"SELECT T1.Abbreviation ,  T1.Country FROM AIRLINES AS T1 JOIN FLIGHTS AS T2 ON T1.uid  =  T2.Airline GROUP BY T1.Airline ORDER BY count(*) LIMIT 1","SELECT T2.Abbreviation, T2.Country FROM flights AS T1 JOIN airlines AS T2 ON T1.Airline = T2.Airline GROUP BY T2.Abbreviation ORDER BY COUNT(T1.FlightNo) LIMIT 1","SELECT T2.Abbreviation, T2.Country FROM flights AS T1 JOIN airlines AS T2 ON T1.Airline = T2.Airline GROUP BY T2.Abbreviation ORDER BY COUNT(T1.FlightNo) LIMIT 1",0.0,"Resultados divergentes (ordered=True). gold=1 linhas, pred=0 linhas."
233,flight_2,What are airlines that have some flight departing from airport 'AHD'?,"SELECT T1.Airline FROM AIRLINES AS T1 JOIN FLIGHTS AS T2 ON T1.uid  =  T2.Airline WHERE T2.SourceAirport  =  ""AHD""",SELECT DISTINCT T1.Airline FROM airlines AS T1 JOIN flights AS T2 ON T1.uid = T2.Airline WHERE T2.SourceAirport = 'AHD',SELECT DISTINCT T1.Airline FROM airlines AS T1 JOIN flights AS T2 ON T1.uid = T2.Airline WHERE T2.SourceAirport = 'AHD',1.0,Resultados idênticos (ordered=False).
234,flight_2,Which airlines have a flight with source airport AHD?,"SELECT T1.Airline FROM AIRLINES AS T1 JOIN FLIGHTS AS T2 ON T1.uid  =  T2.Airline WHERE T2.SourceAirport  =  ""AHD""",SELECT DISTINCT T1.Airline FROM flights AS T1 JOIN airports AS T2 ON T1.SourceAirport = T2.AirportCode WHERE T2.AirportCode = 'AHD',SELECT DISTINCT T1.Airline FROM flights AS T1 JOIN airports AS T2 ON T1.SourceAirport = T2.AirportCode WHERE T2.AirportCode = 'AHD',1.0,Resultados idênticos (ordered=False).
235,flight_2,What are airlines that have flights arriving at airport 'AHD'?,"SELECT T1.Airline FROM AIRLINES AS T1 JOIN FLIGHTS AS T2 ON T1.uid  =  T2.Airline WHERE T2.DestAirport  =  ""AHD""",SELECT T1.Airline FROM airlines AS T1 JOIN flights AS T2 ON T1.uid = T2.Airline WHERE T2.DestAirport = 'AHD',SELECT T1.Airline FROM airlines AS T1 JOIN flights AS T2 ON T1.uid = T2.Airline WHERE T2.DestAirport = 'AHD',1.0,Resultados idênticos (ordered=False).
236,flight_2,Which airlines have a flight with destination airport AHD?,"SELECT T1.Airline FROM AIRLINES AS T1 JOIN FLIGHTS AS T2 ON T1.uid  =  T2.Airline WHERE T2.DestAirport  =  ""AHD""",SELECT DISTINCT T1.Airline FROM flights AS T1 JOIN airports AS T2 ON T1.DestAirport = T2.AirportCode WHERE T2.AirportCode = 'AHD',SELECT DISTINCT T1.Airline FROM flights AS T1 JOIN airports AS T2 ON T1.DestAirport = T2.AirportCode WHERE T2.AirportCode = 'AHD',1.0,Resultados idênticos (ordered=False).
237,flight_2,Find all airlines that have flights from both airports 'APG' and 'CVO'.,"SELECT T1.Airline FROM AIRLINES AS T1 JOIN FLIGHTS AS T2 ON T1.uid  =  T2.Airline WHERE T2.SourceAirport  =  ""APG"" INTERSECT SELECT T1.Airline FROM AIRLINES AS T1 JOIN FLIGHTS AS T2 ON T1.uid  =  T2.Airline WHERE T2.SourceAirport  =  ""CVO""",SELECT DISTINCT T1.Airline FROM flights AS T1 JOIN airports AS T2 ON T1.SourceAirport = T2.AirportCode JOIN airports AS T3 ON T1.DestAirport = T3.AirportCode WHERE T2.AirportCode = 'APG' AND T3.AirportCode = 'CVO',SELECT DISTINCT T1.Airline FROM flights AS T1 JOIN airports AS T2 ON T1.SourceAirport = T2.AirportCode JOIN airports AS T3 ON T1.DestAirport = T3.AirportCode WHERE T2.AirportCode = 'APG' AND T3.AirportCode = 'CVO',1.0,Resultados idênticos (ordered=False).
238,flight_2,Which airlines have departing flights from both APG and CVO airports?,"SELECT T1.Airline FROM AIRLINES AS T1 JOIN FLIGHTS AS T2 ON T1.uid  =  T2.Airline WHERE T2.SourceAirport  =  ""APG"" INTERSECT SELECT T1.Airline FROM AIRLINES AS T1 JOIN FLIGHTS AS T2 ON T1.uid  =  T2.Airline WHERE T2.SourceAirport  =  ""CVO""","SELECT DISTINCT T1.Airline FROM flights AS T1 JOIN airports AS T2 ON T1.SourceAirport = T2.AirportCode JOIN airports AS T3 ON T1.DestAirport = T3.AirportCode WHERE T2.AirportCode IN ('APG', 'CVO')","SELECT DISTINCT T1.Airline FROM flights AS T1 JOIN airports AS T2 ON T1.SourceAirport = T2.AirportCode JOIN airports AS T3 ON T1.DestAirport = T3.AirportCode WHERE T2.AirportCode IN ('APG', 'CVO')",1.0,Resultados idênticos (ordered=False).
239,flight_2,Find all airlines that have flights from airport 'CVO' but not from 'APG'.,"SELECT T1.Airline FROM AIRLINES AS T1 JOIN FLIGHTS AS T2 ON T1.uid  =  T2.Airline WHERE T2.SourceAirport  =  ""CVO"" EXCEPT SELECT T1.Airline FROM AIRLINES AS T1 JOIN FLIGHTS AS T2 ON T1.uid  =  T2.Airline WHERE T2.SourceAirport  =  ""APG""",SELECT DISTINCT F.Airline FROM flights F JOIN airports A ON F.SourceAirport = A.AirportCode WHERE A.AirportName = 'CVO' AND F.Airline NOT IN (SELECT T1.Airline FROM flights T1 JOIN airports T2 ON T1.DestAirport = T2.AirportCode WHERE T2.AirportName = 'APG'),SELECT DISTINCT F.Airline FROM flights F JOIN airports A ON F.SourceAirport = A.AirportCode WHERE A.AirportName = 'CVO' AND F.Airline NOT IN (SELECT T1.Airline FROM flights T1 JOIN airports T2 ON T1.DestAirport = T2.AirportCode WHERE T2.AirportName = 'APG'),1.0,Resultados idênticos (ordered=False).
240,flight_2,Which airlines have departures from CVO but not from APG airports?,"SELECT T1.Airline FROM AIRLINES AS T1 JOIN FLIGHTS AS T2 ON T1.uid  =  T2.Airline WHERE T2.SourceAirport  =  ""CVO"" EXCEPT SELECT T1.Airline FROM AIRLINES AS T1 JOIN FLIGHTS AS T2 ON T1.uid  =  T2.Airline WHERE T2.SourceAirport  =  ""APG""",SELECT DISTINCT F.Airline FROM flights F JOIN airports A ON F.SourceAirport = A.AirportCode WHERE A.AirportCode = 'CVO' AND F.Airline NOT IN (SELECT Airline FROM flights WHERE SourceAirport = 'APG'),SELECT DISTINCT F.Airline FROM flights F JOIN airports A ON F.SourceAirport = A.AirportCode WHERE A.AirportCode = 'CVO' AND F.Airline NOT IN (SELECT Airline FROM flights WHERE SourceAirport = 'APG'),1.0,Resultados idênticos (ordered=False).
241,flight_2,Find all airlines that have at least 10 flights.,SELECT T1.Airline FROM AIRLINES AS T1 JOIN FLIGHTS AS T2 ON T1.uid  =  T2.Airline GROUP BY T1.Airline HAVING count(*)  >  10,SELECT Airline FROM flights GROUP BY Airline HAVING COUNT(DISTINCT FlightNo) >= 10,SELECT Airline FROM flights GROUP BY Airline HAVING COUNT(DISTINCT FlightNo) >= 10,0.0,"Resultados divergentes (ordered=False). gold=12 linhas, pred=12 linhas."
242,flight_2,Which airlines have at least 10 flights?,SELECT T1.Airline FROM AIRLINES AS T1 JOIN FLIGHTS AS T2 ON T1.uid  =  T2.Airline GROUP BY T1.Airline HAVING count(*)  >  10,SELECT Airline FROM flights GROUP BY Airline HAVING COUNT(DISTINCT FlightNo) >= 10,SELECT Airline FROM flights GROUP BY Airline HAVING COUNT(DISTINCT FlightNo) >= 10,0.0,"Resultados divergentes (ordered=False). gold=12 linhas, pred=12 linhas."
243,flight_2,Find all airlines that have fewer than 200 flights.,SELECT T1.Airline FROM AIRLINES AS T1 JOIN FLIGHTS AS T2 ON T1.uid  =  T2.Airline GROUP BY T1.Airline HAVING count(*)  <  200,SELECT DISTINCT Airline FROM flights GROUP BY Airline HAVING COUNT(*) < 200,SELECT DISTINCT Airline FROM flights GROUP BY Airline HAVING COUNT(*) < 200,0.0,"Resultados divergentes (ordered=False). gold=12 linhas, pred=12 linhas."
244,flight_2,Which airlines have less than 200 flights?,SELECT T1.Airline FROM AIRLINES AS T1 JOIN FLIGHTS AS T2 ON T1.uid  =  T2.Airline GROUP BY T1.Airline HAVING count(*)  <  200,SELECT DISTINCT Airline FROM flights GROUP BY Airline HAVING COUNT(*) < 200,SELECT DISTINCT Airline FROM flights GROUP BY Airline HAVING COUNT(*) < 200,0.0,"Resultados divergentes (ordered=False). gold=12 linhas, pred=12 linhas."
245,flight_2,"What are flight numbers of Airline ""United Airlines""?","SELECT T1.FlightNo FROM FLIGHTS AS T1 JOIN AIRLINES AS T2 ON T2.uid  =  T1.Airline WHERE T2.Airline  =  ""United Airlines""",SELECT DISTINCT FlightNo FROM flights WHERE Airline = (SELECT uid FROM airlines WHERE Airline = 'United Airlines'),SELECT DISTINCT FlightNo FROM flights WHERE Airline = (SELECT uid FROM airlines WHERE Airline = 'United Airlines'),1.0,Resultados idênticos (ordered=False).
246,flight_2,Which flight numbers correspond to United Airlines flights?,"SELECT T1.FlightNo FROM FLIGHTS AS T1 JOIN AIRLINES AS T2 ON T2.uid  =  T1.Airline WHERE T2.Airline  =  ""United Airlines""",SELECT DISTINCT T1.FlightNo FROM flights AS T1 JOIN airlines AS T2 ON T1.Airline = T2.uid WHERE T2.Airline = 'United',SELECT DISTINCT T1.FlightNo FROM flights AS T1 JOIN airlines AS T2 ON T1.Airline = T2.uid WHERE T2.Airline = 'United',0.0,"Resultados divergentes (ordered=False). gold=100 linhas, pred=0 linhas."
247,flight_2,"What are flight numbers of flights departing from Airport ""APG""?","SELECT FlightNo FROM FLIGHTS WHERE SourceAirport  =  ""APG""",SELECT FlightNo FROM flights WHERE SourceAirport = 'APG',SELECT FlightNo FROM flights WHERE SourceAirport = 'APG',1.0,Resultados idênticos (ordered=False).
248,flight_2,Give the flight numbers of flights leaving from APG.,"SELECT FlightNo FROM FLIGHTS WHERE SourceAirport  =  ""APG""",SELECT DISTINCT FlightNo FROM flights WHERE SourceAirport = 'APG',SELECT DISTINCT FlightNo FROM flights WHERE SourceAirport = 'APG',1.0,Resultados idênticos (ordered=False).
249,flight_2,"What are flight numbers of flights arriving at Airport ""APG""?","SELECT FlightNo FROM FLIGHTS WHERE DestAirport  =  ""APG""",SELECT T1.FlightNo FROM flights AS T1 JOIN airports AS T2 ON T1.DestAirport = T2.AirportCode WHERE T2.AirportName = 'APG',SELECT T1.FlightNo FROM flights AS T1 JOIN airports AS T2 ON T1.DestAirport = T2.AirportCode WHERE T2.AirportName = 'APG',1.0,Resultados idênticos (ordered=False).
250,flight_2,Give the flight numbers of flights landing at APG.,"SELECT FlightNo FROM FLIGHTS WHERE DestAirport  =  ""APG""",SELECT DISTINCT T1.FlightNo FROM flights AS T1 JOIN airports AS T2 ON T1.DestAirport = T2.AirportCode WHERE T2.AirportName = 'APG',SELECT DISTINCT T1.FlightNo FROM flights AS T1 JOIN airports AS T2 ON T1.DestAirport = T2.AirportCode WHERE T2.AirportName = 'APG',1.0,Resultados idênticos (ordered=False).
251,flight_2,"What are flight numbers of flights departing from City ""Aberdeen ""?","SELECT T1.FlightNo FROM FLIGHTS AS T1 JOIN AIRPORTS AS T2 ON T1.SourceAirport   =  T2.AirportCode WHERE T2.City  =  ""Aberdeen""",SELECT DISTINCT FlightNo FROM flights WHERE SourceAirport = 'Aberdeen',SELECT DISTINCT FlightNo FROM flights WHERE SourceAirport = 'Aberdeen',1.0,Resultados idênticos (ordered=False).
252,flight_2,Give the flight numbers of flights leaving from Aberdeen.,"SELECT T1.FlightNo FROM FLIGHTS AS T1 JOIN AIRPORTS AS T2 ON T1.SourceAirport   =  T2.AirportCode WHERE T2.City  =  ""Aberdeen""",SELECT T2.FlightNo FROM airports AS T1 JOIN flights AS T2 ON T1.AirportCode = T2.SourceAirport WHERE T1.City = 'Aberdeen',SELECT T2.FlightNo FROM airports AS T1 JOIN flights AS T2 ON T1.AirportCode = T2.SourceAirport WHERE T1.City = 'Aberdeen',1.0,Resultados idênticos (ordered=False).
253,flight_2,"What are flight numbers of flights arriving at City ""Aberdeen""?","SELECT T1.FlightNo FROM FLIGHTS AS T1 JOIN AIRPORTS AS T2 ON T1.DestAirport   =  T2.AirportCode WHERE T2.City  =  ""Aberdeen""","SELECT T1.FlightNo FROM flights AS T1 JOIN airports AS T2 ON T1.DestAirport = T2.AirportCode WHERE T2.City = ""Aberdeen""","SELECT T1.FlightNo FROM flights AS T1 JOIN airports AS T2 ON T1.DestAirport = T2.AirportCode WHERE T2.City = ""Aberdeen""",1.0,Resultados idênticos (ordered=False).
254,flight_2,Give the flight numbers of flights arriving in Aberdeen.,"SELECT T1.FlightNo FROM FLIGHTS AS T1 JOIN AIRPORTS AS T2 ON T1.DestAirport   =  T2.AirportCode WHERE T2.City  =  ""Aberdeen""",SELECT DISTINCT T1.FlightNo FROM flights AS T1 JOIN airports AS T2 ON T1.DestAirport = T2.AirportCode WHERE T2.City = 'Aberdeen',SELECT DISTINCT T1.FlightNo FROM flights AS T1 JOIN airports AS T2 ON T1.DestAirport = T2.AirportCode WHERE T2.City = 'Aberdeen',1.0,Resultados idênticos (ordered=False).
255,flight_2,Find the number of flights landing in the city of Aberdeen or Abilene.,"SELECT count(*) FROM Flights AS T1 JOIN Airports AS T2 ON T1.DestAirport  =  T2.AirportCode WHERE T2.city  =  ""Aberdeen"" OR T2.city  =  ""Abilene""","SELECT COUNT(DISTINCT T1.FlightNo) FROM flights AS T1 JOIN airports AS T2 ON T1.DestAirport = T2.AirportCode WHERE T2.City IN ('Aberdeen', 'Abilene')","SELECT COUNT(DISTINCT T1.FlightNo) FROM flights AS T1 JOIN airports AS T2 ON T1.DestAirport = T2.AirportCode WHERE T2.City IN ('Aberdeen', 'Abilene')",1.0,Resultados idênticos (ordered=False).
256,flight_2,How many flights land in Aberdeen or Abilene?,"SELECT count(*) FROM Flights AS T1 JOIN Airports AS T2 ON T1.DestAirport  =  T2.AirportCode WHERE T2.city  =  ""Aberdeen"" OR T2.city  =  ""Abilene""","SELECT COUNT(DISTINCT T1.FlightNo) FROM flights AS T1 JOIN airports AS T2 ON T1.DestAirport = T2.AirportCode WHERE T2.City IN ('Aberdeen', 'Abilene')","SELECT COUNT(DISTINCT T1.FlightNo) FROM flights AS T1 JOIN airports AS T2 ON T1.DestAirport = T2.AirportCode WHERE T2.City IN ('Aberdeen', 'Abilene')",1.0,Resultados idênticos (ordered=False).
257,flight_2,Find the name of airports which do not have any flight in and out.,SELECT AirportName FROM Airports WHERE AirportCode NOT IN (SELECT SourceAirport FROM Flights UNION SELECT DestAirport FROM Flights),SELECT AirportName FROM airports WHERE AirportCode NOT IN (SELECT DestAirport FROM flights UNION SELECT SourceAirport FROM flights),SELECT AirportName FROM airports WHERE AirportCode NOT IN (SELECT DestAirport FROM flights UNION SELECT SourceAirport FROM flights),1.0,Resultados idênticos (ordered=False).
258,flight_2,Which airports do not have departing or arriving flights?,SELECT AirportName FROM Airports WHERE AirportCode NOT IN (SELECT SourceAirport FROM Flights UNION SELECT DestAirport FROM Flights),SELECT AirportName FROM airports WHERE AirportCode NOT IN (SELECT DestAirport FROM flights UNION SELECT SourceAirport FROM flights),SELECT AirportName FROM airports WHERE AirportCode NOT IN (SELECT DestAirport FROM flights UNION SELECT SourceAirport FROM flights),1.0,Resultados idênticos (ordered=False).
259,employee_hire_evaluation,How many employees are there?,SELECT count(*) FROM employee,SELECT COUNT(DISTINCT Employee_ID) FROM employee,SELECT COUNT(DISTINCT Employee_ID) FROM employee,1.0,Resultados idênticos (ordered=False).
260,employee_hire_evaluation,Count the number of employees,SELECT count(*) FROM employee,SELECT COUNT(DISTINCT Employee_ID) FROM employee,SELECT COUNT(DISTINCT Employee_ID) FROM employee,1.0,Resultados idênticos (ordered=False).
261,employee_hire_evaluation,Sort employee names by their age in ascending order.,SELECT name FROM employee ORDER BY age,SELECT Name FROM employee ORDER BY Age ASC,SELECT Name FROM employee ORDER BY Age ASC,1.0,Resultados idênticos (ordered=True).
262,employee_hire_evaluation,List the names of employees and sort in ascending order of age.,SELECT name FROM employee ORDER BY age,SELECT Name FROM employee ORDER BY Age ASC,SELECT Name FROM employee ORDER BY Age ASC,1.0,Resultados idênticos (ordered=True).
263,employee_hire_evaluation,What is the number of employees from each city?,"SELECT count(*) ,  city FROM employee GROUP BY city","SELECT T1.City , COUNT(T1.Employee_ID) FROM hiring AS T1 JOIN employee AS T2 ON T1.Employee_ID = T2.Employee_ID GROUP BY T1.City","SELECT T1.City , COUNT(T1.Employee_ID) FROM hiring AS T1 JOIN employee AS T2 ON T1.Employee_ID = T2.Employee_ID GROUP BY T1.City",0.0,Falha ao executar a consulta gerada: no such column: T1.City
264,employee_hire_evaluation,Count the number of employees for each city.,"SELECT count(*) ,  city FROM employee GROUP BY city","SELECT T1.City, COUNT(T1.Employee_ID) FROM employee AS T1 JOIN hiring AS T2 ON T1.Employee_ID = T2.Employee_ID GROUP BY T1.City","SELECT T1.City, COUNT(T1.Employee_ID) FROM employee AS T1 JOIN hiring AS T2 ON T1.Employee_ID = T2.Employee_ID GROUP BY T1.City",0.0,"Resultados divergentes (ordered=False). gold=5 linhas, pred=4 linhas."
265,employee_hire_evaluation,Which cities do more than one employee under age 30 come from?,SELECT city FROM employee WHERE age  <  30 GROUP BY city HAVING count(*)  >  1,SELECT E.City FROM employee E WHERE E.Age < 30 GROUP BY E.City HAVING COUNT(E.Employee_ID) > 1,SELECT E.City FROM employee E WHERE E.Age < 30 GROUP BY E.City HAVING COUNT(E.Employee_ID) > 1,1.0,Resultados idênticos (ordered=False).
266,employee_hire_evaluation,Find the cities that have more than one employee under age 30.,SELECT city FROM employee WHERE age  <  30 GROUP BY city HAVING count(*)  >  1,SELECT e.City FROM employee e WHERE e.Age < 30 GROUP BY e.City HAVING COUNT(e.Employee_ID) > 1,SELECT e.City FROM employee e WHERE e.Age < 30 GROUP BY e.City HAVING COUNT(e.Employee_ID) > 1,1.0,Resultados idênticos (ordered=False).
267,employee_hire_evaluation,Find the number of shops in each location.,"SELECT count(*) ,  LOCATION FROM shop GROUP BY LOCATION","SELECT Location , COUNT(*) FROM shop GROUP BY Location","SELECT Location , COUNT(*) FROM shop GROUP BY Location",0.0,"Resultados divergentes (ordered=False). gold=9 linhas, pred=9 linhas."
268,employee_hire_evaluation,How many shops are there in each location?,"SELECT count(*) ,  LOCATION FROM shop GROUP BY LOCATION","SELECT T1.Location ,  COUNT(*) FROM shop AS T1 JOIN hiring AS T2 ON T1.Shop_ID = T2.Employee_ID GROUP BY T1.Location","SELECT T1.Location ,  COUNT(*) FROM shop AS T1 JOIN hiring AS T2 ON T1.Shop_ID = T2.Employee_ID GROUP BY T1.Location",0.0,"Resultados divergentes (ordered=False). gold=9 linhas, pred=7 linhas."
269,employee_hire_evaluation,Find the manager name and district of the shop whose number of products is the largest.,"SELECT manager_name ,  district FROM shop ORDER BY number_products DESC LIMIT 1","SELECT T3.Manager_name, T3.District FROM shop AS T1 JOIN hiring AS T2 ON T1.Shop_ID = T2.Shop_ID JOIN employee AS T3 ON T2.Employee_ID = T3.Employee_ID WHERE T1.Number_products = (SELECT MAX(Number_products) FROM shop)","SELECT T3.Manager_name, T3.District FROM shop AS T1 JOIN hiring AS T2 ON T1.Shop_ID = T2.Shop_ID JOIN employee AS T3 ON T2.Employee_ID = T3.Employee_ID WHERE T1.Number_products = (SELECT MAX(Number_products) FROM shop)",0.0,Falha ao executar a consulta gerada: no such column: T3.Manager_name
270,employee_hire_evaluation,What are the manager name and district of the shop that sells the largest number of products?,"SELECT manager_name ,  district FROM shop ORDER BY number_products DESC LIMIT 1","SELECT T3.Manager_name, T3.District FROM shop AS T1 JOIN hiring AS T2 ON T1.Shop_ID = T2.Shop_ID JOIN employee AS T3 ON T2.Employee_ID = T3.Employee_ID ORDER BY T1.Number_products DESC LIMIT 1","SELECT T3.Manager_name, T3.District FROM shop AS T1 JOIN hiring AS T2 ON T1.Shop_ID = T2.Shop_ID JOIN employee AS T3 ON T2.Employee_ID = T3.Employee_ID ORDER BY T1.Number_products DESC LIMIT 1",0.0,Falha ao executar a consulta gerada: no such column: T3.Manager_name
271,employee_hire_evaluation,find the minimum and maximum number of products of all stores.,"SELECT min(Number_products) ,  max(Number_products) FROM shop","SELECT min(Number_products), max(Number_products) FROM shop","SELECT min(Number_products), max(Number_products) FROM shop",1.0,Resultados idênticos (ordered=False).
272,employee_hire_evaluation,What are the minimum and maximum number of products across all the shops?,"SELECT min(Number_products) ,  max(Number_products) FROM shop","SELECT min(Number_products), max(Number_products) FROM shop","SELECT min(Number_products), max(Number_products) FROM shop",1.0,Resultados idênticos (ordered=False).
273,employee_hire_evaluation,"Return the name, location and district of all shops in descending order of number of products.","SELECT name ,  LOCATION ,  district FROM shop ORDER BY number_products DESC","SELECT S.Name, S.Location, S.District FROM shop AS S ORDER BY S.Number_products DESC","SELECT S.Name, S.Location, S.District FROM shop AS S ORDER BY S.Number_products DESC",1.0,Resultados idênticos (ordered=True).
274,employee_hire_evaluation,"Sort all the shops by number products in descending order, and return the name, location and district of each shop.","SELECT name ,  LOCATION ,  district FROM shop ORDER BY number_products DESC","SELECT S.Name, S.Location, S.District FROM shop AS S ORDER BY S.Number_products DESC","SELECT S.Name, S.Location, S.District FROM shop AS S ORDER BY S.Number_products DESC",1.0,Resultados idênticos (ordered=True).
275,employee_hire_evaluation,Find the names of stores whose number products is more than the average number of products.,SELECT name FROM shop WHERE number_products  >  (SELECT avg(number_products) FROM shop),SELECT S.Name FROM shop AS S WHERE S.Number_products > (SELECT AVG(Number_products) FROM shop),SELECT S.Name FROM shop AS S WHERE S.Number_products > (SELECT AVG(Number_products) FROM shop),1.0,Resultados idênticos (ordered=False).
276,employee_hire_evaluation,Which shops' number products is above the average? Give me the shop names.,SELECT name FROM shop WHERE number_products  >  (SELECT avg(number_products) FROM shop),SELECT S.Name FROM shop AS S WHERE S.Number_products > (SELECT AVG(Number_products) FROM shop) GROUP BY S.Name,SELECT S.Name FROM shop AS S WHERE S.Number_products > (SELECT AVG(Number_products) FROM shop) GROUP BY S.Name,1.0,Resultados idênticos (ordered=False).
277,employee_hire_evaluation,find the name of employee who was awarded the most times in the evaluation.,SELECT t1.name FROM employee AS t1 JOIN evaluation AS t2 ON t1.Employee_ID  =  t2.Employee_ID GROUP BY t2.Employee_ID ORDER BY count(*) DESC LIMIT 1,SELECT E.Name FROM employee E JOIN evaluation EV ON E.Employee_ID = EV.Employee_ID GROUP BY E.Employee_ID ORDER BY COUNT(EV.Year_awarded) DESC LIMIT 1,SELECT E.Name FROM employee E JOIN evaluation EV ON E.Employee_ID = EV.Employee_ID GROUP BY E.Employee_ID ORDER BY COUNT(EV.Year_awarded) DESC LIMIT 1,1.0,Resultados idênticos (ordered=True).
278,employee_hire_evaluation,Which employee received the most awards in evaluations? Give me the employee name.,SELECT t1.name FROM employee AS t1 JOIN evaluation AS t2 ON t1.Employee_ID  =  t2.Employee_ID GROUP BY t2.Employee_ID ORDER BY count(*) DESC LIMIT 1,SELECT e.Name FROM employee e JOIN evaluation ev ON e.Employee_ID = ev.Employee_ID GROUP BY e.Employee_ID ORDER BY COUNT(ev.Year_awarded) DESC LIMIT 1,SELECT e.Name FROM employee e JOIN evaluation ev ON e.Employee_ID = ev.Employee_ID GROUP BY e.Employee_ID ORDER BY COUNT(ev.Year_awarded) DESC LIMIT 1,1.0,Resultados idênticos (ordered=True).
279,employee_hire_evaluation,Find the name of the employee who got the highest one time bonus.,SELECT t1.name FROM employee AS t1 JOIN evaluation AS t2 ON t1.Employee_ID  =  t2.Employee_ID ORDER BY t2.bonus DESC LIMIT 1,SELECT T1.Name FROM employee AS T1 JOIN evaluation AS T2 ON T1.Employee_ID = T2.Employee_ID ORDER BY T2.Bonus DESC LIMIT 1,SELECT T1.Name FROM employee AS T1 JOIN evaluation AS T2 ON T1.Employee_ID = T2.Employee_ID ORDER BY T2.Bonus DESC LIMIT 1,1.0,Resultados idênticos (ordered=True).
280,employee_hire_evaluation,Which employee received the biggest bonus? Give me the employee name.,SELECT t1.name FROM employee AS t1 JOIN evaluation AS t2 ON t1.Employee_ID  =  t2.Employee_ID ORDER BY t2.bonus DESC LIMIT 1,SELECT T1.Name FROM evaluation AS T1 JOIN employee AS T2 ON T1.Employee_ID = T2.Employee_ID ORDER BY T1.Bonus DESC LIMIT 1;,SELECT T1.Name FROM evaluation AS T1 JOIN employee AS T2 ON T1.Employee_ID = T2.Employee_ID ORDER BY T1.Bonus DESC LIMIT 1,0.0,Falha ao executar a consulta gerada: no such column: T1.Name
281,employee_hire_evaluation,Find the names of employees who never won any award in the evaluation.,SELECT name FROM employee WHERE Employee_ID NOT IN (SELECT Employee_ID FROM evaluation),SELECT E.Name FROM employee E WHERE E.Employee_ID NOT IN (SELECT Employee_ID FROM evaluation),SELECT E.Name FROM employee E WHERE E.Employee_ID NOT IN (SELECT Employee_ID FROM evaluation),1.0,Resultados idênticos (ordered=False).
282,employee_hire_evaluation,What are the names of the employees who never received any evaluation?,SELECT name FROM employee WHERE Employee_ID NOT IN (SELECT Employee_ID FROM evaluation),SELECT E.Name FROM employee E WHERE E.Employee_ID NOT IN (SELECT Employee_ID FROM evaluation),SELECT E.Name FROM employee E WHERE E.Employee_ID NOT IN (SELECT Employee_ID FROM evaluation),1.0,Resultados idênticos (ordered=False).
283,employee_hire_evaluation,What is the name of the shop that is hiring the largest number of employees?,SELECT t2.name FROM hiring AS t1 JOIN shop AS t2 ON t1.shop_id  =  t2.shop_id GROUP BY t1.shop_id ORDER BY count(*) DESC LIMIT 1,SELECT T1.Name FROM shop AS T1 JOIN hiring AS T2 ON T1.Shop_ID = T2.Employee_ID GROUP BY T2.Employee_ID ORDER BY COUNT(T2.Employee_ID) DESC LIMIT 1,SELECT T1.Name FROM shop AS T1 JOIN hiring AS T2 ON T1.Shop_ID = T2.Employee_ID GROUP BY T2.Employee_ID ORDER BY COUNT(T2.Employee_ID) DESC LIMIT 1,1.0,Resultados idênticos (ordered=True).
284,employee_hire_evaluation,Which shop has the most employees? Give me the shop name.,SELECT t2.name FROM hiring AS t1 JOIN shop AS t2 ON t1.shop_id  =  t2.shop_id GROUP BY t1.shop_id ORDER BY count(*) DESC LIMIT 1,SELECT S.Name FROM shop S JOIN hiring H ON S.Shop_ID = H.Employee_ID GROUP BY S.Shop_ID ORDER BY COUNT(H.Employee_ID) DESC LIMIT 1,SELECT S.Name FROM shop S JOIN hiring H ON S.Shop_ID = H.Employee_ID GROUP BY S.Shop_ID ORDER BY COUNT(H.Employee_ID) DESC LIMIT 1,1.0,Resultados idênticos (ordered=True).
285,employee_hire_evaluation,Find the name of the shops that do not hire any employee.,SELECT name FROM shop WHERE shop_id NOT IN (SELECT shop_id FROM hiring),SELECT Name FROM shop WHERE Shop_ID NOT IN (SELECT Employee_ID FROM hiring),SELECT Name FROM shop WHERE Shop_ID NOT IN (SELECT Employee_ID FROM hiring),0.0,"Resultados divergentes (ordered=False). gold=3 linhas, pred=2 linhas."
286,employee_hire_evaluation,Which shops run with no employees? Find the shop names,SELECT name FROM shop WHERE shop_id NOT IN (SELECT shop_id FROM hiring),SELECT Name FROM shop WHERE Employee_ID IS NULL,SELECT Name FROM shop WHERE Employee_ID IS NULL,0.0,Falha ao executar a consulta gerada: no such column: Employee_ID
287,employee_hire_evaluation,Find the number of employees hired in each shop; show the shop name as well.,"SELECT count(*) ,  t2.name FROM hiring AS t1 JOIN shop AS t2 ON t1.shop_id  =  t2.shop_id GROUP BY t2.name","SELECT sh.Name, COUNT(h.Employee_ID) AS Number_of_Employees FROM shop sh JOIN hiring h ON sh.Shop_ID = h.Employee_ID GROUP BY sh.Shop_ID;","SELECT sh.Name, COUNT(h.Employee_ID) AS Number_of_Employees FROM shop sh JOIN hiring h ON sh.Shop_ID = h.Employee_ID GROUP BY sh.Shop_ID",0.0,"Resultados divergentes (ordered=False). gold=6 linhas, pred=7 linhas."
288,employee_hire_evaluation,"For each shop, return the number of employees working there and the name of the shop.","SELECT count(*) ,  t2.name FROM hiring AS t1 JOIN shop AS t2 ON t1.shop_id  =  t2.shop_id GROUP BY t2.name","SELECT s.Name, COUNT(e.Employee_ID) AS Employee_Count FROM shop s JOIN hiring h ON s.Shop_ID = h.Employee_ID GROUP BY s.Shop_ID;","SELECT s.Name, COUNT(e.Employee_ID) AS Employee_Count FROM shop s JOIN hiring h ON s.Shop_ID = h.Employee_ID GROUP BY s.Shop_ID",0.0,Falha ao executar a consulta gerada: no such column: e.Employee_ID
289,employee_hire_evaluation,What is total bonus given in all evaluations?,SELECT sum(bonus) FROM evaluation,SELECT SUM(Bonus) FROM evaluation,SELECT SUM(Bonus) FROM evaluation,1.0,Resultados idênticos (ordered=False).
290,employee_hire_evaluation,Find the total amount of bonus given in all the evaluations.,SELECT sum(bonus) FROM evaluation,SELECT SUM(Bonus) FROM evaluation,SELECT SUM(Bonus) FROM evaluation,1.0,Resultados idênticos (ordered=False).
291,employee_hire_evaluation,Give me all the information about hiring.,SELECT * FROM hiring,"SELECT h.Employee_ID, e.Name, h.Start_from, h.Is_full_time FROM hiring AS h JOIN employee AS e ON h.Employee_ID = e.Employee_ID","SELECT h.Employee_ID, e.Name, h.Start_from, h.Is_full_time FROM hiring AS h JOIN employee AS e ON h.Employee_ID = e.Employee_ID",0.0,"Resultados divergentes (ordered=False). gold=7 linhas, pred=7 linhas."
292,employee_hire_evaluation,What is all the information about hiring?,SELECT * FROM hiring,"SELECT h.Employee_ID, e.Name, h.Start_from, h.Is_full_time FROM hiring AS h JOIN employee AS e ON h.Employee_ID = e.Employee_ID","SELECT h.Employee_ID, e.Name, h.Start_from, h.Is_full_time FROM hiring AS h JOIN employee AS e ON h.Employee_ID = e.Employee_ID",0.0,"Resultados divergentes (ordered=False). gold=7 linhas, pred=7 linhas."
293,employee_hire_evaluation,Which district has both stores with less than 3000 products and stores with more than 10000 products?,SELECT district FROM shop WHERE Number_products  <  3000 INTERSECT SELECT district FROM shop WHERE Number_products  >  10000,SELECT h.District FROM hiring h JOIN shop s ON h.Shop_ID = s.Shop_ID WHERE s.Number_products < 3000 OR s.Number_products > 10000 GROUP BY h.District HAVING COUNT(DISTINCT s.Shop_ID) = 2,SELECT h.District FROM hiring h JOIN shop s ON h.Shop_ID = s.Shop_ID WHERE s.Number_products < 3000 OR s.Number_products > 10000 GROUP BY h.District HAVING COUNT(DISTINCT s.Shop_ID) = 2,0.0,Falha ao executar a consulta gerada: no such column: h.District
294,employee_hire_evaluation,Find the districts in which there are both shops selling less than 3000 products and shops selling more than 10000 products.,SELECT district FROM shop WHERE Number_products  <  3000 INTERSECT SELECT district FROM shop WHERE Number_products  >  10000,SELECT DISTINCT h.District FROM hiring h JOIN shop s ON h.Shop_ID = s.Shop_ID WHERE s.Number_products < 3000 INTERSECT SELECT DISTINCT h.District FROM hiring h JOIN shop s ON h.Shop_ID = s.Shop_ID WHERE s.Number_products > 10000,SELECT DISTINCT h.District FROM hiring h JOIN shop s ON h.Shop_ID = s.Shop_ID WHERE s.Number_products < 3000 INTERSECT SELECT DISTINCT h.District FROM hiring h JOIN shop s ON h.Shop_ID = s.Shop_ID WHERE s.Number_products > 10000,0.0,Falha ao executar a consulta gerada: no such column: h.District
295,employee_hire_evaluation,How many different store locations are there?,SELECT count(DISTINCT LOCATION) FROM shop,SELECT COUNT(DISTINCT Location) FROM shop,SELECT COUNT(DISTINCT Location) FROM shop,1.0,Resultados idênticos (ordered=False).
296,employee_hire_evaluation,Count the number of distinct store locations.,SELECT count(DISTINCT LOCATION) FROM shop,SELECT COUNT(DISTINCT Location) FROM shop,SELECT COUNT(DISTINCT Location) FROM shop,1.0,Resultados idênticos (ordered=False).
297,cre_Doc_Template_Mgt,How many documents do we have?,SELECT count(*) FROM Documents,SELECT COUNT(*) FROM Documents,SELECT COUNT(*) FROM Documents,1.0,Resultados idênticos (ordered=False).
298,cre_Doc_Template_Mgt,Count the number of documents.,SELECT count(*) FROM Documents,SELECT COUNT(*) FROM Documents,SELECT COUNT(*) FROM Documents,1.0,Resultados idênticos (ordered=False).
299,cre_Doc_Template_Mgt,"List document IDs, document names, and document descriptions for all documents.","SELECT document_id ,  document_name ,  document_description FROM Documents","SELECT Document_ID, Document_Name, Document_Description FROM Documents","SELECT Document_ID, Document_Name, Document_Description FROM Documents",1.0,Resultados idênticos (ordered=False).
300,cre_Doc_Template_Mgt,"What are the ids, names, and descriptions for all documents?","SELECT document_id ,  document_name ,  document_description FROM Documents","SELECT Document_ID, Document_Name, Document_Description FROM Documents","SELECT Document_ID, Document_Name, Document_Description FROM Documents",1.0,Resultados idênticos (ordered=False).
301,cre_Doc_Template_Mgt,What is the document name and template id for document with description with the letter 'w' in it?,"SELECT document_name ,  template_id FROM Documents WHERE Document_Description LIKE ""%w%""","SELECT T1.Document_Name, T1.Template_ID FROM Documents AS T1 JOIN Templates AS T2 ON T1.Template_ID = T2.Template_ID WHERE T1.Other_Details LIKE '%w%'","SELECT T1.Document_Name, T1.Template_ID FROM Documents AS T1 JOIN Templates AS T2 ON T1.Template_ID = T2.Template_ID WHERE T1.Other_Details LIKE '%w%'",0.0,"Resultados divergentes (ordered=False). gold=2 linhas, pred=0 linhas."
302,cre_Doc_Template_Mgt,Return the names and template ids for documents that contain the letter w in their description.,"SELECT document_name ,  template_id FROM Documents WHERE Document_Description LIKE ""%w%""","SELECT T1.Document_Name, T1.Template_ID FROM Documents AS T1 JOIN Templates AS T2 ON T1.Template_ID = T2.Template_ID WHERE T1.Document_Name LIKE '%w%'","SELECT T1.Document_Name, T1.Template_ID FROM Documents AS T1 JOIN Templates AS T2 ON T1.Template_ID = T2.Template_ID WHERE T1.Document_Name LIKE '%w%'",0.0,"Resultados divergentes (ordered=False). gold=2 linhas, pred=6 linhas."
303,cre_Doc_Template_Mgt,"What is the document id, template id and description for document named ""Robbin CV""?","SELECT document_id ,  template_id ,  Document_Description FROM Documents WHERE document_name  =  ""Robbin CV""","SELECT T1.Document_ID, T1.Template_ID, T1.Template_Details FROM Documents AS T1 JOIN Templates AS T2 ON T1.Template_ID = T2.Template_ID WHERE T1.Document_Name = 'Robbin CV'","SELECT T1.Document_ID, T1.Template_ID, T1.Template_Details FROM Documents AS T1 JOIN Templates AS T2 ON T1.Template_ID = T2.Template_ID WHERE T1.Document_Name = 'Robbin CV'",0.0,Falha ao executar a consulta gerada: no such column: T1.Template_Details
304,cre_Doc_Template_Mgt,"Return the document id, template id, and description for the document with the name Robbin CV.","SELECT document_id ,  template_id ,  Document_Description FROM Documents WHERE document_name  =  ""Robbin CV""","SELECT T1.Document_ID, T1.Template_ID, T1.Document_Description FROM Documents AS T1 JOIN Templates AS T2 ON T1.Template_ID = T2.Template_ID WHERE T1.Document_Name = 'Robbin CV'","SELECT T1.Document_ID, T1.Template_ID, T1.Document_Description FROM Documents AS T1 JOIN Templates AS T2 ON T1.Template_ID = T2.Template_ID WHERE T1.Document_Name = 'Robbin CV'",1.0,Resultados idênticos (ordered=False).
305,cre_Doc_Template_Mgt,How many different templates do all document use?,SELECT count(DISTINCT template_id) FROM Documents,SELECT COUNT(DISTINCT Template_ID) FROM Templates,SELECT COUNT(DISTINCT Template_ID) FROM Templates,0.0,"Resultados divergentes (ordered=False). gold=1 linhas, pred=1 linhas."
306,cre_Doc_Template_Mgt,Count the number of different templates used for documents.,SELECT count(DISTINCT template_id) FROM Documents,SELECT COUNT(DISTINCT T.Template_ID) FROM Templates T JOIN Documents D ON T.Template_ID = D.Template_ID,SELECT COUNT(DISTINCT T.Template_ID) FROM Templates T JOIN Documents D ON T.Template_ID = D.Template_ID,1.0,Resultados idênticos (ordered=False).
307,cre_Doc_Template_Mgt,How many documents are using the template with type code 'PPT'?,SELECT count(*) FROM Documents AS T1 JOIN Templates AS T2 ON T1.Template_ID  =  T2.Template_ID WHERE T2.Template_Type_Code  =  'PPT',SELECT COUNT(D.Document_ID) FROM Documents AS D JOIN Templates AS T ON D.Template_ID = T.Template_ID WHERE T.Template_Type_Code = 'PPT',SELECT COUNT(D.Document_ID) FROM Documents AS D JOIN Templates AS T ON D.Template_ID = T.Template_ID WHERE T.Template_Type_Code = 'PPT',1.0,Resultados idênticos (ordered=False).
308,cre_Doc_Template_Mgt,Count the number of documents that use the PPT template type.,SELECT count(*) FROM Documents AS T1 JOIN Templates AS T2 ON T1.Template_ID  =  T2.Template_ID WHERE T2.Template_Type_Code  =  'PPT',SELECT COUNT(D.Document_ID) FROM Documents AS D JOIN Templates AS T ON D.Template_ID = T.Template_ID WHERE T.Template_Type_Code = 'P' AND T.Template_Type_Code = 'PPT',SELECT COUNT(D.Document_ID) FROM Documents AS D JOIN Templates AS T ON D.Template_ID = T.Template_ID WHERE T.Template_Type_Code = 'P' AND T.Template_Type_Code = 'PPT',0.0,"Resultados divergentes (ordered=False). gold=1 linhas, pred=1 linhas."
309,cre_Doc_Template_Mgt,Show all template ids and number of documents using each template.,"SELECT template_id ,  count(*) FROM Documents GROUP BY template_id","SELECT T.Template_ID, COUNT(D.Document_ID) FROM Templates T LEFT JOIN Documents D ON T.Template_ID = D.Template_ID GROUP BY T.Template_ID","SELECT T.Template_ID, COUNT(D.Document_ID) FROM Templates T LEFT JOIN Documents D ON T.Template_ID = D.Template_ID GROUP BY T.Template_ID",0.0,"Resultados divergentes (ordered=False). gold=12 linhas, pred=20 linhas."
310,cre_Doc_Template_Mgt,"What are all different template ids used for documents, and how many times were each of them used?","SELECT template_id ,  count(*) FROM Documents GROUP BY template_id","SELECT T.Template_ID, COUNT(D.Document_ID) FROM Templates T LEFT JOIN Documents D ON T.Template_ID = D.Template_ID GROUP BY T.Template_ID","SELECT T.Template_ID, COUNT(D.Document_ID) FROM Templates T LEFT JOIN Documents D ON T.Template_ID = D.Template_ID GROUP BY T.Template_ID",0.0,"Resultados divergentes (ordered=False). gold=12 linhas, pred=20 linhas."
311,cre_Doc_Template_Mgt,What is the id and type code for the template used by the most documents?,"SELECT T1.template_id ,  T2.Template_Type_Code FROM Documents AS T1 JOIN Templates AS T2 ON T1.template_id  =  T2.template_id GROUP BY T1.template_id ORDER BY count(*) DESC LIMIT 1","SELECT T.Template_ID, T.Template_Type_Code FROM Templates T WHERE T.Template_ID = (SELECT DT.Document_ID FROM Documents DT GROUP BY DT.Document_ID ORDER BY COUNT(DT.Template_ID) DESC LIMIT 1) GROUP BY T.Template_ID, T.Template_Type_Code","SELECT T.Template_ID, T.Template_Type_Code FROM Templates T WHERE T.Template_ID = (SELECT DT.Document_ID FROM Documents DT GROUP BY DT.Document_ID ORDER BY COUNT(DT.Template_ID) DESC LIMIT 1) GROUP BY T.Template_ID, T.Template_Type_Code",0.0,"Resultados divergentes (ordered=True). gold=1 linhas, pred=1 linhas."
312,cre_Doc_Template_Mgt,Return the id and type code of the template that is used for the greatest number of documents.,"SELECT T1.template_id ,  T2.Template_Type_Code FROM Documents AS T1 JOIN Templates AS T2 ON T1.template_id  =  T2.template_id GROUP BY T1.template_id ORDER BY count(*) DESC LIMIT 1","SELECT T.Template_ID, T.Template_Type_Code FROM Templates AS T JOIN Documents AS D ON T.Template_ID = D.Template_ID GROUP BY T.Template_ID ORDER BY COUNT(D.Document_ID) DESC LIMIT 1","SELECT T.Template_ID, T.Template_Type_Code FROM Templates AS T JOIN Documents AS D ON T.Template_ID = D.Template_ID GROUP BY T.Template_ID ORDER BY COUNT(D.Document_ID) DESC LIMIT 1",1.0,Resultados idênticos (ordered=True).
313,cre_Doc_Template_Mgt,Show ids for all templates that are used by more than one document.,SELECT template_id FROM Documents GROUP BY template_id HAVING count(*)  >  1,"SELECT T.Template_ID FROM Templates T 
JOIN Documents D ON T.Template_ID = D.Template_ID 
GROUP BY T.Template_ID 
HAVING COUNT(D.Document_ID) > 1","SELECT T.Template_ID FROM Templates T 
JOIN Documents D ON T.Template_ID = D.Template_ID 
GROUP BY T.Template_ID 
HAVING COUNT(D.Document_ID) > 1",1.0,Resultados idênticos (ordered=False).
314,cre_Doc_Template_Mgt,What are the template ids of any templates used in more than a single document?,SELECT template_id FROM Documents GROUP BY template_id HAVING count(*)  >  1,"SELECT T.Template_ID FROM Templates T WHERE T.Template_ID IN (
    SELECT T.Template_ID FROM Templates T JOIN Documents D ON T.Template_ID = D.Template_ID GROUP BY T.Template_ID HAVING COUNT(D.Document_ID) > 1
)","SELECT T.Template_ID FROM Templates T WHERE T.Template_ID IN (
    SELECT T.Template_ID FROM Templates T JOIN Documents D ON T.Template_ID = D.Template_ID GROUP BY T.Template_ID HAVING COUNT(D.Document_ID) > 1
)",1.0,Resultados idênticos (ordered=False).
315,cre_Doc_Template_Mgt,Show ids for all templates not used by any document.,SELECT template_id FROM Templates EXCEPT SELECT template_id FROM Documents,SELECT Template_ID FROM Templates WHERE Template_ID NOT IN (SELECT DISTINCT Template_ID FROM Documents),SELECT Template_ID FROM Templates WHERE Template_ID NOT IN (SELECT DISTINCT Template_ID FROM Documents),1.0,Resultados idênticos (ordered=False).
316,cre_Doc_Template_Mgt,What are the ids for templates that are not used in any documents?,SELECT template_id FROM Templates EXCEPT SELECT template_id FROM Documents,SELECT Template_ID FROM Templates WHERE Template_ID NOT IN (SELECT DISTINCT Template_ID FROM Documents),SELECT Template_ID FROM Templates WHERE Template_ID NOT IN (SELECT DISTINCT Template_ID FROM Documents),1.0,Resultados idênticos (ordered=False).
317,cre_Doc_Template_Mgt,How many templates do we have?,SELECT count(*) FROM Templates,SELECT COUNT(DISTINCT Template_ID) FROM Templates,SELECT COUNT(DISTINCT Template_ID) FROM Templates,1.0,Resultados idênticos (ordered=False).
318,cre_Doc_Template_Mgt,Count the number of templates.,SELECT count(*) FROM Templates,SELECT COUNT(*) FROM Templates,SELECT COUNT(*) FROM Templates,1.0,Resultados idênticos (ordered=False).
319,cre_Doc_Template_Mgt,"Show template ids, version numbers, and template type codes for all templates.","SELECT template_id ,  version_number ,  template_type_code FROM Templates","SELECT Template_ID, Version_Number, Template_Type_Code FROM Templates","SELECT Template_ID, Version_Number, Template_Type_Code FROM Templates",1.0,Resultados idênticos (ordered=False).
320,cre_Doc_Template_Mgt,"What are the ids, version numbers, and type codes for each template?","SELECT template_id ,  version_number ,  template_type_code FROM Templates","SELECT T.Template_ID, T.Version_Number, T.Template_Type_Code FROM Templates AS T","SELECT T.Template_ID, T.Version_Number, T.Template_Type_Code FROM Templates AS T",1.0,Resultados idênticos (ordered=False).
321,cre_Doc_Template_Mgt,Show all distinct template type codes for all templates.,SELECT DISTINCT template_type_code FROM Templates,SELECT DISTINCT Template_Type_Code FROM Templates,SELECT DISTINCT Template_Type_Code FROM Templates,1.0,Resultados idênticos (ordered=False).
322,cre_Doc_Template_Mgt,What are the different template type codes?,SELECT DISTINCT template_type_code FROM Templates,SELECT DISTINCT Template_Type_Code FROM Ref_Template_Types,SELECT DISTINCT Template_Type_Code FROM Ref_Template_Types,1.0,Resultados idênticos (ordered=False).
323,cre_Doc_Template_Mgt,What are the ids of templates with template type code PP or PPT?,"SELECT template_id FROM Templates WHERE template_type_code  =  ""PP"" OR template_type_code  =  ""PPT""","SELECT Template_ID FROM Templates WHERE Template_Type_Code IN ('PP', 'PPT')","SELECT Template_ID FROM Templates WHERE Template_Type_Code IN ('PP', 'PPT')",1.0,Resultados idênticos (ordered=False).
324,cre_Doc_Template_Mgt,Return the ids of templates that have the code PP or PPT.,"SELECT template_id FROM Templates WHERE template_type_code  =  ""PP"" OR template_type_code  =  ""PPT""","SELECT Template_ID FROM Templates WHERE Template_Type_Code IN ('PP', 'PPT')","SELECT Template_ID FROM Templates WHERE Template_Type_Code IN ('PP', 'PPT')",1.0,Resultados idênticos (ordered=False).
325,cre_Doc_Template_Mgt,How many templates have template type code CV?,"SELECT count(*) FROM Templates WHERE template_type_code  =  ""CV""",SELECT COUNT(Template_ID) FROM Templates WHERE Template_Type_Code = 'CV',SELECT COUNT(Template_ID) FROM Templates WHERE Template_Type_Code = 'CV',1.0,Resultados idênticos (ordered=False).
326,cre_Doc_Template_Mgt,Count the number of templates of the type CV.,"SELECT count(*) FROM Templates WHERE template_type_code  =  ""CV""",SELECT COUNT(Template_ID) FROM Templates WHERE Template_Type_Code = 'CV',SELECT COUNT(Template_ID) FROM Templates WHERE Template_Type_Code = 'CV',1.0,Resultados idênticos (ordered=False).
327,cre_Doc_Template_Mgt,What is the version number and template type code for the template with version number later than 5?,"SELECT version_number ,  template_type_code FROM Templates WHERE version_number  >  5","SELECT T.Template_Type_Code, T.Version_Number FROM Templates AS T WHERE T.Version_Number > 5 AND T.Template_ID IN (SELECT T2.Template_ID FROM Templates AS T2 WHERE T2.Version_Number > 5)","SELECT T.Template_Type_Code, T.Version_Number FROM Templates AS T WHERE T.Version_Number > 5 AND T.Template_ID IN (SELECT T2.Template_ID FROM Templates AS T2 WHERE T2.Version_Number > 5)",0.0,"Resultados divergentes (ordered=False). gold=9 linhas, pred=9 linhas."
328,cre_Doc_Template_Mgt,Return the version numbers and template type codes of templates with a version number greater than 5.,"SELECT version_number ,  template_type_code FROM Templates WHERE version_number  >  5","SELECT T.Template_Type_Code, T.Version_Number FROM Templates T WHERE T.Version_Number > 5","SELECT T.Template_Type_Code, T.Version_Number FROM Templates T WHERE T.Version_Number > 5",0.0,"Resultados divergentes (ordered=False). gold=9 linhas, pred=9 linhas."
329,cre_Doc_Template_Mgt,Show all template type codes and number of templates for each.,"SELECT template_type_code ,  count(*) FROM Templates GROUP BY template_type_code","SELECT T.Template_Type_Code, COUNT(T.Template_ID) AS Template_Count 
FROM Ref_Template_Types T 
JOIN Templates S ON T.Template_Type_Code = S.Template_Type_Code 
GROUP BY T.Template_Type_Code","SELECT T.Template_Type_Code, COUNT(T.Template_ID) AS Template_Count 
FROM Ref_Template_Types T 
JOIN Templates S ON T.Template_Type_Code = S.Template_Type_Code 
GROUP BY T.Template_Type_Code",0.0,Falha ao executar a consulta gerada: no such column: T.Template_ID
330,cre_Doc_Template_Mgt,"What are the different template type codes, and how many templates correspond to each?","SELECT template_type_code ,  count(*) FROM Templates GROUP BY template_type_code","SELECT T.Template_Type_Code, COUNT(Template_ID) FROM Ref_Template_Types AS T JOIN Templates AS T2 ON T.Template_Type_Code = T2.Template_Type_Code GROUP BY T.Template_Type_Code","SELECT T.Template_Type_Code, COUNT(Template_ID) FROM Ref_Template_Types AS T JOIN Templates AS T2 ON T.Template_Type_Code = T2.Template_Type_Code GROUP BY T.Template_Type_Code",1.0,Resultados idênticos (ordered=False).
331,cre_Doc_Template_Mgt,Which template type code has most number of templates?,SELECT template_type_code FROM Templates GROUP BY template_type_code ORDER BY count(*) DESC LIMIT 1,SELECT Template_Type_Code FROM Templates GROUP BY Template_Type_Code ORDER BY COUNT(*) DESC LIMIT 1,SELECT Template_Type_Code FROM Templates GROUP BY Template_Type_Code ORDER BY COUNT(*) DESC LIMIT 1,1.0,Resultados idênticos (ordered=True).
332,cre_Doc_Template_Mgt,Return the type code of the template type that the most templates belong to.,SELECT template_type_code FROM Templates GROUP BY template_type_code ORDER BY count(*) DESC LIMIT 1,SELECT Template_Type_Code FROM Ref_Template_Types WHERE Template_Type_Code IN (SELECT Template_Type_Code FROM Templates GROUP BY Template_Type_Code ORDER BY COUNT(Template_ID) DESC LIMIT 1),SELECT Template_Type_Code FROM Ref_Template_Types WHERE Template_Type_Code IN (SELECT Template_Type_Code FROM Templates GROUP BY Template_Type_Code ORDER BY COUNT(Template_ID) DESC LIMIT 1),1.0,Resultados idênticos (ordered=True).
333,cre_Doc_Template_Mgt,Show all template type codes with less than three templates.,SELECT template_type_code FROM Templates GROUP BY template_type_code HAVING count(*)  <  3,SELECT Template_Type_Code FROM Ref_Template_Types WHERE Template_Type_Code IN (SELECT Template_Type_Code FROM Templates GROUP BY Template_Type_Code HAVING COUNT(Template_ID) < 3),SELECT Template_Type_Code FROM Ref_Template_Types WHERE Template_Type_Code IN (SELECT Template_Type_Code FROM Templates GROUP BY Template_Type_Code HAVING COUNT(Template_ID) < 3),1.0,Resultados idênticos (ordered=False).
334,cre_Doc_Template_Mgt,What are the codes of template types that have fewer than 3 templates?,SELECT template_type_code FROM Templates GROUP BY template_type_code HAVING count(*)  <  3,SELECT Template_Type_Code FROM Ref_Template_Types WHERE Template_Type_Code IN (SELECT Template_Type_Code FROM Templates GROUP BY Template_Type_Code HAVING COUNT(Template_ID) < 3),SELECT Template_Type_Code FROM Ref_Template_Types WHERE Template_Type_Code IN (SELECT Template_Type_Code FROM Templates GROUP BY Template_Type_Code HAVING COUNT(Template_ID) < 3),1.0,Resultados idênticos (ordered=False).
335,cre_Doc_Template_Mgt,What the smallest version number and its template type code?,"SELECT min(Version_Number) ,  template_type_code FROM Templates","SELECT MIN(Template_ID), Template_Type_Code FROM Templates WHERE Date_Effective_To IS NULL GROUP BY Template_Type_Code ORDER BY MIN(Template_ID) ASC LIMIT 1","SELECT MIN(Template_ID), Template_Type_Code FROM Templates WHERE Date_Effective_To IS NULL GROUP BY Template_Type_Code ORDER BY MIN(Template_ID) ASC LIMIT 1",0.0,"Resultados divergentes (ordered=False). gold=1 linhas, pred=0 linhas."
336,cre_Doc_Template_Mgt,"Return the lowest version number, along with its corresponding template type code.","SELECT min(Version_Number) ,  template_type_code FROM Templates","SELECT T.Template_Type_Code, MIN(TV.Version_Number) AS Lowest_Version FROM Templates T JOIN TVersions TV ON T.Template_ID = TV.Template_ID GROUP BY T.Template_Type_Code ORDER BY Lowest_Version ASC LIMIT 1","SELECT T.Template_Type_Code, MIN(TV.Version_Number) AS Lowest_Version FROM Templates T JOIN TVersions TV ON T.Template_ID = TV.Template_ID GROUP BY T.Template_Type_Code ORDER BY Lowest_Version ASC LIMIT 1",0.0,Falha ao executar a consulta gerada: no such table: TVersions
337,cre_Doc_Template_Mgt,"What is the template type code of the template used by document with the name ""Data base""?","SELECT T1.template_type_code FROM Templates AS T1 JOIN Documents AS T2 ON T1.template_id  =  T2.template_id WHERE T2.document_name  =  ""Data base""",SELECT T.Template_Type_Code FROM Templates AS T JOIN Documents AS D ON T.Template_ID = D.Template_ID WHERE D.Document_Name = 'Data base',SELECT T.Template_Type_Code FROM Templates AS T JOIN Documents AS D ON T.Template_ID = D.Template_ID WHERE D.Document_Name = 'Data base',1.0,Resultados idênticos (ordered=False).
338,cre_Doc_Template_Mgt,Return the template type code of the template that is used by a document named Data base.,"SELECT T1.template_type_code FROM Templates AS T1 JOIN Documents AS T2 ON T1.template_id  =  T2.template_id WHERE T2.document_name  =  ""Data base""",SELECT T.Template_Type_Code FROM Templates AS T JOIN Documents AS D ON T.Template_ID = D.Template_ID WHERE D.Document_Name = 'Data base',SELECT T.Template_Type_Code FROM Templates AS T JOIN Documents AS D ON T.Template_ID = D.Template_ID WHERE D.Document_Name = 'Data base',1.0,Resultados idênticos (ordered=False).
339,cre_Doc_Template_Mgt,Show all document names using templates with template type code BK.,"SELECT T2.document_name FROM Templates AS T1 JOIN Documents AS T2 ON T1.template_id  =  T2.template_id WHERE T1.template_type_code  =  ""BK""",SELECT T1.Document_Name FROM Documents AS T1 JOIN Templates AS T2 ON T1.Template_ID = T2.Template_ID WHERE T2.Template_Type_Code = 'BK',SELECT T1.Document_Name FROM Documents AS T1 JOIN Templates AS T2 ON T1.Template_ID = T2.Template_ID WHERE T2.Template_Type_Code = 'BK',1.0,Resultados idênticos (ordered=False).
340,cre_Doc_Template_Mgt,What are the names of documents that use templates with the code BK?,"SELECT T2.document_name FROM Templates AS T1 JOIN Documents AS T2 ON T1.template_id  =  T2.template_id WHERE T1.template_type_code  =  ""BK""",SELECT T1.Document_Name FROM Documents AS T1 JOIN Templates AS T2 ON T1.Template_ID = T2.Template_ID WHERE T2.Template_Type_Code = 'BK',SELECT T1.Document_Name FROM Documents AS T1 JOIN Templates AS T2 ON T1.Template_ID = T2.Template_ID WHERE T2.Template_Type_Code = 'BK',1.0,Resultados idênticos (ordered=False).
341,cre_Doc_Template_Mgt,Show all template type codes and the number of documents using each type.,"SELECT T1.template_type_code ,  count(*) FROM Templates AS T1 JOIN Documents AS T2 ON T1.template_id  =  T2.template_id GROUP BY T1.template_type_code","SELECT T.Template_Type_Code, COUNT(D.Document_ID) AS Document_Count 
FROM Templates T 
JOIN Documents D ON T.Template_ID = D.Template_ID 
GROUP BY T.Template_Type_Code","SELECT T.Template_Type_Code, COUNT(D.Document_ID) AS Document_Count 
FROM Templates T 
JOIN Documents D ON T.Template_ID = D.Template_ID 
GROUP BY T.Template_Type_Code",1.0,Resultados idênticos (ordered=False).
342,cre_Doc_Template_Mgt,"What are the different template type codes, and how many documents use each type?","SELECT T1.template_type_code ,  count(*) FROM Templates AS T1 JOIN Documents AS T2 ON T1.template_id  =  T2.template_id GROUP BY T1.template_type_code","SELECT T.Template_Type_Code, COUNT(D.Document_ID) FROM Templates AS T JOIN Documents AS D ON T.Template_ID = D.Template_ID GROUP BY T.Template_Type_Code","SELECT T.Template_Type_Code, COUNT(D.Document_ID) FROM Templates AS T JOIN Documents AS D ON T.Template_ID = D.Template_ID GROUP BY T.Template_Type_Code",1.0,Resultados idênticos (ordered=False).
343,cre_Doc_Template_Mgt,Which template type code is used by most number of documents?,SELECT T1.template_type_code FROM Templates AS T1 JOIN Documents AS T2 ON T1.template_id  =  T2.template_id GROUP BY T1.template_type_code ORDER BY count(*) DESC LIMIT 1,SELECT T.Template_Type_Code FROM Templates AS T JOIN Documents AS D ON T.Template_ID = D.Template_ID GROUP BY T.Template_Type_Code ORDER BY COUNT(D.Document_ID) DESC LIMIT 1,SELECT T.Template_Type_Code FROM Templates AS T JOIN Documents AS D ON T.Template_ID = D.Template_ID GROUP BY T.Template_Type_Code ORDER BY COUNT(D.Document_ID) DESC LIMIT 1,1.0,Resultados idênticos (ordered=True).
344,cre_Doc_Template_Mgt,Return the code of the template type that is most commonly used in documents.,SELECT T1.template_type_code FROM Templates AS T1 JOIN Documents AS T2 ON T1.template_id  =  T2.template_id GROUP BY T1.template_type_code ORDER BY count(*) DESC LIMIT 1,SELECT Template_Type_Code FROM Ref_Template_Types WHERE Template_Type_Code IN (SELECT DISTINCT Template_Type_Code FROM Templates WHERE Template_ID IN (SELECT Template_ID FROM Documents)) GROUP BY Template_Type_Code ORDER BY COUNT(Template_ID) DESC LIMIT 1,SELECT Template_Type_Code FROM Ref_Template_Types WHERE Template_Type_Code IN (SELECT DISTINCT Template_Type_Code FROM Templates WHERE Template_ID IN (SELECT Template_ID FROM Documents)) GROUP BY Template_Type_Code ORDER BY COUNT(Template_ID) DESC LIMIT 1,0.0,Falha ao executar a consulta gerada: no such column: Template_ID
345,cre_Doc_Template_Mgt,Show all template type codes that are not used by any document.,SELECT template_type_code FROM Templates EXCEPT SELECT template_type_code FROM Templates AS T1 JOIN Documents AS T2 ON T1.template_id  =  T2.template_id,SELECT Template_Type_Code FROM Ref_Template_Types WHERE Template_Type_Code NOT IN (SELECT Template_Type_Code FROM Templates WHERE EXISTS (SELECT 1 FROM Documents WHERE Templates.Template_ID = Documents.Template_ID)),SELECT Template_Type_Code FROM Ref_Template_Types WHERE Template_Type_Code NOT IN (SELECT Template_Type_Code FROM Templates WHERE EXISTS (SELECT 1 FROM Documents WHERE Templates.Template_ID = Documents.Template_ID)),1.0,Resultados idênticos (ordered=False).
346,cre_Doc_Template_Mgt,What are the codes of template types that are not used for any document?,SELECT template_type_code FROM Templates EXCEPT SELECT template_type_code FROM Templates AS T1 JOIN Documents AS T2 ON T1.template_id  =  T2.template_id,SELECT Template_Type_Code FROM Ref_Template_Types WHERE Template_Type_Code NOT IN (SELECT DISTINCT Template_Type_Code FROM Templates WHERE Template_Type_Code IS NOT NULL),SELECT Template_Type_Code FROM Ref_Template_Types WHERE Template_Type_Code NOT IN (SELECT DISTINCT Template_Type_Code FROM Templates WHERE Template_Type_Code IS NOT NULL),0.0,"Resultados divergentes (ordered=False). gold=1 linhas, pred=0 linhas."
347,cre_Doc_Template_Mgt,Show all template type codes and descriptions.,"SELECT template_type_code ,  template_type_description FROM Ref_template_types","SELECT Template_Type_Code, Template_Type_Description FROM Ref_Template_Types","SELECT Template_Type_Code, Template_Type_Description FROM Ref_Template_Types",1.0,Resultados idênticos (ordered=False).
348,cre_Doc_Template_Mgt,What are the type codes and descriptions for all template types?,"SELECT template_type_code ,  template_type_description FROM Ref_template_types","SELECT Template_Type_Code, Template_Type_Description FROM Ref_Template_Types","SELECT Template_Type_Code, Template_Type_Description FROM Ref_Template_Types",1.0,Resultados idênticos (ordered=False).
349,cre_Doc_Template_Mgt,"What is the template type descriptions for template type code ""AD"".","SELECT template_type_description FROM Ref_template_types WHERE template_type_code  =  ""AD""",SELECT Template_Type_Description FROM Ref_Template_Types WHERE Template_Type_Code = 'AD',SELECT Template_Type_Description FROM Ref_Template_Types WHERE Template_Type_Code = 'AD',1.0,Resultados idênticos (ordered=False).
350,cre_Doc_Template_Mgt,Return the template type description of the template type with the code AD.,"SELECT template_type_description FROM Ref_template_types WHERE template_type_code  =  ""AD""",SELECT Template_Type_Description FROM Ref_Template_Types WHERE Template_Type_Code = 'AD',SELECT Template_Type_Description FROM Ref_Template_Types WHERE Template_Type_Code = 'AD',1.0,Resultados idênticos (ordered=False).
351,cre_Doc_Template_Mgt,"What is the template type code for template type description ""Book"".","SELECT template_type_code FROM Ref_template_types WHERE template_type_description  =  ""Book""",SELECT Template_Type_Code FROM Ref_Template_Types WHERE Template_Type_Description = 'Book',SELECT Template_Type_Code FROM Ref_Template_Types WHERE Template_Type_Description = 'Book',1.0,Resultados idênticos (ordered=False).
352,cre_Doc_Template_Mgt,"Return the type code of the template type with the description ""Book"".","SELECT template_type_code FROM Ref_template_types WHERE template_type_description  =  ""Book""",SELECT Template_Type_Code FROM Ref_Template_Types WHERE Template_Type_Description = 'Book',SELECT Template_Type_Code FROM Ref_Template_Types WHERE Template_Type_Description = 'Book',1.0,Resultados idênticos (ordered=False).
353,cre_Doc_Template_Mgt,What are the distinct template type descriptions for the templates ever used by any document?,SELECT DISTINCT T1.template_type_description FROM Ref_template_types AS T1 JOIN Templates AS T2 ON T1.template_type_code  = T2.template_type_code JOIN Documents AS T3 ON T2.Template_ID  =  T3.template_ID,SELECT DISTINCT T.Template_Type_Description FROM Templates T JOIN Documents D ON T.Template_ID = D.Template_ID,SELECT DISTINCT T.Template_Type_Description FROM Templates T JOIN Documents D ON T.Template_ID = D.Template_ID,0.0,Falha ao executar a consulta gerada: no such column: T.Template_Type_Description
354,cre_Doc_Template_Mgt,Return the different descriptions for templates that have been used in a document.,SELECT DISTINCT T1.template_type_description FROM Ref_template_types AS T1 JOIN Templates AS T2 ON T1.template_type_code  = T2.template_type_code JOIN Documents AS T3 ON T2.Template_ID  =  T3.template_ID,SELECT DISTINCT T.Template_Details FROM Templates T JOIN Documents D ON T.Template_ID = D.Template_ID,SELECT DISTINCT T.Template_Details FROM Templates T JOIN Documents D ON T.Template_ID = D.Template_ID,0.0,"Resultados divergentes (ordered=False). gold=4 linhas, pred=1 linhas."
355,cre_Doc_Template_Mgt,"What are the template ids with template type description ""Presentation"".","SELECT T2.template_id FROM Ref_template_types AS T1 JOIN Templates AS T2 ON T1.template_type_code  = T2.template_type_code WHERE T1.template_type_description  =  ""Presentation""",SELECT T.Template_ID FROM Templates AS T JOIN Ref_Template_Types AS RT ON T.Template_Type_Code = RT.Template_Type_Code WHERE RT.Template_Type_Description = 'Presentation',SELECT T.Template_ID FROM Templates AS T JOIN Ref_Template_Types AS RT ON T.Template_Type_Code = RT.Template_Type_Code WHERE RT.Template_Type_Description = 'Presentation',1.0,Resultados idênticos (ordered=False).
356,cre_Doc_Template_Mgt,Return the ids corresponding to templates with the description 'Presentation'.,"SELECT T2.template_id FROM Ref_template_types AS T1 JOIN Templates AS T2 ON T1.template_type_code  = T2.template_type_code WHERE T1.template_type_description  =  ""Presentation""",SELECT Template_ID FROM Templates WHERE Template_Details = 'Presentation',SELECT Template_ID FROM Templates WHERE Template_Details = 'Presentation',0.0,"Resultados divergentes (ordered=False). gold=3 linhas, pred=0 linhas."
357,cre_Doc_Template_Mgt,How many paragraphs in total?,SELECT count(*) FROM Paragraphs,SELECT COUNT(*) FROM Paragraphs,SELECT COUNT(*) FROM Paragraphs,1.0,Resultados idênticos (ordered=False).
358,cre_Doc_Template_Mgt,Count the number of paragraphs.,SELECT count(*) FROM Paragraphs,SELECT COUNT(*) FROM Paragraphs,SELECT COUNT(*) FROM Paragraphs,1.0,Resultados idênticos (ordered=False).
359,cre_Doc_Template_Mgt,How many paragraphs for the document with name 'Summer Show'?,SELECT count(*) FROM Paragraphs AS T1 JOIN Documents AS T2 ON T1.document_ID  =  T2.document_ID WHERE T2.document_name  =  'Summer Show',SELECT COUNT(D.Document_ID) FROM Documents AS D JOIN Templates AS T ON D.Template_ID = T.Template_ID WHERE D.Document_Name = 'Summer Show',SELECT COUNT(D.Document_ID) FROM Documents AS D JOIN Templates AS T ON D.Template_ID = T.Template_ID WHERE D.Document_Name = 'Summer Show',1.0,Resultados idênticos (ordered=False).
360,cre_Doc_Template_Mgt,Count the number of paragraphs in the document named 'Summer Show'.,SELECT count(*) FROM Paragraphs AS T1 JOIN Documents AS T2 ON T1.document_ID  =  T2.document_ID WHERE T2.document_name  =  'Summer Show',SELECT COUNT(*) FROM Paragraphs WHERE Document_ID IN (SELECT Document_ID FROM Documents WHERE Document_Name = 'Summer Show'),SELECT COUNT(*) FROM Paragraphs WHERE Document_ID IN (SELECT Document_ID FROM Documents WHERE Document_Name = 'Summer Show'),1.0,Resultados idênticos (ordered=False).
361,cre_Doc_Template_Mgt,Show paragraph details for paragraph with text 'Korea ' .,select other_details from paragraphs where paragraph_text like 'korea',"SELECT Paragraph_ID, Document_ID, Paragraph_Text, Other_Details FROM Paragraphs WHERE Paragraph_Text = 'Korea '","SELECT Paragraph_ID, Document_ID, Paragraph_Text, Other_Details FROM Paragraphs WHERE Paragraph_Text = 'Korea '",0.0,"Resultados divergentes (ordered=False). gold=2 linhas, pred=0 linhas."
362,cre_Doc_Template_Mgt,What are the details for the paragraph that includes the text 'Korea ' ?,select other_details from paragraphs where paragraph_text like 'korea',"SELECT T2.Template_Type_Description, T3.Document_Name 
FROM Paragraphs AS T1 
JOIN Templates AS T2 ON T1.Document_ID = T2.Template_ID 
JOIN Documents AS T3 ON T1.Document_ID = T3.Document_ID 
WHERE T1.Paragraph_Text LIKE '%Korea%'","SELECT T2.Template_Type_Description, T3.Document_Name 
FROM Paragraphs AS T1 
JOIN Templates AS T2 ON T1.Document_ID = T2.Template_ID 
JOIN Documents AS T3 ON T1.Document_ID = T3.Document_ID 
WHERE T1.Paragraph_Text LIKE '%Korea%'",0.0,Falha ao executar a consulta gerada: no such column: T2.Template_Type_Description
363,cre_Doc_Template_Mgt,Show all paragraph ids and texts for the document with name 'Welcome to NY'.,"SELECT T1.paragraph_id ,   T1.paragraph_text FROM Paragraphs AS T1 JOIN Documents AS T2 ON T1.document_id  =  T2.document_id WHERE T2.Document_Name  =  'Welcome to NY'","SELECT P.Paragraph_ID, P.Paragraph_Text FROM Paragraphs P JOIN Documents D ON P.Document_ID = D.Document_ID WHERE D.Document_Name = 'Welcome to NY'","SELECT P.Paragraph_ID, P.Paragraph_Text FROM Paragraphs P JOIN Documents D ON P.Document_ID = D.Document_ID WHERE D.Document_Name = 'Welcome to NY'",1.0,Resultados idênticos (ordered=False).
364,cre_Doc_Template_Mgt,What are the ids and texts of paragraphs in the document titled 'Welcome to NY'?,"SELECT T1.paragraph_id ,   T1.paragraph_text FROM Paragraphs AS T1 JOIN Documents AS T2 ON T1.document_id  =  T2.document_id WHERE T2.Document_Name  =  'Welcome to NY'","SELECT T1.Paragraph_ID, T1.Paragraph_Text FROM Paragraphs AS T1 JOIN Documents AS T2 ON T1.Document_ID = T2.Document_ID WHERE T2.Document_Name = 'Welcome to NY'","SELECT T1.Paragraph_ID, T1.Paragraph_Text FROM Paragraphs AS T1 JOIN Documents AS T2 ON T1.Document_ID = T2.Document_ID WHERE T2.Document_Name = 'Welcome to NY'",1.0,Resultados idênticos (ordered=False).
365,cre_Doc_Template_Mgt,"Show all paragraph texts for the document ""Customer reviews"".","SELECT T1.paragraph_text FROM Paragraphs AS T1 JOIN Documents AS T2 ON T1.document_id  =  T2.document_id WHERE T2.document_name  =  ""Customer reviews""",SELECT T1.Paragraph_Text FROM Paragraphs AS T1 JOIN Documents AS T2 ON T1.Document_ID = T2.Document_ID WHERE T2.Document_Name = 'Customer reviews',SELECT T1.Paragraph_Text FROM Paragraphs AS T1 JOIN Documents AS T2 ON T1.Document_ID = T2.Document_ID WHERE T2.Document_Name = 'Customer reviews',1.0,Resultados idênticos (ordered=False).
366,cre_Doc_Template_Mgt,What are the paragraph texts for the document with the name 'Customer reviews'?,"SELECT T1.paragraph_text FROM Paragraphs AS T1 JOIN Documents AS T2 ON T1.document_id  =  T2.document_id WHERE T2.document_name  =  ""Customer reviews""",SELECT T2.Paragraph_Text FROM Documents AS T1 JOIN Paragraphs AS T2 ON T1.Document_ID = T2.Document_ID WHERE T1.Document_Name = 'Customer reviews',SELECT T2.Paragraph_Text FROM Documents AS T1 JOIN Paragraphs AS T2 ON T1.Document_ID = T2.Document_ID WHERE T1.Document_Name = 'Customer reviews',1.0,Resultados idênticos (ordered=False).
367,cre_Doc_Template_Mgt,Show all document ids and the number of paragraphs in each document. Order by document id.,"SELECT document_id ,  count(*) FROM Paragraphs GROUP BY document_id ORDER BY document_id","SELECT T1.Document_ID, COUNT(T2.Paragraph_ID) FROM Documents AS T1 LEFT JOIN Paragraphs AS T2 ON T1.Document_ID = T2.Document_ID GROUP BY T1.Document_ID ORDER BY T1.Document_ID","SELECT T1.Document_ID, COUNT(T2.Paragraph_ID) FROM Documents AS T1 LEFT JOIN Paragraphs AS T2 ON T1.Document_ID = T2.Document_ID GROUP BY T1.Document_ID ORDER BY T1.Document_ID",0.0,"Resultados divergentes (ordered=True). gold=10 linhas, pred=15 linhas."
368,cre_Doc_Template_Mgt,"Return the different document ids along with the number of paragraphs corresponding to each, ordered by id.","SELECT document_id ,  count(*) FROM Paragraphs GROUP BY document_id ORDER BY document_id","SELECT T1.Document_ID, COUNT(T2.Paragraph_ID) AS Paragraph_Count FROM Documents AS T1 JOIN Paragraphs AS T2 ON T1.Document_ID = T2.Document_ID GROUP BY T1.Document_ID ORDER BY T1.Document_ID","SELECT T1.Document_ID, COUNT(T2.Paragraph_ID) AS Paragraph_Count FROM Documents AS T1 JOIN Paragraphs AS T2 ON T1.Document_ID = T2.Document_ID GROUP BY T1.Document_ID ORDER BY T1.Document_ID",1.0,Resultados idênticos (ordered=True).
369,cre_Doc_Template_Mgt,"Show all document ids, names and the number of paragraphs in each document.","SELECT T1.document_id ,  T2.document_name ,  count(*) FROM Paragraphs AS T1 JOIN Documents AS T2 ON T1.document_id  =  T2.document_id GROUP BY T1.document_id","SELECT D.Document_ID, D.Document_Name, COUNT(P.Paragraph_ID) AS Paragraph_Count FROM Documents D LEFT JOIN Paragraphs P ON D.Document_ID = P.Document_ID GROUP BY D.Document_ID, D.Document_Name","SELECT D.Document_ID, D.Document_Name, COUNT(P.Paragraph_ID) AS Paragraph_Count FROM Documents D LEFT JOIN Paragraphs P ON D.Document_ID = P.Document_ID GROUP BY D.Document_ID, D.Document_Name",0.0,"Resultados divergentes (ordered=False). gold=10 linhas, pred=15 linhas."
370,cre_Doc_Template_Mgt,"What are the ids and names of each document, as well as the number of paragraphs in each?","SELECT T1.document_id ,  T2.document_name ,  count(*) FROM Paragraphs AS T1 JOIN Documents AS T2 ON T1.document_id  =  T2.document_id GROUP BY T1.document_id","SELECT D.Document_ID, D.Document_Name, COUNT(P.Paragraph_ID) AS Paragraph_Count FROM Documents D LEFT JOIN Paragraphs P ON D.Document_ID = P.Document_ID GROUP BY D.Document_ID, D.Document_Name","SELECT D.Document_ID, D.Document_Name, COUNT(P.Paragraph_ID) AS Paragraph_Count FROM Documents D LEFT JOIN Paragraphs P ON D.Document_ID = P.Document_ID GROUP BY D.Document_ID, D.Document_Name",0.0,"Resultados divergentes (ordered=False). gold=10 linhas, pred=15 linhas."
371,cre_Doc_Template_Mgt,List all document ids with at least two paragraphs.,SELECT document_id FROM Paragraphs GROUP BY document_id HAVING count(*)  >=  2,SELECT DISTINCT Document_ID FROM Documents WHERE Document_ID IN (SELECT Document_ID FROM Paragraphs GROUP BY Document_ID HAVING COUNT(Paragraph_ID) >= 2),SELECT DISTINCT Document_ID FROM Documents WHERE Document_ID IN (SELECT Document_ID FROM Paragraphs GROUP BY Document_ID HAVING COUNT(Paragraph_ID) >= 2),1.0,Resultados idênticos (ordered=False).
372,cre_Doc_Template_Mgt,What are the ids of documents that have 2 or more paragraphs?,SELECT document_id FROM Paragraphs GROUP BY document_id HAVING count(*)  >=  2,SELECT DISTINCT Document_ID FROM Documents WHERE Document_ID IN (SELECT Document_ID FROM Paragraphs GROUP BY Document_ID HAVING COUNT(Paragraph_ID) >= 2),SELECT DISTINCT Document_ID FROM Documents WHERE Document_ID IN (SELECT Document_ID FROM Paragraphs GROUP BY Document_ID HAVING COUNT(Paragraph_ID) >= 2),1.0,Resultados idênticos (ordered=False).
373,cre_Doc_Template_Mgt,What is the document id and name with greatest number of paragraphs?,"SELECT T1.document_id ,  T2.document_name FROM Paragraphs AS T1 JOIN Documents AS T2 ON T1.document_id  =  T2.document_id GROUP BY T1.document_id ORDER BY count(*) DESC LIMIT 1","SELECT Document_ID, Document_Name FROM Documents WHERE Document_ID = (SELECT Document_ID FROM Paragraphs GROUP BY Document_ID ORDER BY COUNT(Paragraph_ID) DESC LIMIT 1) LIMIT 1","SELECT Document_ID, Document_Name FROM Documents WHERE Document_ID = (SELECT Document_ID FROM Paragraphs GROUP BY Document_ID ORDER BY COUNT(Paragraph_ID) DESC LIMIT 1) LIMIT 1",1.0,Resultados idênticos (ordered=True).
374,cre_Doc_Template_Mgt,Return the id and name of the document with the most paragraphs.,"SELECT T1.document_id ,  T2.document_name FROM Paragraphs AS T1 JOIN Documents AS T2 ON T1.document_id  =  T2.document_id GROUP BY T1.document_id ORDER BY count(*) DESC LIMIT 1","SELECT T1.Document_ID, T1.Document_Name FROM Documents AS T1 JOIN Paragraphs AS T2 ON T1.Document_ID = T2.Document_ID GROUP BY T1.Document_ID ORDER BY COUNT(T2.Paragraph_ID) DESC LIMIT 1","SELECT T1.Document_ID, T1.Document_Name FROM Documents AS T1 JOIN Paragraphs AS T2 ON T1.Document_ID = T2.Document_ID GROUP BY T1.Document_ID ORDER BY COUNT(T2.Paragraph_ID) DESC LIMIT 1",1.0,Resultados idênticos (ordered=True).
375,cre_Doc_Template_Mgt,What is the document id with least number of paragraphs?,SELECT document_id FROM Paragraphs GROUP BY document_id ORDER BY count(*) ASC LIMIT 1,SELECT Document_ID FROM Documents WHERE Document_ID = (SELECT Document_ID FROM Paragraphs GROUP BY Document_ID ORDER BY COUNT(Paragraph_ID) ASC LIMIT 1),SELECT Document_ID FROM Documents WHERE Document_ID = (SELECT Document_ID FROM Paragraphs GROUP BY Document_ID ORDER BY COUNT(Paragraph_ID) ASC LIMIT 1),1.0,Resultados idênticos (ordered=True).
376,cre_Doc_Template_Mgt,Return the id of the document with the fewest paragraphs.,SELECT document_id FROM Paragraphs GROUP BY document_id ORDER BY count(*) ASC LIMIT 1,SELECT Document_ID FROM Documents WHERE Document_ID = (SELECT Document_ID FROM Paragraphs GROUP BY Document_ID ORDER BY COUNT(Document_ID) ASC LIMIT 1),SELECT Document_ID FROM Documents WHERE Document_ID = (SELECT Document_ID FROM Paragraphs GROUP BY Document_ID ORDER BY COUNT(Document_ID) ASC LIMIT 1),1.0,Resultados idênticos (ordered=True).
377,cre_Doc_Template_Mgt,What is the document id with 1 to 2 paragraphs?,SELECT document_id FROM Paragraphs GROUP BY document_id HAVING count(*) BETWEEN 1 AND 2,"SELECT DISTINCT Document_ID FROM Documents WHERE EXISTS (SELECT 1 FROM Paragraphs WHERE Paragraphs.Document_ID = Documents.Document_ID LIMIT 1, 2)","SELECT DISTINCT Document_ID FROM Documents WHERE EXISTS (SELECT 1 FROM Paragraphs WHERE Paragraphs.Document_ID = Documents.Document_ID LIMIT 1, 2)",0.0,"Resultados divergentes (ordered=False). gold=9 linhas, pred=4 linhas."
378,cre_Doc_Template_Mgt,Give the ids of documents that have between one and two paragraphs.,SELECT document_id FROM Paragraphs GROUP BY document_id HAVING count(*) BETWEEN 1 AND 2,SELECT DISTINCT d.Document_ID FROM Documents d JOIN Paragraphs p ON d.Document_ID = p.Document_ID WHERE p.Paragraph_ID BETWEEN 1 AND 2,SELECT DISTINCT d.Document_ID FROM Documents d JOIN Paragraphs p ON d.Document_ID = p.Document_ID WHERE p.Paragraph_ID BETWEEN 1 AND 2,0.0,"Resultados divergentes (ordered=False). gold=9 linhas, pred=0 linhas."
379,cre_Doc_Template_Mgt,Show the document id with paragraph text 'Brazil' and 'Ireland'.,SELECT document_id FROM Paragraphs WHERE paragraph_text  =  'Brazil' INTERSECT SELECT document_id FROM Paragraphs WHERE paragraph_text  =  'Ireland',"SELECT T1.Document_ID FROM Documents AS T1 JOIN Paragraphs AS T2 ON T1.Document_ID = T2.Document_ID WHERE T2.Paragraph_Text IN ('Brazil', 'Ireland')","SELECT T1.Document_ID FROM Documents AS T1 JOIN Paragraphs AS T2 ON T1.Document_ID = T2.Document_ID WHERE T2.Paragraph_Text IN ('Brazil', 'Ireland')",0.0,"Resultados divergentes (ordered=False). gold=1 linhas, pred=2 linhas."
380,cre_Doc_Template_Mgt,What are the ids of documents that contain the paragraph text 'Brazil' and 'Ireland'?,SELECT document_id FROM Paragraphs WHERE paragraph_text  =  'Brazil' INTERSECT SELECT document_id FROM Paragraphs WHERE paragraph_text  =  'Ireland',"SELECT DISTINCT T1.Document_ID FROM Documents AS T1 JOIN Paragraphs AS T2 ON T1.Document_ID = T2.Document_ID WHERE T2.Paragraph_Text IN ('Brazil', 'Ireland')","SELECT DISTINCT T1.Document_ID FROM Documents AS T1 JOIN Paragraphs AS T2 ON T1.Document_ID = T2.Document_ID WHERE T2.Paragraph_Text IN ('Brazil', 'Ireland')",1.0,Resultados idênticos (ordered=False).
381,course_teach,How many teachers are there?,SELECT count(*) FROM teacher,SELECT count(*) FROM teacher,SELECT count(*) FROM teacher,1.0,Resultados idênticos (ordered=False).
382,course_teach,What is the total count of teachers?,SELECT count(*) FROM teacher,SELECT count(*) FROM teacher,SELECT count(*) FROM teacher,1.0,Resultados idênticos (ordered=False).
383,course_teach,List the names of teachers in ascending order of age.,SELECT Name FROM teacher ORDER BY Age ASC,SELECT Name FROM teacher ORDER BY Age ASC,SELECT Name FROM teacher ORDER BY Age ASC,1.0,Resultados idênticos (ordered=True).
384,course_teach,What are the names of the teachers ordered by ascending age?,SELECT Name FROM teacher ORDER BY Age ASC,SELECT Name FROM teacher ORDER BY Age ASC,SELECT Name FROM teacher ORDER BY Age ASC,1.0,Resultados idênticos (ordered=True).
385,course_teach,What are the age and hometown of teachers?,"SELECT Age ,  Hometown FROM teacher","SELECT T.Age, T.Hometown FROM teacher AS T","SELECT T.Age, T.Hometown FROM teacher AS T",1.0,Resultados idênticos (ordered=False).
386,course_teach,What is the age and hometown of every teacher?,"SELECT Age ,  Hometown FROM teacher","SELECT T.Age, T.Hometown FROM teacher AS T JOIN course_arrange AS CA ON T.Teacher_ID = CA.Teacher_ID","SELECT T.Age, T.Hometown FROM teacher AS T JOIN course_arrange AS CA ON T.Teacher_ID = CA.Teacher_ID",0.0,"Resultados divergentes (ordered=False). gold=7 linhas, pred=6 linhas."
387,course_teach,List the name of teachers whose hometown is not `` Little Lever Urban District '' .,"select name from teacher where hometown != ""little lever urban district""",SELECT T1.Name FROM teacher AS T1 WHERE T1.Teacher_ID NOT IN (SELECT Teacher_ID FROM course_arrange WHERE Teacher_ID IN (SELECT Teacher_ID FROM teacher WHERE Hometown = 'Little Lever Urban District')),SELECT T1.Name FROM teacher AS T1 WHERE T1.Teacher_ID NOT IN (SELECT Teacher_ID FROM course_arrange WHERE Teacher_ID IN (SELECT Teacher_ID FROM teacher WHERE Hometown = 'Little Lever Urban District')),0.0,"Resultados divergentes (ordered=False). gold=7 linhas, pred=6 linhas."
388,course_teach,What are the names of the teachers whose hometown is not `` Little Lever Urban District '' ?,"select name from teacher where hometown != ""little lever urban district""",SELECT T1.Name FROM teacher AS T1 WHERE T1.Teacher_ID NOT IN (SELECT Teacher_ID FROM course_arrange WHERE Hometown = 'Little Lever Urban District'),SELECT T1.Name FROM teacher AS T1 WHERE T1.Teacher_ID NOT IN (SELECT Teacher_ID FROM course_arrange WHERE Hometown = 'Little Lever Urban District'),0.0,"Resultados divergentes (ordered=False). gold=7 linhas, pred=6 linhas."
389,course_teach,Show the name of teachers aged either 32 or 33?,SELECT Name FROM teacher WHERE Age  =  32 OR Age  =  33,SELECT T1.Name FROM teacher AS T1 JOIN course_arrange AS T2 ON T1.Teacher_ID = T2.Teacher_ID WHERE T1.Age = '32' OR T1.Age = '33',SELECT T1.Name FROM teacher AS T1 JOIN course_arrange AS T2 ON T1.Teacher_ID = T2.Teacher_ID WHERE T1.Age = '32' OR T1.Age = '33',0.0,"Resultados divergentes (ordered=False). gold=2 linhas, pred=0 linhas."
390,course_teach,What are the names of the teachers who are aged either 32 or 33?,SELECT Name FROM teacher WHERE Age  =  32 OR Age  =  33,"SELECT T1.Name FROM teacher AS T1 JOIN course_arrange AS T2 ON T1.Teacher_ID = T2.Teacher_ID WHERE T1.Age IN ('32', '33')","SELECT T1.Name FROM teacher AS T1 JOIN course_arrange AS T2 ON T1.Teacher_ID = T2.Teacher_ID WHERE T1.Age IN ('32', '33')",0.0,"Resultados divergentes (ordered=False). gold=2 linhas, pred=0 linhas."
391,course_teach,What is the hometown of the youngest teacher?,SELECT Hometown FROM teacher ORDER BY Age ASC LIMIT 1,SELECT T2.Hometown FROM teacher AS T1 JOIN course_arrange AS T3 ON T1.Teacher_ID = T3.Teacher_ID JOIN teacher AS T2 ON T3.Teacher_ID = T2.Teacher_ID ORDER BY T2.Age LIMIT 1,SELECT T2.Hometown FROM teacher AS T1 JOIN course_arrange AS T3 ON T1.Teacher_ID = T3.Teacher_ID JOIN teacher AS T2 ON T3.Teacher_ID = T2.Teacher_ID ORDER BY T2.Age LIMIT 1,1.0,Resultados idênticos (ordered=True).
392,course_teach,Where is the youngest teacher from?,SELECT Hometown FROM teacher ORDER BY Age ASC LIMIT 1,SELECT Hometown FROM teacher WHERE Age = (SELECT MIN(Age) FROM teacher),SELECT Hometown FROM teacher WHERE Age = (SELECT MIN(Age) FROM teacher),1.0,Resultados idênticos (ordered=True).
393,course_teach,Show different hometown of teachers and the number of teachers from each hometown.,"SELECT Hometown ,  COUNT(*) FROM teacher GROUP BY Hometown","SELECT T.Hometown, COUNT(Teacher_ID) FROM teacher AS T GROUP BY T.Hometown","SELECT T.Hometown, COUNT(Teacher_ID) FROM teacher AS T GROUP BY T.Hometown",1.0,Resultados idênticos (ordered=False).
394,course_teach,"For each hometown, how many teachers are there?","SELECT Hometown ,  COUNT(*) FROM teacher GROUP BY Hometown","SELECT T.Hometown, COUNT(T.Teacher_ID) FROM teacher AS T JOIN course_arrange AS CA ON T.Teacher_ID = CA.Teacher_ID GROUP BY T.Hometown","SELECT T.Hometown, COUNT(T.Teacher_ID) FROM teacher AS T JOIN course_arrange AS CA ON T.Teacher_ID = CA.Teacher_ID GROUP BY T.Hometown",0.0,"Resultados divergentes (ordered=False). gold=7 linhas, pred=5 linhas."
395,course_teach,List the most common hometown of teachers.,SELECT Hometown FROM teacher GROUP BY Hometown ORDER BY COUNT(*) DESC LIMIT 1,SELECT Hometown FROM teacher GROUP BY Hometown ORDER BY COUNT(*) DESC LIMIT 1,SELECT Hometown FROM teacher GROUP BY Hometown ORDER BY COUNT(*) DESC LIMIT 1,1.0,Resultados idênticos (ordered=True).
396,course_teach,What is the most commmon hometowns for teachers?,SELECT Hometown FROM teacher GROUP BY Hometown ORDER BY COUNT(*) DESC LIMIT 1,"SELECT Hometown ,  COUNT(*) FROM teacher GROUP BY Hometown ORDER BY COUNT(*) DESC LIMIT 1","SELECT Hometown ,  COUNT(*) FROM teacher GROUP BY Hometown ORDER BY COUNT(*) DESC LIMIT 1",0.0,"Resultados divergentes (ordered=True). gold=1 linhas, pred=1 linhas."
397,course_teach,Show the hometowns shared by at least two teachers.,SELECT Hometown FROM teacher GROUP BY Hometown HAVING COUNT(*)  >=  2,SELECT Hometown FROM teacher GROUP BY Hometown HAVING COUNT(Teacher_ID) > 1,SELECT Hometown FROM teacher GROUP BY Hometown HAVING COUNT(Teacher_ID) > 1,1.0,Resultados idênticos (ordered=False).
398,course_teach,What are the towns from which at least two teachers come from?,SELECT Hometown FROM teacher GROUP BY Hometown HAVING COUNT(*)  >=  2,SELECT Hometown FROM teacher GROUP BY Hometown HAVING COUNT(DISTINCT Teacher_ID) >= 2,SELECT Hometown FROM teacher GROUP BY Hometown HAVING COUNT(DISTINCT Teacher_ID) >= 2,1.0,Resultados idênticos (ordered=False).
399,course_teach,Show names of teachers and the courses they are arranged to teach.,"SELECT T3.Name ,  T2.Course FROM course_arrange AS T1 JOIN course AS T2 ON T1.Course_ID  =  T2.Course_ID JOIN teacher AS T3 ON T1.Teacher_ID  =  T3.Teacher_ID","SELECT T1.Name, T2.Course FROM teacher AS T1 JOIN course_arrange AS T2 ON T1.Teacher_ID = T2.Teacher_ID","SELECT T1.Name, T2.Course FROM teacher AS T1 JOIN course_arrange AS T2 ON T1.Teacher_ID = T2.Teacher_ID",0.0,Falha ao executar a consulta gerada: no such column: T2.Course
400,course_teach,What is the name of each teacher and what course they teach?,"SELECT T3.Name ,  T2.Course FROM course_arrange AS T1 JOIN course AS T2 ON T1.Course_ID  =  T2.Course_ID JOIN teacher AS T3 ON T1.Teacher_ID  =  T3.Teacher_ID","SELECT T.Name, C.Course FROM teacher AS T JOIN course_arrange AS CA ON T.Teacher_ID = CA.Course_ID JOIN course AS C ON CA.Course_ID = C.Course_ID","SELECT T.Name, C.Course FROM teacher AS T JOIN course_arrange AS CA ON T.Teacher_ID = CA.Course_ID JOIN course AS C ON CA.Course_ID = C.Course_ID",0.0,"Resultados divergentes (ordered=False). gold=6 linhas, pred=5 linhas."
401,course_teach,Show names of teachers and the courses they are arranged to teach in ascending alphabetical order of the teacher's name.,"SELECT T3.Name ,  T2.Course FROM course_arrange AS T1 JOIN course AS T2 ON T1.Course_ID  =  T2.Course_ID JOIN teacher AS T3 ON T1.Teacher_ID  =  T3.Teacher_ID ORDER BY T3.Name",SELECT T.Name FROM teacher AS T JOIN course_arrange AS CA ON T.Teacher_ID = CA.Teacher_ID ORDER BY T.Name ASC,SELECT T.Name FROM teacher AS T JOIN course_arrange AS CA ON T.Teacher_ID = CA.Teacher_ID ORDER BY T.Name ASC,0.0,"Resultados divergentes (ordered=True). gold=6 linhas, pred=6 linhas."
402,course_teach,What are the names of the teachers and the courses they teach in ascending alphabetical order by the name of the teacher?,"SELECT T3.Name ,  T2.Course FROM course_arrange AS T1 JOIN course AS T2 ON T1.Course_ID  =  T2.Course_ID JOIN teacher AS T3 ON T1.Teacher_ID  =  T3.Teacher_ID ORDER BY T3.Name","SELECT T1.Name, T2.Course FROM teacher AS T1 JOIN course_arrange AS T2 ON T1.Teacher_ID = T2.Teacher_ID ORDER BY T1.Name ASC","SELECT T1.Name, T2.Course FROM teacher AS T1 JOIN course_arrange AS T2 ON T1.Teacher_ID = T2.Teacher_ID ORDER BY T1.Name ASC",0.0,Falha ao executar a consulta gerada: no such column: T2.Course
403,course_teach,Show the name of the teacher for the math course.,"SELECT T3.Name FROM course_arrange AS T1 JOIN course AS T2 ON T1.Course_ID  =  T2.Course_ID JOIN teacher AS T3 ON T1.Teacher_ID  =  T3.Teacher_ID WHERE T2.Course  =  ""Math""",SELECT T1.Name FROM teacher AS T1 JOIN course_arrange AS T2 ON T1.Teacher_ID = T2.Teacher_ID JOIN course AS T3 ON T2.Course_ID = T3.Course_ID WHERE T3.Course = 'Math',SELECT T1.Name FROM teacher AS T1 JOIN course_arrange AS T2 ON T1.Teacher_ID = T2.Teacher_ID JOIN course AS T3 ON T2.Course_ID = T3.Course_ID WHERE T3.Course = 'Math',1.0,Resultados idênticos (ordered=False).
404,course_teach,What are the names of the people who teach math courses?,"SELECT T3.Name FROM course_arrange AS T1 JOIN course AS T2 ON T1.Course_ID  =  T2.Course_ID JOIN teacher AS T3 ON T1.Teacher_ID  =  T3.Teacher_ID WHERE T2.Course  =  ""Math""",SELECT T1.Name FROM teacher AS T1 JOIN course_arrange AS T2 ON T1.Teacher_ID = T2.Teacher_ID JOIN course AS T3 ON T2.Course_ID = T3.Course_ID WHERE T3.Course = 'math',SELECT T1.Name FROM teacher AS T1 JOIN course_arrange AS T2 ON T1.Teacher_ID = T2.Teacher_ID JOIN course AS T3 ON T2.Course_ID = T3.Course_ID WHERE T3.Course = 'math',0.0,"Resultados divergentes (ordered=False). gold=2 linhas, pred=0 linhas."
405,course_teach,Show names of teachers and the number of courses they teach.,"SELECT T2.Name ,  COUNT(*) FROM course_arrange AS T1 JOIN teacher AS T2 ON T1.Teacher_ID  =  T2.Teacher_ID GROUP BY T2.Name","SELECT T.Name, COUNT(C.Course_ID) FROM teacher AS T JOIN course_arrange AS C ON T.Teacher_ID = C.Course_ID GROUP BY T.Name","SELECT T.Name, COUNT(C.Course_ID) FROM teacher AS T JOIN course_arrange AS C ON T.Teacher_ID = C.Course_ID GROUP BY T.Name",0.0,"Resultados divergentes (ordered=False). gold=5 linhas, pred=4 linhas."
406,course_teach,What are the names of the teachers and how many courses do they teach?,"SELECT T2.Name ,  COUNT(*) FROM course_arrange AS T1 JOIN teacher AS T2 ON T1.Teacher_ID  =  T2.Teacher_ID GROUP BY T2.Name","SELECT T.Name, COUNT(C.Course_ID) FROM teacher AS T JOIN course_arrange AS C ON T.Teacher_ID = C.Course_ID GROUP BY T.Name","SELECT T.Name, COUNT(C.Course_ID) FROM teacher AS T JOIN course_arrange AS C ON T.Teacher_ID = C.Course_ID GROUP BY T.Name",0.0,"Resultados divergentes (ordered=False). gold=5 linhas, pred=4 linhas."
407,course_teach,Show names of teachers that teach at least two courses.,SELECT T2.Name FROM course_arrange AS T1 JOIN teacher AS T2 ON T1.Teacher_ID  =  T2.Teacher_ID GROUP BY T2.Name HAVING COUNT(*)  >=  2,SELECT T1.Name FROM teacher AS T1 JOIN course_arrange AS T2 ON T1.Teacher_ID = T2.Teacher_ID GROUP BY T1.Teacher_ID HAVING COUNT(T2.Course_ID) >= 2,SELECT T1.Name FROM teacher AS T1 JOIN course_arrange AS T2 ON T1.Teacher_ID = T2.Teacher_ID GROUP BY T1.Teacher_ID HAVING COUNT(T2.Course_ID) >= 2,1.0,Resultados idênticos (ordered=False).
408,course_teach,What are the names of the teachers who teach at least two courses?,SELECT T2.Name FROM course_arrange AS T1 JOIN teacher AS T2 ON T1.Teacher_ID  =  T2.Teacher_ID GROUP BY T2.Name HAVING COUNT(*)  >=  2,SELECT T1.Name FROM teacher AS T1 JOIN course_arrange AS T2 ON T1.Teacher_ID = T2.Teacher_ID GROUP BY T2.Teacher_ID HAVING COUNT(T2.Course_ID) >= 2,SELECT T1.Name FROM teacher AS T1 JOIN course_arrange AS T2 ON T1.Teacher_ID = T2.Teacher_ID GROUP BY T2.Teacher_ID HAVING COUNT(T2.Course_ID) >= 2,1.0,Resultados idênticos (ordered=False).
409,course_teach,List the names of teachers who have not been arranged to teach courses.,SELECT Name FROM teacher WHERE Teacher_id NOT IN (SELECT Teacher_id FROM course_arrange),SELECT T1.Name FROM teacher AS T1 WHERE T1.Teacher_ID NOT IN (SELECT Teacher_ID FROM course_arrange),SELECT T1.Name FROM teacher AS T1 WHERE T1.Teacher_ID NOT IN (SELECT Teacher_ID FROM course_arrange),1.0,Resultados idênticos (ordered=False).
410,course_teach,What are the names of the teachers whose courses have not been arranged?,SELECT Name FROM teacher WHERE Teacher_id NOT IN (SELECT Teacher_id FROM course_arrange),SELECT T1.Name FROM teacher AS T1 JOIN course_arrange AS T2 ON T1.Teacher_ID = T2.Teacher_ID WHERE T2.Course_ID IS NULL,SELECT T1.Name FROM teacher AS T1 JOIN course_arrange AS T2 ON T1.Teacher_ID = T2.Teacher_ID WHERE T2.Course_ID IS NULL,0.0,"Resultados divergentes (ordered=False). gold=2 linhas, pred=0 linhas."
411,museum_visit,How many visitors below age 30 are there?,SELECT count(*) FROM visitor WHERE age  <  30,SELECT COUNT(DISTINCT visitor.ID) FROM visitor WHERE visitor.Age < 30,SELECT COUNT(DISTINCT visitor.ID) FROM visitor WHERE visitor.Age < 30,1.0,Resultados idênticos (ordered=False).
412,museum_visit,"Find the names of the visitors whose membership level is higher than 4, and order the results by the level from high to low.",SELECT name FROM visitor WHERE Level_of_membership  >  4 ORDER BY Level_of_membership DESC,SELECT T1.Name FROM visitor AS T1 JOIN visit AS T2 ON T1.ID = T2.visitor_ID WHERE T1.Level_of_membership > 4 ORDER BY T1.Level_of_membership DESC,SELECT T1.Name FROM visitor AS T1 JOIN visit AS T2 ON T1.ID = T2.visitor_ID WHERE T1.Level_of_membership > 4 ORDER BY T1.Level_of_membership DESC,0.0,"Resultados divergentes (ordered=True). gold=3 linhas, pred=2 linhas."
413,museum_visit,What is the average age of the visitors whose membership level is not higher than 4?,SELECT avg(age) FROM visitor WHERE Level_of_membership  <=  4,SELECT AVG(T1.Age) FROM visitor AS T1 JOIN visit AS T2 ON T1.ID = T2.visitor_ID WHERE T1.Level_of_membership <= 4,SELECT AVG(T1.Age) FROM visitor AS T1 JOIN visit AS T2 ON T1.ID = T2.visitor_ID WHERE T1.Level_of_membership <= 4,0.0,"Resultados divergentes (ordered=False). gold=1 linhas, pred=1 linhas."
414,museum_visit,"Find the name and membership level of the visitors whose membership level is higher than 4, and sort by their age from old to young.","SELECT name ,  Level_of_membership FROM visitor WHERE Level_of_membership  >  4 ORDER BY age DESC","SELECT T2.Name, T2.Level_of_membership FROM visit AS T1 JOIN visitor AS T2 ON T1.visitor_ID = T2.ID WHERE T2.Level_of_membership > 4 ORDER BY T2.Age ASC","SELECT T2.Name, T2.Level_of_membership FROM visit AS T1 JOIN visitor AS T2 ON T1.visitor_ID = T2.ID WHERE T2.Level_of_membership > 4 ORDER BY T2.Age ASC",0.0,"Resultados divergentes (ordered=True). gold=3 linhas, pred=2 linhas."
415,museum_visit,Find the id and name of the museum that has the most staff members?,"SELECT museum_id ,  name FROM museum ORDER BY num_of_staff DESC LIMIT 1","SELECT M.Museum_ID, V.Name FROM museum M JOIN visit V ON M.Museum_ID = V.Museum_ID WHERE M.Num_of_Staff = ( SELECT MAX(Num_of_Staff) FROM museum )","SELECT M.Museum_ID, V.Name FROM museum M JOIN visit V ON M.Museum_ID = V.Museum_ID WHERE M.Num_of_Staff = ( SELECT MAX(Num_of_Staff) FROM museum )",0.0,Falha ao executar a consulta gerada: no such column: V.Name
416,museum_visit,Find the average number of staff working for the museums that were open before 2009.,SELECT avg(num_of_staff) FROM museum WHERE open_year  <  2009,SELECT AVG(m.Num_of_Staff) FROM museum m WHERE YEAR(m.Open_Year) < 2009,SELECT AVG(m.Num_of_Staff) FROM museum m WHERE YEAR(m.Open_Year) < 2009,0.0,Falha ao executar a consulta gerada: no such function: YEAR
417,museum_visit,What are the opening year and staff number of the museum named Plaza Museum?,"SELECT Num_of_Staff ,  Open_Year FROM museum WHERE name  =  'Plaza Museum'","SELECT T1.Open_Year, T1.Num_of_Staff FROM museum AS T1 JOIN visit AS T2 ON T1.Museum_ID = T2.Museum_ID WHERE T1.Name = 'Plaza Museum'","SELECT T1.Open_Year, T1.Num_of_Staff FROM museum AS T1 JOIN visit AS T2 ON T1.Museum_ID = T2.Museum_ID WHERE T1.Name = 'Plaza Museum'",0.0,"Resultados divergentes (ordered=False). gold=1 linhas, pred=1 linhas."
418,museum_visit,find the names of museums which have more staff than the minimum staff number of all museums opened after 2010.,SELECT name FROM museum WHERE num_of_staff  >  (SELECT min(num_of_staff) FROM museum WHERE open_year  >  2010),SELECT M.Name FROM museum AS M WHERE M.Num_of_Staff > (SELECT MIN(m.Num_of_Staff) FROM museum AS m WHERE YEAR(m.Open_Year) > 2010) AND M.Museum_ID IN (SELECT v.Museum_ID FROM visit AS v JOIN museum AS mu ON v.Museum_ID = mu.Museum_ID GROUP BY v.Museum_ID HAVING COUNT(v.Museum_ID) > 0),SELECT M.Name FROM museum AS M WHERE M.Num_of_Staff > (SELECT MIN(m.Num_of_Staff) FROM museum AS m WHERE YEAR(m.Open_Year) > 2010) AND M.Museum_ID IN (SELECT v.Museum_ID FROM visit AS v JOIN museum AS mu ON v.Museum_ID = mu.Museum_ID GROUP BY v.Museum_ID HAVING COUNT(v.Museum_ID) > 0),0.0,Falha ao executar a consulta gerada: no such function: YEAR
419,museum_visit,"find the id, name and age for visitors who visited some museums more than once.","SELECT t1.id ,  t1.name ,  t1.age FROM visitor AS t1 JOIN visit AS t2 ON t1.id  =  t2.visitor_id GROUP BY t1.id HAVING count(*)  >  1","SELECT v.ID, v.Name, v.Age FROM visitor AS v JOIN (SELECT visitor_ID, COUNT(Museum_ID) as visit_count FROM visit GROUP BY visitor_ID HAVING visit_count > 1) AS t ON v.ID = t.visitor_ID","SELECT v.ID, v.Name, v.Age FROM visitor AS v JOIN (SELECT visitor_ID, COUNT(Museum_ID) as visit_count FROM visit GROUP BY visitor_ID HAVING visit_count > 1) AS t ON v.ID = t.visitor_ID",1.0,Resultados idênticos (ordered=False).
420,museum_visit,"What are the id, name and membership level of visitors who have spent the largest amount of money in total in all museum tickets?","SELECT t2.visitor_id ,  t1.name ,  t1.Level_of_membership FROM visitor AS t1 JOIN visit AS t2 ON t1.id  =  t2.visitor_id GROUP BY t2.visitor_id ORDER BY sum(t2.Total_spent) DESC LIMIT 1","SELECT T3.ID, T3.Name, T3.Level_of_membership FROM visit AS T1 JOIN visitor AS T3 ON T1.visitor_ID = T3.ID WHERE T1.Total_spent = (SELECT MAX(T4.Total_spent) FROM visit AS T1 JOIN visitor AS T3 ON T1.visitor_ID = T3.ID)","SELECT T3.ID, T3.Name, T3.Level_of_membership FROM visit AS T1 JOIN visitor AS T3 ON T1.visitor_ID = T3.ID WHERE T1.Total_spent = (SELECT MAX(T4.Total_spent) FROM visit AS T1 JOIN visitor AS T3 ON T1.visitor_ID = T3.ID)",0.0,Falha ao executar a consulta gerada: no such column: T4.Total_spent
421,museum_visit,What are the id and name of the museum visited most times?,"SELECT t2.Museum_ID ,  t1.name FROM museum AS t1 JOIN visit AS t2 ON t1.Museum_ID  =  t2.Museum_ID GROUP BY t2.Museum_ID ORDER BY count(*) DESC LIMIT 1","SELECT T2.ID, T2.Name FROM visit AS T1 JOIN visitor AS T2 ON T1.visitor_ID = T2.ID GROUP BY T1.Museum_ID ORDER BY COUNT(*) DESC LIMIT 1","SELECT T2.ID, T2.Name FROM visit AS T1 JOIN visitor AS T2 ON T1.visitor_ID = T2.ID GROUP BY T1.Museum_ID ORDER BY COUNT(*) DESC LIMIT 1",0.0,"Resultados divergentes (ordered=True). gold=1 linhas, pred=1 linhas."
422,museum_visit,What is the name of the museum that had no visitor yet?,SELECT name FROM museum WHERE Museum_ID NOT IN (SELECT museum_id FROM visit),SELECT M.Name FROM museum M WHERE NOT EXISTS (SELECT v.Museum_ID FROM visit v WHERE v.Museum_ID = M.Museum_ID),SELECT M.Name FROM museum M WHERE NOT EXISTS (SELECT v.Museum_ID FROM visit v WHERE v.Museum_ID = M.Museum_ID),1.0,Resultados idênticos (ordered=False).
423,museum_visit,Find the name and age of the visitor who bought the most tickets at once.,"SELECT t1.name ,  t1.age FROM visitor AS t1 JOIN visit AS t2 ON t1.id  =  t2.visitor_id ORDER BY t2.num_of_ticket DESC LIMIT 1","SELECT T1.Name, T1.Age FROM visitor AS T1 JOIN visit AS T2 ON T1.ID = T2.visitor_ID GROUP BY T2.visitor_ID ORDER BY COUNT(T2.Num_of_Ticket) DESC LIMIT 1","SELECT T1.Name, T1.Age FROM visitor AS T1 JOIN visit AS T2 ON T1.ID = T2.visitor_ID GROUP BY T2.visitor_ID ORDER BY COUNT(T2.Num_of_Ticket) DESC LIMIT 1",0.0,"Resultados divergentes (ordered=True). gold=1 linhas, pred=1 linhas."
424,museum_visit,What are the average and maximum number of tickets bought in all visits?,"SELECT avg(num_of_ticket) ,  max(num_of_ticket) FROM visit","SELECT AVG(Num_of_Ticket) as Average_Tickets, MAX(Num_of_Ticket) as Maximum_Tickets FROM visit","SELECT AVG(Num_of_Ticket) as Average_Tickets, MAX(Num_of_Ticket) as Maximum_Tickets FROM visit",1.0,Resultados idênticos (ordered=False).
425,museum_visit,What is the total ticket expense of the visitors whose membership level is 1?,SELECT sum(t2.Total_spent) FROM visitor AS t1 JOIN visit AS t2 ON t1.id  =  t2.visitor_id WHERE t1.Level_of_membership  =  1,SELECT SUM(Total_spent) FROM visit JOIN visitor ON visit.visitor_ID = visitor.ID WHERE visitor.Level_of_membership = 1,SELECT SUM(Total_spent) FROM visit JOIN visitor ON visit.visitor_ID = visitor.ID WHERE visitor.Level_of_membership = 1,1.0,Resultados idênticos (ordered=False).
426,museum_visit,What is the name of the visitor who visited both a museum opened before 2009 and a museum opened after 2011?,SELECT t1.name FROM visitor AS t1 JOIN visit AS t2 ON t1.id  =  t2.visitor_id JOIN museum AS t3 ON t3.Museum_ID  =  t2.Museum_ID WHERE t3.open_year  <  2009 INTERSECT SELECT t1.name FROM visitor AS t1 JOIN visit AS t2 ON t1.id  =  t2.visitor_id JOIN museum AS t3 ON t3.Museum_ID  =  t2.Museum_ID WHERE t3.open_year  >  2011,SELECT DISTINCT v.Name FROM visitor v JOIN visit t ON v.ID = t.visitor_ID JOIN museum m ON t.Museum_ID = m.Museum_ID WHERE (m.Open_Year < '2009' AND m.Open_Year IS NOT NULL) INTERSECT SELECT DISTINCT v.Name FROM visitor v JOIN visit t ON v.ID = t.visitor_id JOIN museum m ON t.Museum_ID = m.Museum_ID WHERE (m.Open_Year > '2011' AND m.Open_Year IS NOT NULL),SELECT DISTINCT v.Name FROM visitor v JOIN visit t ON v.ID = t.visitor_ID JOIN museum m ON t.Museum_ID = m.Museum_ID WHERE (m.Open_Year < '2009' AND m.Open_Year IS NOT NULL) INTERSECT SELECT DISTINCT v.Name FROM visitor v JOIN visit t ON v.ID = t.visitor_id JOIN museum m ON t.Museum_ID = m.Museum_ID WHERE (m.Open_Year > '2011' AND m.Open_Year IS NOT NULL),1.0,Resultados idênticos (ordered=False).
427,museum_visit,Find the number of visitors who did not visit any museum opened after 2010.,SELECT count(*) FROM visitor WHERE id NOT IN (SELECT t2.visitor_id FROM museum AS t1 JOIN visit AS t2 ON t1.Museum_ID  =  t2.Museum_ID WHERE t1.open_year  >  2010),SELECT COUNT(DISTINCT visitor_id) FROM visit WHERE Museum_ID NOT IN (SELECT Museum_ID FROM museum WHERE Open_Year > '2010'),SELECT COUNT(DISTINCT visitor_id) FROM visit WHERE Museum_ID NOT IN (SELECT Museum_ID FROM museum WHERE Open_Year > '2010'),0.0,"Resultados divergentes (ordered=False). gold=1 linhas, pred=1 linhas."
428,museum_visit,How many museums were opened after 2013 or before 2008?,SELECT count(*) FROM museum WHERE open_year  >  2013 OR open_year  <  2008,SELECT COUNT(DISTINCT Museum_ID) FROM museum WHERE Open_Year > '2013' OR Open_Year < '2008',SELECT COUNT(DISTINCT Museum_ID) FROM museum WHERE Open_Year > '2013' OR Open_Year < '2008',1.0,Resultados idênticos (ordered=False).
429,wta_1,Find the total number of players.,SELECT count(*) FROM players,SELECT COUNT(DISTINCT player_id) FROM players,SELECT COUNT(DISTINCT player_id) FROM players,1.0,Resultados idênticos (ordered=False).
430,wta_1,How many players are there?,SELECT count(*) FROM players,SELECT COUNT(*) FROM players,SELECT COUNT(*) FROM players,1.0,Resultados idênticos (ordered=False).
431,wta_1,Find the total number of matches.,SELECT count(*) FROM matches,SELECT COUNT(*) FROM matches,SELECT COUNT(*) FROM matches,1.0,Resultados idênticos (ordered=False).
432,wta_1,Count the number of matches.,SELECT count(*) FROM matches,SELECT COUNT(*) FROM matches,SELECT COUNT(*) FROM matches,1.0,Resultados idênticos (ordered=False).
433,wta_1,List the first name and birth date of all players from the country with code USA.,"SELECT first_name ,  birth_date FROM players WHERE country_code  =  'USA'","SELECT T1.first_name, T1.birth_date FROM players AS T1 JOIN rankings AS T2 ON T1.player_id = T2.player_id WHERE T1.country_code = 'USA'","SELECT T1.first_name, T1.birth_date FROM players AS T1 JOIN rankings AS T2 ON T1.player_id = T2.player_id WHERE T1.country_code = 'USA'",0.0,"Resultados divergentes (ordered=False). gold=2217 linhas, pred=43331 linhas."
434,wta_1,What are the first names and birth dates of players from the USA?,"SELECT first_name ,  birth_date FROM players WHERE country_code  =  'USA'","SELECT T1.first_name, T1.birth_date FROM players AS T1 JOIN rankings AS T2 ON T1.player_id = T2.player_id WHERE T1.country_code = 'USA'","SELECT T1.first_name, T1.birth_date FROM players AS T1 JOIN rankings AS T2 ON T1.player_id = T2.player_id WHERE T1.country_code = 'USA'",0.0,"Resultados divergentes (ordered=False). gold=2217 linhas, pred=43331 linhas."
435,wta_1,Find the average age of losers and winners of all matches.,"SELECT avg(loser_age) ,  avg(winner_age) FROM matches","SELECT AVG(CASE WHEN loser_id IS NOT NULL THEN loser_age ELSE NULL END), AVG(CASE WHEN winner_id IS NOT NULL THEN winner_age ELSE NULL END) 
FROM matches","SELECT AVG(CASE WHEN loser_id IS NOT NULL THEN loser_age ELSE NULL END), AVG(CASE WHEN winner_id IS NOT NULL THEN winner_age ELSE NULL END) 
FROM matches",1.0,Resultados idênticos (ordered=False).
436,wta_1,What are the average ages of losers and winners across matches?,"SELECT avg(loser_age) ,  avg(winner_age) FROM matches","SELECT AVG(CASE WHEN loser_id IS NOT NULL THEN loser_age ELSE NULL END), AVG(CASE WHEN winner_id IS NOT NULL THEN winner_age ELSE NULL END) 
FROM matches","SELECT AVG(CASE WHEN loser_id IS NOT NULL THEN loser_age ELSE NULL END), AVG(CASE WHEN winner_id IS NOT NULL THEN winner_age ELSE NULL END) 
FROM matches",1.0,Resultados idênticos (ordered=False).
437,wta_1,Find the average rank of winners in all matches.,SELECT avg(winner_rank) FROM matches,SELECT AVG(winner_rank) AS Average_Rank FROM matches JOIN players ON matches.winner_id = players.player_id,SELECT AVG(winner_rank) AS Average_Rank FROM matches JOIN players ON matches.winner_id = players.player_id,1.0,Resultados idênticos (ordered=False).
438,wta_1,What is the average rank for winners in all matches?,SELECT avg(winner_rank) FROM matches,SELECT AVG(winner_rank) AS Average_Rank FROM matches JOIN players ON matches.winner_id = players.player_id,SELECT AVG(winner_rank) AS Average_Rank FROM matches JOIN players ON matches.winner_id = players.player_id,1.0,Resultados idênticos (ordered=False).
439,wta_1,Find the highest rank of losers in all matches.,SELECT min(loser_rank) FROM matches,SELECT MAX(Loser_Rank) FROM matches WHERE Loser_Rank IS NOT NULL,SELECT MAX(Loser_Rank) FROM matches WHERE Loser_Rank IS NOT NULL,0.0,"Resultados divergentes (ordered=False). gold=1 linhas, pred=1 linhas."
440,wta_1,What is the best rank of losers across all matches?,SELECT min(loser_rank) FROM matches,SELECT MAX(loser_rank) FROM matches WHERE loser_rank IS NOT NULL,SELECT MAX(loser_rank) FROM matches WHERE loser_rank IS NOT NULL,0.0,"Resultados divergentes (ordered=False). gold=1 linhas, pred=1 linhas."
441,wta_1,find the number of distinct country codes of all players.,SELECT count(DISTINCT country_code) FROM players,SELECT COUNT(DISTINCT country_code) FROM players,SELECT COUNT(DISTINCT country_code) FROM players,1.0,Resultados idênticos (ordered=False).
442,wta_1,How many distinct countries do players come from?,SELECT count(DISTINCT country_code) FROM players,SELECT COUNT(DISTINCT country_code) FROM players,SELECT COUNT(DISTINCT country_code) FROM players,1.0,Resultados idênticos (ordered=False).
443,wta_1,Find the number of distinct name of losers.,SELECT count(DISTINCT loser_name) FROM matches,SELECT COUNT(DISTINCT loser_name) FROM matches WHERE loser_name IS NOT NULL,SELECT COUNT(DISTINCT loser_name) FROM matches WHERE loser_name IS NOT NULL,1.0,Resultados idênticos (ordered=False).
444,wta_1,How many different loser names are there?,SELECT count(DISTINCT loser_name) FROM matches,SELECT COUNT(DISTINCT loser_name) FROM matches,SELECT COUNT(DISTINCT loser_name) FROM matches,1.0,Resultados idênticos (ordered=False).
445,wta_1,Find the name of tourney that has more than 10 matches.,SELECT tourney_name FROM matches GROUP BY tourney_name HAVING count(*)  >  10,SELECT T2.tourney_name FROM matches AS T1 JOIN players AS T2 ON T1.winner_id = T2.player_id GROUP BY T1.tourney_id HAVING COUNT(*) > 10,SELECT T2.tourney_name FROM matches AS T1 JOIN players AS T2 ON T1.winner_id = T2.player_id GROUP BY T1.tourney_id HAVING COUNT(*) > 10,0.0,Falha ao executar a consulta gerada: no such column: T2.tourney_name
446,wta_1,What are the names of tournaments that have more than 10 matches?,SELECT tourney_name FROM matches GROUP BY tourney_name HAVING count(*)  >  10,SELECT T2.tourney_name FROM matches AS T1 JOIN tournaments AS T2 ON T1.tourney_id = T2.tourney_id WHERE T1.match_num > 10,SELECT T2.tourney_name FROM matches AS T1 JOIN tournaments AS T2 ON T1.tourney_id = T2.tourney_id WHERE T1.match_num > 10,0.0,Falha ao executar a consulta gerada: no such table: tournaments
447,wta_1,List the names of all winners who played in both 2013 and 2016.,SELECT winner_name FROM matches WHERE YEAR  =  2013 INTERSECT SELECT winner_name FROM matches WHERE YEAR  =  2016,"SELECT DISTINCT winner_name FROM matches WHERE winner_id IN (SELECT player_id FROM players WHERE `year` IN (2013, 2016)) AND winner_id = loser_id","SELECT DISTINCT winner_name FROM matches WHERE winner_id IN (SELECT player_id FROM players WHERE `year` IN (2013, 2016)) AND winner_id = loser_id",0.0,"Resultados divergentes (ordered=False). gold=5 linhas, pred=0 linhas."
448,wta_1,What are the names of players who won in both 2013 and 2016?,SELECT winner_name FROM matches WHERE YEAR  =  2013 INTERSECT SELECT winner_name FROM matches WHERE YEAR  =  2016,"SELECT DISTINCT T1.first_name, T1.last_name FROM players AS T1 JOIN matches AS T2 ON T1.player_id = T2.winner_id WHERE T2.year = 2013 INTERSECT SELECT DISTINCT T1.first_name, T1.last_name FROM players AS T1 JOIN matches AS T2 ON T1.player_id = T2.winner_id WHERE T2.year = 2016","SELECT DISTINCT T1.first_name, T1.last_name FROM players AS T1 JOIN matches AS T2 ON T1.player_id = T2.winner_id WHERE T2.year = 2013 INTERSECT SELECT DISTINCT T1.first_name, T1.last_name FROM players AS T1 JOIN matches AS T2 ON T1.player_id = T2.winner_id WHERE T2.year = 2016",0.0,"Resultados divergentes (ordered=False). gold=5 linhas, pred=5 linhas."
449,wta_1,List the number of all matches who played in years of 2013 or 2016.,SELECT count(*) FROM matches WHERE YEAR  =  2013 OR YEAR  =  2016,"SELECT COUNT(*) FROM matches WHERE YEAR(tourney_date) IN (2013, 2016)","SELECT COUNT(*) FROM matches WHERE YEAR(tourney_date) IN (2013, 2016)",0.0,Falha ao executar a consulta gerada: no such function: YEAR
450,wta_1,How many matches were played in 2013 or 2016?,SELECT count(*) FROM matches WHERE YEAR  =  2013 OR YEAR  =  2016,"SELECT COUNT(*) FROM matches WHERE YEAR(tourney_date) IN (2013, 2016)","SELECT COUNT(*) FROM matches WHERE YEAR(tourney_date) IN (2013, 2016)",0.0,Falha ao executar a consulta gerada: no such function: YEAR
451,wta_1,What are the country code and first name of the players who won in both tourney WTA Championships and Australian Open?,"SELECT T1.country_code ,  T1.first_name FROM players AS T1 JOIN matches AS T2 ON T1.player_id  =  T2.winner_id WHERE T2.tourney_name  =  'WTA Championships' INTERSECT SELECT T1.country_code ,  T1.first_name FROM players AS T1 JOIN matches AS T2 ON T1.player_id  =  T2.winner_id WHERE T2.tourney_name  =  'Australian Open'","SELECT T2.country_code, T1.first_name FROM matches AS T1 JOIN players AS T2 ON T1.winner_id = T2.player_id WHERE (T1.tourney_name = 'WTA Championships' AND T1.winner_id IN (SELECT winner_id FROM matches WHERE tourney_name = 'Australian Open'))","SELECT T2.country_code, T1.first_name FROM matches AS T1 JOIN players AS T2 ON T1.winner_id = T2.player_id WHERE (T1.tourney_name = 'WTA Championships' AND T1.winner_id IN (SELECT winner_id FROM matches WHERE tourney_name = 'Australian Open'))",0.0,Falha ao executar a consulta gerada: no such column: T1.first_name
452,wta_1,What are the first names and country codes for players who won both the WTA Championships and the Australian Open?,"SELECT T1.country_code ,  T1.first_name FROM players AS T1 JOIN matches AS T2 ON T1.player_id  =  T2.winner_id WHERE T2.tourney_name  =  'WTA Championships' INTERSECT SELECT T1.country_code ,  T1.first_name FROM players AS T1 JOIN matches AS T2 ON T1.player_id  =  T2.winner_id WHERE T2.tourney_name  =  'Australian Open'","SELECT T1.first_name, T1.country_code FROM players AS T1 JOIN matches AS T2 ON T1.player_id = T2.winner_id WHERE T2.tourney_name = 'WTA Championships' INTERSECT SELECT T1.first_name, T1.country_code FROM players AS T1 JOIN matches AS T2 ON T1.player_id = T2.winner_id WHERE T2.tourney_name = 'Australian Open'","SELECT T1.first_name, T1.country_code FROM players AS T1 JOIN matches AS T2 ON T1.player_id = T2.winner_id WHERE T2.tourney_name = 'WTA Championships' INTERSECT SELECT T1.first_name, T1.country_code FROM players AS T1 JOIN matches AS T2 ON T1.player_id = T2.winner_id WHERE T2.tourney_name = 'Australian Open'",0.0,"Resultados divergentes (ordered=False). gold=2 linhas, pred=2 linhas."
453,wta_1,Find the first name and country code of the oldest player.,"SELECT first_name ,  country_code FROM players ORDER BY birth_date LIMIT 1","SELECT T1.first_name, T1.country_code FROM players AS T1 JOIN (SELECT player_id, MAX(birth_date) AS max_birth FROM players GROUP BY player_id) AS T2 ON T1.player_id = T2.player_id WHERE T2.max_birth = T1.birth_date","SELECT T1.first_name, T1.country_code FROM players AS T1 JOIN (SELECT player_id, MAX(birth_date) AS max_birth FROM players GROUP BY player_id) AS T2 ON T1.player_id = T2.player_id WHERE T2.max_birth = T1.birth_date",0.0,"Resultados divergentes (ordered=True). gold=1 linhas, pred=20662 linhas."
454,wta_1,What is the first name and country code of the oldest player?,"SELECT first_name ,  country_code FROM players ORDER BY birth_date LIMIT 1","SELECT T1.first_name, T1.country_code FROM players AS T1 JOIN (SELECT player_id, MAX(birth_date) AS max_birth FROM players GROUP BY player_id) AS T2 ON T1.player_id = T2.player_id WHERE T2.max_birth = T1.birth_date","SELECT T1.first_name, T1.country_code FROM players AS T1 JOIN (SELECT player_id, MAX(birth_date) AS max_birth FROM players GROUP BY player_id) AS T2 ON T1.player_id = T2.player_id WHERE T2.max_birth = T1.birth_date",0.0,"Resultados divergentes (ordered=True). gold=1 linhas, pred=20662 linhas."
455,wta_1,List the first and last name of all players in the order of birth date.,"SELECT first_name ,  last_name FROM players ORDER BY birth_date","SELECT T1.first_name, T1.last_name FROM players AS T1 ORDER BY T1.birth_date","SELECT T1.first_name, T1.last_name FROM players AS T1 ORDER BY T1.birth_date",1.0,Resultados idênticos (ordered=True).
456,wta_1,"What are the full names of all players, sorted by birth date?","SELECT first_name ,  last_name FROM players ORDER BY birth_date","SELECT P.first_name, P.last_name FROM players AS P ORDER BY P.birth_date","SELECT P.first_name, P.last_name FROM players AS P ORDER BY P.birth_date",1.0,Resultados idênticos (ordered=True).
457,wta_1,List the first and last name of all players who are left / L hand in the order of birth date.,"SELECT first_name ,  last_name FROM players WHERE hand  =  'L' ORDER BY birth_date","SELECT P.first_name, P.last_name FROM players AS P WHERE P.hand = 'L' ORDER BY P.birth_date","SELECT P.first_name, P.last_name FROM players AS P WHERE P.hand = 'L' ORDER BY P.birth_date",1.0,Resultados idênticos (ordered=True).
458,wta_1,"What are the full names of all left handed players, in order of birth date?","SELECT first_name ,  last_name FROM players WHERE hand  =  'L' ORDER BY birth_date","SELECT P.first_name, P.last_name FROM players AS P WHERE P.hand = 'left' ORDER BY P.birth_date","SELECT P.first_name, P.last_name FROM players AS P WHERE P.hand = 'left' ORDER BY P.birth_date",0.0,"Resultados divergentes (ordered=True). gold=487 linhas, pred=0 linhas."
459,wta_1,Find the first name and country code of the player who did the most number of tours.,"SELECT T1.country_code ,  T1.first_name FROM players AS T1 JOIN rankings AS T2 ON T1.player_id  =  T2.player_id ORDER BY T2.tours DESC LIMIT 1","SELECT T1.first_name, T1.country_code FROM players AS T1 JOIN rankings AS T2 ON T1.player_id = T2.player_id GROUP BY T1.player_id ORDER BY COUNT(T2.tours) DESC LIMIT 1","SELECT T1.first_name, T1.country_code FROM players AS T1 JOIN rankings AS T2 ON T1.player_id = T2.player_id GROUP BY T1.player_id ORDER BY COUNT(T2.tours) DESC LIMIT 1",0.0,"Resultados divergentes (ordered=True). gold=1 linhas, pred=1 linhas."
460,wta_1,What is the first name and country code of the player with the most tours?,"SELECT T1.country_code ,  T1.first_name FROM players AS T1 JOIN rankings AS T2 ON T1.player_id  =  T2.player_id ORDER BY T2.tours DESC LIMIT 1","SELECT T1.first_name, T1.country_code FROM players AS T1 JOIN rankings AS T2 ON T1.player_id = T2.player_id ORDER BY T2.tours DESC LIMIT 1","SELECT T1.first_name, T1.country_code FROM players AS T1 JOIN rankings AS T2 ON T1.player_id = T2.player_id ORDER BY T2.tours DESC LIMIT 1",0.0,"Resultados divergentes (ordered=True). gold=1 linhas, pred=1 linhas."
461,wta_1,Find the year that has the most number of matches.,SELECT YEAR FROM matches GROUP BY YEAR ORDER BY count(*) DESC LIMIT 1,"SELECT YEAR(t2.tourney_date), COUNT(*) 
FROM matches AS t1 
JOIN players AS t2 
ON t1.winner_id = t2.player_id 
GROUP BY YEAR(t2.tourney_date) 
ORDER BY COUNT(*) DESC 
LIMIT 1;","SELECT YEAR(t2.tourney_date), COUNT(*) 
FROM matches AS t1 
JOIN players AS t2 
ON t1.winner_id = t2.player_id 
GROUP BY YEAR(t2.tourney_date) 
ORDER BY COUNT(*) DESC 
LIMIT 1",0.0,Falha ao executar a consulta gerada: no such column: t2.tourney_date
462,wta_1,Which year had the most matches?,SELECT YEAR FROM matches GROUP BY YEAR ORDER BY count(*) DESC LIMIT 1,"SELECT T2.year, COUNT(T1.match_num) AS match_count 
FROM matches AS T1 
JOIN players AS T2 
ON T1.loser_id = T2.player_id 
GROUP BY T2.year 
ORDER BY match_count DESC LIMIT 1;","SELECT T2.year, COUNT(T1.match_num) AS match_count 
FROM matches AS T1 
JOIN players AS T2 
ON T1.loser_id = T2.player_id 
GROUP BY T2.year 
ORDER BY match_count DESC LIMIT 1",0.0,Falha ao executar a consulta gerada: no such column: T2.year
463,wta_1,Find the name and rank points of the winner who won the most times.,"SELECT winner_name ,  winner_rank_points FROM matches GROUP BY winner_name ORDER BY count(*) DESC LIMIT 1","SELECT T2.first_name, T2.ranking_points FROM matches AS T1 JOIN players AS T2 ON T1.winner_id = T2.player_id GROUP BY T1.winner_id ORDER BY COUNT(*) DESC LIMIT 1","SELECT T2.first_name, T2.ranking_points FROM matches AS T1 JOIN players AS T2 ON T1.winner_id = T2.player_id GROUP BY T1.winner_id ORDER BY COUNT(*) DESC LIMIT 1",0.0,Falha ao executar a consulta gerada: no such column: T2.ranking_points
464,wta_1,"What is the name of the winner who has won the most matches, and how many rank points does this player have?","SELECT winner_name ,  winner_rank_points FROM matches GROUP BY winner_name ORDER BY count(*) DESC LIMIT 1","SELECT T2.first_name, T2.last_name, T1.ranking_points FROM rankings AS T1 JOIN players AS T2 ON T1.player_id = T2.player_id WHERE T1.ranking_points IN (SELECT MAX(ranking_points) FROM rankings)","SELECT T2.first_name, T2.last_name, T1.ranking_points FROM rankings AS T1 JOIN players AS T2 ON T1.player_id = T2.player_id WHERE T1.ranking_points IN (SELECT MAX(ranking_points) FROM rankings)",0.0,"Resultados divergentes (ordered=True). gold=1 linhas, pred=3 linhas."
465,wta_1,Find the name of the winner who has the highest rank points and participated in the Australian Open tourney.,SELECT winner_name FROM matches WHERE tourney_name  =  'Australian Open' ORDER BY winner_rank_points DESC LIMIT 1,"SELECT T2.first_name, T2.last_name FROM matches AS T1 JOIN players AS T2 ON T1.winner_id = T2.player_id WHERE T1.tourney_name = 'Australian Open' ORDER BY T2.ranking_points DESC LIMIT 1","SELECT T2.first_name, T2.last_name FROM matches AS T1 JOIN players AS T2 ON T1.winner_id = T2.player_id WHERE T1.tourney_name = 'Australian Open' ORDER BY T2.ranking_points DESC LIMIT 1",0.0,Falha ao executar a consulta gerada: no such column: T2.ranking_points
466,wta_1,What is the name of the winner with the most rank points who participated in the Australian Open tournament?,SELECT winner_name FROM matches WHERE tourney_name  =  'Australian Open' ORDER BY winner_rank_points DESC LIMIT 1,"SELECT T2.first_name, T2.last_name FROM matches AS T1 JOIN players AS T2 ON T1.winner_id = T2.player_id WHERE T1.tourney_name = 'Australian Open' ORDER BY T2.ranking_points DESC LIMIT 1","SELECT T2.first_name, T2.last_name FROM matches AS T1 JOIN players AS T2 ON T1.winner_id = T2.player_id WHERE T1.tourney_name = 'Australian Open' ORDER BY T2.ranking_points DESC LIMIT 1",0.0,Falha ao executar a consulta gerada: no such column: T2.ranking_points
467,wta_1,find the names of loser and winner who played in the match with greatest number of minutes.,"SELECT winner_name ,  loser_name FROM matches ORDER BY minutes DESC LIMIT 1","SELECT p1.winner_name, p2.loser_name FROM matches m1 JOIN players p1 ON m1.winner_id = p1.player_id JOIN players p2 ON m1.loser_id = p2.player_id WHERE m1.minutes = (SELECT MAX(minutes) FROM matches)","SELECT p1.winner_name, p2.loser_name FROM matches m1 JOIN players p1 ON m1.winner_id = p1.player_id JOIN players p2 ON m1.loser_id = p2.player_id WHERE m1.minutes = (SELECT MAX(minutes) FROM matches)",0.0,Falha ao executar a consulta gerada: no such column: p1.winner_name
468,wta_1,What are the names of the winner and loser who played in the longest match?,"SELECT winner_name ,  loser_name FROM matches ORDER BY minutes DESC LIMIT 1","SELECT p1.winner_name, p2.loser_name FROM matches m1 JOIN players p1 ON m1.winner_id = p1.player_id JOIN players p2 ON m1.loser_id = p2.player_id ORDER BY m1.minutes DESC LIMIT 1","SELECT p1.winner_name, p2.loser_name FROM matches m1 JOIN players p1 ON m1.winner_id = p1.player_id JOIN players p2 ON m1.loser_id = p2.player_id ORDER BY m1.minutes DESC LIMIT 1",0.0,Falha ao executar a consulta gerada: no such column: p1.winner_name
469,wta_1,Find the average ranking for each player and their first name.,"SELECT avg(ranking) ,  T1.first_name FROM players AS T1 JOIN rankings AS T2 ON T1.player_id  =  T2.player_id GROUP BY T1.first_name","SELECT P.first_name, AVG(R.ranking) as Average_Ranking FROM players AS P JOIN rankings AS R ON P.player_id = R.player_id GROUP BY P.player_id, P.first_name","SELECT P.first_name, AVG(R.ranking) as Average_Ranking FROM players AS P JOIN rankings AS R ON P.player_id = R.player_id GROUP BY P.player_id, P.first_name",0.0,"Resultados divergentes (ordered=False). gold=1580 linhas, pred=2775 linhas."
470,wta_1,"What are the first names of all players, and their average rankings?","SELECT avg(ranking) ,  T1.first_name FROM players AS T1 JOIN rankings AS T2 ON T1.player_id  =  T2.player_id GROUP BY T1.first_name","SELECT T1.first_name, AVG(T3.ranking) as average_ranking FROM players AS T1 JOIN rankings AS T3 ON T1.player_id = T3.player_id GROUP BY T1.first_name","SELECT T1.first_name, AVG(T3.ranking) as average_ranking FROM players AS T1 JOIN rankings AS T3 ON T1.player_id = T3.player_id GROUP BY T1.first_name",0.0,"Resultados divergentes (ordered=False). gold=1580 linhas, pred=1580 linhas."
471,wta_1,Find the total ranking points for each player and their first name.,"SELECT sum(ranking_points) ,  T1.first_name FROM players AS T1 JOIN rankings AS T2 ON T1.player_id  =  T2.player_id GROUP BY T1.first_name","SELECT p.first_name, SUM(r.ranking_points) AS Total_Ranking_Points FROM players p JOIN rankings r ON p.player_id = r.player_id GROUP BY p.player_id, p.first_name","SELECT p.first_name, SUM(r.ranking_points) AS Total_Ranking_Points FROM players p JOIN rankings r ON p.player_id = r.player_id GROUP BY p.player_id, p.first_name",0.0,"Resultados divergentes (ordered=False). gold=1580 linhas, pred=2775 linhas."
472,wta_1,"What are the first names of all players, and their total ranking points?","SELECT sum(ranking_points) ,  T1.first_name FROM players AS T1 JOIN rankings AS T2 ON T1.player_id  =  T2.player_id GROUP BY T1.first_name","SELECT T1.first_name, R.ranking_points FROM players AS T1 JOIN rankings AS R ON T1.player_id = R.player_id","SELECT T1.first_name, R.ranking_points FROM players AS T1 JOIN rankings AS R ON T1.player_id = R.player_id",0.0,"Resultados divergentes (ordered=False). gold=1580 linhas, pred=510436 linhas."
473,wta_1,find the number of players for each country.,"SELECT count(*) ,  country_code FROM players GROUP BY country_code","SELECT P.country_code, COUNT(P.player_id) AS Number_of_Players 
FROM players P 
GROUP BY P.country_code","SELECT P.country_code, COUNT(P.player_id) AS Number_of_Players 
FROM players P 
GROUP BY P.country_code",0.0,"Resultados divergentes (ordered=False). gold=153 linhas, pred=153 linhas."
474,wta_1,How many players are from each country?,"SELECT count(*) ,  country_code FROM players GROUP BY country_code","SELECT P.country_code, COUNT(P.player_id) AS player_count 
FROM players P 
GROUP BY P.country_code","SELECT P.country_code, COUNT(P.player_id) AS player_count 
FROM players P 
GROUP BY P.country_code",0.0,"Resultados divergentes (ordered=False). gold=153 linhas, pred=153 linhas."
475,wta_1,find the code of the country where has the greatest number of players.,SELECT country_code FROM players GROUP BY country_code ORDER BY count(*) DESC LIMIT 1,"SELECT T2.country_code FROM players AS T2 JOIN (SELECT player_id, COUNT(*) AS player_count FROM players GROUP BY player_id ORDER BY player_count DESC LIMIT 1) AS T1 ON T1.player_id = T2.player_id","SELECT T2.country_code FROM players AS T2 JOIN (SELECT player_id, COUNT(*) AS player_count FROM players GROUP BY player_id ORDER BY player_count DESC LIMIT 1) AS T1 ON T1.player_id = T2.player_id",0.0,"Resultados divergentes (ordered=True). gold=1 linhas, pred=1 linhas."
476,wta_1,What is the code of the country with the most players?,SELECT country_code FROM players GROUP BY country_code ORDER BY count(*) DESC LIMIT 1,"SELECT T2.country_code FROM players AS T2 JOIN (SELECT country_code, COUNT(player_id) AS player_count FROM players GROUP BY country_code ORDER BY player_count DESC LIMIT 1) AS T1 ON T2.country_code = T1.country_code","SELECT T2.country_code FROM players AS T2 JOIN (SELECT country_code, COUNT(player_id) AS player_count FROM players GROUP BY country_code ORDER BY player_count DESC LIMIT 1) AS T1 ON T2.country_code = T1.country_code",0.0,"Resultados divergentes (ordered=True). gold=1 linhas, pred=2217 linhas."
477,wta_1,Find the codes of countries that have more than 50 players.,SELECT country_code FROM players GROUP BY country_code HAVING count(*)  >  50,SELECT P.country_code FROM players AS P GROUP BY P.country_code HAVING COUNT(P.player_id) > 50,SELECT P.country_code FROM players AS P GROUP BY P.country_code HAVING COUNT(P.player_id) > 50,1.0,Resultados idênticos (ordered=False).
478,wta_1,What are the codes of countries with more than 50 players?,SELECT country_code FROM players GROUP BY country_code HAVING count(*)  >  50,SELECT T2.country_code FROM players AS T2 JOIN matches AS T1 ON T1.loser_id = T2.player_id GROUP BY T2.country_code HAVING COUNT(T2.player_id) > 50,SELECT T2.country_code FROM players AS T2 JOIN matches AS T1 ON T1.loser_id = T2.player_id GROUP BY T2.country_code HAVING COUNT(T2.player_id) > 50,0.0,"Resultados divergentes (ordered=False). gold=65 linhas, pred=0 linhas."
479,wta_1,Find the total number of tours for each ranking date.,"SELECT sum(tours) ,  ranking_date FROM rankings GROUP BY ranking_date","SELECT `ranking_date`, COUNT(`tours`) AS Total_Tours 
FROM rankings 
GROUP BY `ranking_date`","SELECT `ranking_date`, COUNT(`tours`) AS Total_Tours 
FROM rankings 
GROUP BY `ranking_date`",0.0,"Resultados divergentes (ordered=False). gold=1504 linhas, pred=1504 linhas."
480,wta_1,How many total tours were there for each ranking date?,"SELECT sum(tours) ,  ranking_date FROM rankings GROUP BY ranking_date","SELECT T1.ranking_date, COUNT(T2.tours) AS total_tours FROM rankings AS T1 JOIN matches AS T2 ON T1.player_id = T2.winner_id GROUP BY T1.ranking_date","SELECT T1.ranking_date, COUNT(T2.tours) AS total_tours FROM rankings AS T1 JOIN matches AS T2 ON T1.player_id = T2.winner_id GROUP BY T1.ranking_date",0.0,Falha ao executar a consulta gerada: no such column: T2.tours
481,wta_1,Find the number of matches happened in each year.,"SELECT count(*) ,  YEAR FROM matches GROUP BY YEAR","SELECT YEAR(`tourney_date`), COUNT(*) 
FROM matches 
GROUP BY YEAR(`tourney_date`)","SELECT YEAR(`tourney_date`), COUNT(*) 
FROM matches 
GROUP BY YEAR(`tourney_date`)",0.0,Falha ao executar a consulta gerada: no such function: YEAR
482,wta_1,How many matches were played in each year?,"SELECT count(*) ,  YEAR FROM matches GROUP BY YEAR","SELECT YEAR(`tourney_date`), COUNT(*) 
FROM matches 
GROUP BY YEAR(`tourney_date`)","SELECT YEAR(`tourney_date`), COUNT(*) 
FROM matches 
GROUP BY YEAR(`tourney_date`)",0.0,Falha ao executar a consulta gerada: no such function: YEAR
483,wta_1,Find the name and rank of the 3 youngest winners across all matches.,"SELECT DISTINCT winner_name ,  winner_rank FROM matches ORDER BY winner_age LIMIT 3","SELECT T2.first_name, T1.winner_rank FROM matches AS T1 JOIN players AS T2 ON T1.winner_id = T2.player_id ORDER BY T2.birth_date ASC LIMIT 3","SELECT T2.first_name, T1.winner_rank FROM matches AS T1 JOIN players AS T2 ON T1.winner_id = T2.player_id ORDER BY T2.birth_date ASC LIMIT 3",0.0,"Resultados divergentes (ordered=True). gold=3 linhas, pred=3 linhas."
484,wta_1,What are the names and ranks of the three youngest winners across all matches?,"SELECT DISTINCT winner_name ,  winner_rank FROM matches ORDER BY winner_age LIMIT 3","SELECT T2.first_name, T2.last_name, T1.winner_rank FROM matches AS T1 JOIN players AS T2 ON T1.winner_id = T2.player_id ORDER BY T2.birth_date ASC LIMIT 3","SELECT T2.first_name, T2.last_name, T1.winner_rank FROM matches AS T1 JOIN players AS T2 ON T1.winner_id = T2.player_id ORDER BY T2.birth_date ASC LIMIT 3",0.0,"Resultados divergentes (ordered=True). gold=3 linhas, pred=3 linhas."
485,wta_1,How many different winners both participated in the WTA Championships and were left handed?,SELECT count(DISTINCT winner_name) FROM matches WHERE tourney_name  =  'WTA Championships' AND winner_hand  =  'L',"SELECT COUNT(DISTINCT winner_id) 
FROM matches 
JOIN players ON matches.winner_id = players.player_id 
WHERE players.hand = 'L' AND matches.tourney_name = 'WTA Championships'","SELECT COUNT(DISTINCT winner_id) 
FROM matches 
JOIN players ON matches.winner_id = players.player_id 
WHERE players.hand = 'L' AND matches.tourney_name = 'WTA Championships'",1.0,Resultados idênticos (ordered=False).
486,wta_1,Find the number of left handed winners who participated in the WTA Championships.,SELECT count(DISTINCT winner_name) FROM matches WHERE tourney_name  =  'WTA Championships' AND winner_hand  =  'L',SELECT COUNT(winner_id) FROM matches JOIN players ON matches.winner_id = players.player_id WHERE players.hand = 'L' AND matches.tourney_name = 'WTA Championships',SELECT COUNT(winner_id) FROM matches JOIN players ON matches.winner_id = players.player_id WHERE players.hand = 'L' AND matches.tourney_name = 'WTA Championships',0.0,"Resultados divergentes (ordered=False). gold=1 linhas, pred=1 linhas."
487,wta_1,"Find the first name, country code and birth date of the winner who has the highest rank points in all matches.","SELECT T1.first_name ,  T1.country_code ,  T1.birth_date FROM players AS T1 JOIN matches AS T2 ON T1.player_id  =  T2.winner_id ORDER BY T2.winner_rank_points DESC LIMIT 1","SELECT T1.first_name, T1.country_code, T1.birth_date FROM players AS T1 JOIN matches AS T2 ON T1.player_id = T2.winner_id ORDER BY T1.ranking_points DESC LIMIT 1","SELECT T1.first_name, T1.country_code, T1.birth_date FROM players AS T1 JOIN matches AS T2 ON T1.player_id = T2.winner_id ORDER BY T1.ranking_points DESC LIMIT 1",0.0,Falha ao executar a consulta gerada: no such column: T1.ranking_points
488,wta_1,"What is the first name, country code, and birth date of the player with the most winner rank points across all matches?","SELECT T1.first_name ,  T1.country_code ,  T1.birth_date FROM players AS T1 JOIN matches AS T2 ON T1.player_id  =  T2.winner_id ORDER BY T2.winner_rank_points DESC LIMIT 1","SELECT T1.first_name, T1.country_code, T1.birth_date FROM players AS T1 JOIN rankings AS T2 ON T1.player_id = T2.player_id ORDER BY T2.ranking DESC LIMIT 1","SELECT T1.first_name, T1.country_code, T1.birth_date FROM players AS T1 JOIN rankings AS T2 ON T1.player_id = T2.player_id ORDER BY T2.ranking DESC LIMIT 1",0.0,"Resultados divergentes (ordered=True). gold=1 linhas, pred=1 linhas."
489,wta_1,Find the number of players for each hand type.,"SELECT count(*) ,  hand FROM players GROUP BY hand","SELECT T2.hand, COUNT(T1.player_id) FROM matches AS T1 JOIN players AS T2 ON T1.winner_id = T2.player_id GROUP BY T2.hand","SELECT T2.hand, COUNT(T1.player_id) FROM matches AS T1 JOIN players AS T2 ON T1.winner_id = T2.player_id GROUP BY T2.hand",0.0,Falha ao executar a consulta gerada: no such column: T1.player_id
490,wta_1,How many players are there for each hand type?,"SELECT count(*) ,  hand FROM players GROUP BY hand","SELECT P.hand, COUNT(P.player_id) AS player_count FROM players P GROUP BY P.hand","SELECT P.hand, COUNT(P.player_id) AS player_count FROM players P GROUP BY P.hand",0.0,"Resultados divergentes (ordered=False). gold=4 linhas, pred=4 linhas."
491,battle_death,How many ships ended up being 'Captured'?,SELECT count(*) FROM ship WHERE disposition_of_ship  =  'Captured',SELECT COUNT(id) FROM ship WHERE disposition_of_ship = 'Captured',SELECT COUNT(id) FROM ship WHERE disposition_of_ship = 'Captured',1.0,Resultados idênticos (ordered=False).
492,battle_death,List the name and tonnage ordered by in descending alphaetical order for the names.,"SELECT name ,  tonnage FROM ship ORDER BY name DESC","SELECT T1.name, T1.tonnage FROM ship AS T1 JOIN battle AS T2 ON T1.id = T2.lost_in_battle ORDER BY T1.name DESC","SELECT T1.name, T1.tonnage FROM ship AS T1 JOIN battle AS T2 ON T1.id = T2.lost_in_battle ORDER BY T1.name DESC",0.0,Falha ao executar a consulta gerada: no such column: T2.lost_in_battle
493,battle_death,"List the name, date and result of each battle.","SELECT name ,  date FROM battle","SELECT T1.name ,  T1.date ,  T1.result FROM battle AS T1 JOIN battle AS T2 ON T1.id = T2.lost_in_battle","SELECT T1.name ,  T1.date ,  T1.result FROM battle AS T1 JOIN battle AS T2 ON T1.id = T2.lost_in_battle",0.0,Falha ao executar a consulta gerada: no such column: T2.lost_in_battle
494,battle_death,What is maximum and minimum death toll caused each time?,"SELECT max(killed) ,  min(killed) FROM death","SELECT MAX(injured), MIN(injured) FROM death","SELECT MAX(injured), MIN(injured) FROM death",0.0,"Resultados divergentes (ordered=False). gold=1 linhas, pred=1 linhas."
495,battle_death,What is the average number of injuries caused each time?,SELECT avg(injured) FROM death,SELECT AVG(injured) FROM death,SELECT AVG(injured) FROM death,1.0,Resultados idênticos (ordered=False).
496,battle_death,What are the death and injury situations caused by the ship with tonnage 't'?,"SELECT T1.killed ,  T1.injured FROM death AS T1 JOIN ship AS t2 ON T1.caused_by_ship_id  =  T2.id WHERE T2.tonnage  =  't'","SELECT T2.note, T2.killed, T2.injured FROM ship AS T1 JOIN death AS T2 ON T1.id = T2.caused_by_ship_id WHERE T1.tonnage = 't'","SELECT T2.note, T2.killed, T2.injured FROM ship AS T1 JOIN death AS T2 ON T1.id = T2.caused_by_ship_id WHERE T1.tonnage = 't'",0.0,"Resultados divergentes (ordered=False). gold=11 linhas, pred=11 linhas."
497,battle_death,What are the name and results of the battles when the bulgarian commander is not 'Boril',"SELECT name ,  RESULT FROM battle WHERE bulgarian_commander != 'Boril'","SELECT T1.name, T1.result FROM battle AS T1 JOIN candidate AS T2 ON T1.bulgarian_commander = T2.name WHERE T2.name != 'Boril'","SELECT T1.name, T1.result FROM battle AS T1 JOIN candidate AS T2 ON T1.bulgarian_commander = T2.name WHERE T2.name != 'Boril'",0.0,Falha ao executar a consulta gerada: no such table: candidate
498,battle_death,What are the different ids and names of the battles that lost any 'Brig' type shipes?,"SELECT DISTINCT T1.id ,  T1.name FROM battle AS T1 JOIN ship AS T2 ON T1.id  =  T2.lost_in_battle WHERE T2.ship_type  =  'Brig'","SELECT T1.id, T1.name FROM battle AS T1 JOIN ship AS T2 ON T1.id = T2.lost_in_battle WHERE T2.ship_type = 'Brig'","SELECT T1.id, T1.name FROM battle AS T1 JOIN ship AS T2 ON T1.id = T2.lost_in_battle WHERE T2.ship_type = 'Brig'",1.0,Resultados idênticos (ordered=False).
499,battle_death,What are the ids and names of the battles that led to more than 10 people killed in total.,"SELECT T1.id ,  T1.name FROM battle AS T1 JOIN ship AS T2 ON T1.id  =  T2.lost_in_battle JOIN death AS T3 ON T2.id  =  T3.caused_by_ship_id GROUP BY T1.id HAVING sum(T3.killed)  >  10","SELECT T1.id, T1.name FROM battle AS T1 JOIN death AS T2 ON T1.id = T2.caused_by_ship_id GROUP BY T1.id, T1.name HAVING SUM(T2.killed) > 10","SELECT T1.id, T1.name FROM battle AS T1 JOIN death AS T2 ON T1.id = T2.caused_by_ship_id GROUP BY T1.id, T1.name HAVING SUM(T2.killed) > 10",0.0,"Resultados divergentes (ordered=False). gold=3 linhas, pred=3 linhas."
500,battle_death,What is the ship id and name that caused most total injuries?,"SELECT T2.id ,  T2.name FROM death AS T1 JOIN ship AS t2 ON T1.caused_by_ship_id  =  T2.id GROUP BY T2.id ORDER BY count(*) DESC LIMIT 1","SELECT T1.id, T1.name FROM ship AS T1 JOIN death AS T2 ON T1.id = T2.caused_by_ship_id GROUP BY T1.id ORDER BY SUM(T2.injured) DESC LIMIT 1","SELECT T1.id, T1.name FROM ship AS T1 JOIN death AS T2 ON T1.id = T2.caused_by_ship_id GROUP BY T1.id ORDER BY SUM(T2.injured) DESC LIMIT 1",0.0,"Resultados divergentes (ordered=True). gold=1 linhas, pred=1 linhas."
501,battle_death,What are the distinct battle names which are between bulgarian commander 'Kaloyan' and latin commander 'Baldwin I'?,SELECT name FROM battle WHERE bulgarian_commander  =  'Kaloyan' AND latin_commander  =  'Baldwin I',SELECT DISTINCT T1.name FROM battle AS T1 JOIN candidate AS T2 ON T1.id = T2.id WHERE T2.Poll_Source = 'Kaloyan' AND T1.bulgarian_commander = 'Kaloyan' AND T2.Poll_Source = 'Baldwin I' AND T1.latin_commander = 'Baldwin I',SELECT DISTINCT T1.name FROM battle AS T1 JOIN candidate AS T2 ON T1.id = T2.id WHERE T2.Poll_Source = 'Kaloyan' AND T1.bulgarian_commander = 'Kaloyan' AND T2.Poll_Source = 'Baldwin I' AND T1.latin_commander = 'Baldwin I',0.0,Falha ao executar a consulta gerada: no such table: candidate
502,battle_death,How many different results are there for the battles?,SELECT count(DISTINCT RESULT) FROM battle,SELECT COUNT(DISTINCT result) FROM battle,SELECT COUNT(DISTINCT result) FROM battle,1.0,Resultados idênticos (ordered=False).
503,battle_death,How many battles did not lose any ship with tonnage '225'?,SELECT count(*) FROM battle WHERE id NOT IN ( SELECT lost_in_battle FROM ship WHERE tonnage  =  '225' );,SELECT COUNT(DISTINCT b.id) FROM battle AS b WHERE NOT EXISTS (SELECT s.id FROM ship AS s WHERE s.lost_in_battle = b.id AND s.tonnage = '22ml'),SELECT COUNT(DISTINCT b.id) FROM battle AS b WHERE NOT EXISTS (SELECT s.id FROM ship AS s WHERE s.lost_in_battle = b.id AND s.tonnage = '22ml'),0.0,"Resultados divergentes (ordered=False). gold=1 linhas, pred=1 linhas."
504,battle_death,List the name and date the battle that has lost the ship named 'Lettice' and the ship named 'HMS Atalanta',"SELECT T1.name ,  T1.date FROM battle AS T1 JOIN ship AS T2 ON T1.id  =  T2.lost_in_battle WHERE T2.name  =  'Lettice' INTERSECT SELECT T1.name ,  T1.date FROM battle AS T1 JOIN ship AS T2 ON T1.id  =  T2.lost_in_battle WHERE T2.name  =  'HMS Atalanta'","SELECT T1.date, T3.name FROM battle AS T1 JOIN ship AS T3 ON T1.id = T3.lost_in_battle WHERE T3.name = 'Lettice' INTERSECT SELECT T1.date, T3.name FROM battle AS T1 JOIN ship AS T3 ON T1.id = T3.lost_in_battle WHERE T3.name = 'HMS Atalanta'","SELECT T1.date, T3.name FROM battle AS T1 JOIN ship AS T3 ON T1.id = T3.lost_in_battle WHERE T3.name = 'Lettice' INTERSECT SELECT T1.date, T3.name FROM battle AS T1 JOIN ship AS T3 ON T1.id = T3.lost_in_battle WHERE T3.name = 'HMS Atalanta'",0.0,"Resultados divergentes (ordered=False). gold=1 linhas, pred=0 linhas."
505,battle_death,"Show names, results and bulgarian commanders of the battles with no ships lost in the 'English Channel'.","SELECT name ,  RESULT ,  bulgarian_commander FROM battle EXCEPT SELECT T1.name ,  T1.result ,  T1.bulgarian_commander FROM battle AS T1 JOIN ship AS T2 ON T1.id  =  T2.lost_in_battle WHERE T2.location  =  'English Channel'","SELECT b.name, b.result, b.bulgarian_commander FROM battle AS b WHERE b.id NOT IN (SELECT sh.id FROM ship AS sh WHERE sh.lost_in_battle IS NOT NULL) AND b.date = 'English Channel'","SELECT b.name, b.result, b.bulgarian_commander FROM battle AS b WHERE b.id NOT IN (SELECT sh.id FROM ship AS sh WHERE sh.lost_in_battle IS NOT NULL) AND b.date = 'English Channel'",0.0,"Resultados divergentes (ordered=False). gold=3 linhas, pred=0 linhas."
506,battle_death,What are the notes of the death events which has substring 'East'?,SELECT note FROM death WHERE note LIKE '%East%',SELECT note FROM death WHERE note LIKE '%East%',SELECT note FROM death WHERE note LIKE '%East%',1.0,Resultados idênticos (ordered=False).
507,student_transcripts_tracking,what are all the addresses including line 1 and line 2?,"SELECT line_1 ,  line_2 FROM addresses","SELECT line_1, line_2 FROM Addresses WHERE line_2 IS NOT NULL","SELECT line_1, line_2 FROM Addresses WHERE line_2 IS NOT NULL",1.0,Resultados idênticos (ordered=False).
508,student_transcripts_tracking,What is the first and second line for all addresses?,"SELECT line_1 ,  line_2 FROM addresses","SELECT DISTINCT line_1, line_2 FROM Addresses","SELECT DISTINCT line_1, line_2 FROM Addresses",1.0,Resultados idênticos (ordered=False).
509,student_transcripts_tracking,How many courses in total are listed?,SELECT count(*) FROM Courses,SELECT COUNT(*) FROM Courses,SELECT COUNT(*) FROM Courses,1.0,Resultados idênticos (ordered=False).
510,student_transcripts_tracking,How many courses are there?,SELECT count(*) FROM Courses,SELECT COUNT(*) FROM Courses,SELECT COUNT(*) FROM Courses,1.0,Resultados idênticos (ordered=False).
511,student_transcripts_tracking,How is the math course described?,SELECT course_description FROM Courses WHERE course_name  =  'math',SELECT T2.course_description FROM Courses AS T2 JOIN Student_Enrolment_Courses AS T1 ON T1.course_id = T2.course_id WHERE T2.course_name = 'Math',SELECT T2.course_description FROM Courses AS T2 JOIN Student_Enrolment_Courses AS T1 ON T1.course_id = T2.course_id WHERE T2.course_name = 'Math',0.0,"Resultados divergentes (ordered=False). gold=1 linhas, pred=0 linhas."
512,student_transcripts_tracking,What are the descriptions for all the math courses?,SELECT course_description FROM Courses WHERE course_name  =  'math',SELECT T2.course_description FROM Courses AS T2 JOIN Student_Enrolment_Courses AS T1 ON T1.course_id = T2.course_id WHERE T2.course_name LIKE '%Math%',SELECT T2.course_description FROM Courses AS T2 JOIN Student_Enrolment_Courses AS T1 ON T1.course_id = T2.course_id WHERE T2.course_name LIKE '%Math%',0.0,"Resultados divergentes (ordered=False). gold=1 linhas, pred=2 linhas."
513,student_transcripts_tracking,What is the zip code of the address in the city Port Chelsea?,SELECT zip_postcode FROM Addresses WHERE city  =  'Port Chelsea',SELECT T1.zip_postcode FROM Addresses AS T1 JOIN Student_Enrolment AS T2 ON T1.address_id = T2.current_address_id WHERE T1.city = 'Port Chelsea',SELECT T1.zip_postcode FROM Addresses AS T1 JOIN Student_Enrolment AS T2 ON T1.address_id = T2.current_address_id WHERE T1.city = 'Port Chelsea',0.0,Falha ao executar a consulta gerada: no such column: T2.current_address_id
514,student_transcripts_tracking,What is the zip code for Port Chelsea?,SELECT zip_postcode FROM Addresses WHERE city  =  'Port Chelsea',SELECT DISTINCT T1.zip_postcode FROM Addresses AS T1 JOIN Students AS T2 ON T1.address_id = T2.current_address_id WHERE T2.`address line 3` = 'Port Chelsea',SELECT DISTINCT T1.zip_postcode FROM Addresses AS T1 JOIN Students AS T2 ON T1.address_id = T2.current_address_id WHERE T2.`address line 3` = 'Port Chelsea',0.0,Falha ao executar a consulta gerada: no such column: T2.address line 3
515,student_transcripts_tracking,Which department offers the most number of degrees? List department name and id.,"SELECT T2.department_name ,  T1.department_id FROM Degree_Programs AS T1 JOIN Departments AS T2 ON T1.department_id  =  T2.department_id GROUP BY T1.department_id ORDER BY count(*) DESC LIMIT 1","SELECT D.department_name, D.department_id FROM Departments AS D JOIN Degree_Programs AS DP ON D.department_id = DP.department_id GROUP BY D.department_id, D.department_name ORDER BY COUNT(DP.degree_program_id) DESC LIMIT 1","SELECT D.department_name, D.department_id FROM Departments AS D JOIN Degree_Programs AS DP ON D.department_id = DP.department_id GROUP BY D.department_id, D.department_name ORDER BY COUNT(DP.degree_program_id) DESC LIMIT 1",1.0,Resultados idênticos (ordered=True).
516,student_transcripts_tracking,What is the name and id of the department with the most number of degrees ?,"select t2.department_name ,  t1.department_id from degree_programs as t1 join departments as t2 on t1.department_id  =  t2.department_id group by t1.department_id order by count(*) desc limit 1","SELECT d.department_name, d.department_id FROM Departments d
JOIN Degree_Programs dp ON d.department_id = dp.department_id
GROUP BY d.department_id
ORDER BY COUNT(dp.degree_program_id) DESC
LIMIT 1;","SELECT d.department_name, d.department_id FROM Departments d
JOIN Degree_Programs dp ON d.department_id = dp.department_id
GROUP BY d.department_id
ORDER BY COUNT(dp.degree_program_id) DESC
LIMIT 1",1.0,Resultados idênticos (ordered=True).
517,student_transcripts_tracking,How many departments offer any degree?,SELECT count(DISTINCT department_id) FROM Degree_Programs,SELECT COUNT(DISTINCT department_id) FROM Degree_Programs JOIN Departments ON Degree_Programs.department_id = Departments.department_id,SELECT COUNT(DISTINCT department_id) FROM Degree_Programs JOIN Departments ON Degree_Programs.department_id = Departments.department_id,0.0,Falha ao executar a consulta gerada: ambiguous column name: department_id
518,student_transcripts_tracking,How many different departments offer degrees?,SELECT count(DISTINCT department_id) FROM Degree_Programs,SELECT COUNT(DISTINCT department_id) FROM Degree_Programs,SELECT COUNT(DISTINCT department_id) FROM Degree_Programs,1.0,Resultados idênticos (ordered=False).
519,student_transcripts_tracking,How many different degree names are offered?,SELECT count(DISTINCT degree_summary_name) FROM Degree_Programs,SELECT COUNT(DISTINCT degree_summary_name) FROM Degree_Programs,SELECT COUNT(DISTINCT degree_summary_name) FROM Degree_Programs,1.0,Resultados idênticos (ordered=False).
520,student_transcripts_tracking,How many different degrees are offered?,SELECT count(DISTINCT degree_summary_name) FROM Degree_Programs,SELECT COUNT(DISTINCT degree_program_id) FROM Degree_Programs,SELECT COUNT(DISTINCT degree_program_id) FROM Degree_Programs,0.0,"Resultados divergentes (ordered=False). gold=1 linhas, pred=1 linhas."
521,student_transcripts_tracking,How many degrees does the engineering department offer?,SELECT count(*) FROM Departments AS T1 JOIN Degree_Programs AS T2 ON T1.department_id  =  T2.department_id WHERE T1.department_name  =  'engineer',SELECT COUNT(degree_program_id) FROM Degree_Programs WHERE department_id IN (SELECT department_id FROM Departments WHERE department_name = 'Engineering'),SELECT COUNT(degree_program_id) FROM Degree_Programs WHERE department_id IN (SELECT department_id FROM Departments WHERE department_name = 'Engineering'),1.0,Resultados idênticos (ordered=False).
522,student_transcripts_tracking,How many degrees does the engineering department have?,SELECT count(*) FROM Departments AS T1 JOIN Degree_Programs AS T2 ON T1.department_id  =  T2.department_id WHERE T1.department_name  =  'engineer',SELECT COUNT(degree_program_id) FROM Degree_Programs WHERE department_id IN (SELECT department_id FROM Departments WHERE department_name = 'Engineering'),SELECT COUNT(degree_program_id) FROM Degree_Programs WHERE department_id IN (SELECT department_id FROM Departments WHERE department_name = 'Engineering'),1.0,Resultados idênticos (ordered=False).
523,student_transcripts_tracking,What are the names and descriptions of all the sections?,"SELECT section_name ,  section_description FROM Sections","SELECT section_name ,  section_description FROM Sections","SELECT section_name ,  section_description FROM Sections",1.0,Resultados idênticos (ordered=False).
524,student_transcripts_tracking,What are the names and descriptions for all the sections?,"SELECT section_name ,  section_description FROM Sections","SELECT section_name ,  section_description FROM Sections","SELECT section_name ,  section_description FROM Sections",1.0,Resultados idênticos (ordered=False).
525,student_transcripts_tracking,What are the names and id of courses having at most 2 sections?,"SELECT T1.course_name ,  T1.course_id FROM Courses AS T1 JOIN Sections AS T2 ON T1.course_id  =  T2.course_id GROUP BY T1.course_id HAVING count(*)  <=  2","SELECT C.course_name, C.course_id FROM Courses AS C JOIN Sections AS S ON C.course_id = S.course_id GROUP BY C.course_id HAVING COUNT(S.section_id) <= 2","SELECT C.course_name, C.course_id FROM Courses AS C JOIN Sections AS S ON C.course_id = S.course_id GROUP BY C.course_id HAVING COUNT(S.section_id) <= 2",1.0,Resultados idênticos (ordered=False).
526,student_transcripts_tracking,What are the names and ids of every course with less than 2 sections?,"SELECT T1.course_name ,  T1.course_id FROM Courses AS T1 JOIN Sections AS T2 ON T1.course_id  =  T2.course_id GROUP BY T1.course_id HAVING count(*)  <=  2","SELECT C.course_name, C.course_id FROM Courses AS C JOIN Sections AS S ON C.course_id = S.course_id GROUP BY C.course_id HAVING COUNT(S.section_id) < 2","SELECT C.course_name, C.course_id FROM Courses AS C JOIN Sections AS S ON C.course_id = S.course_id GROUP BY C.course_id HAVING COUNT(S.section_id) < 2",0.0,"Resultados divergentes (ordered=False). gold=11 linhas, pred=7 linhas."
527,student_transcripts_tracking,List the section_name in reversed lexicographical order.,SELECT section_name FROM Sections ORDER BY section_name DESC,SELECT section_name FROM Sections ORDER BY section_name DESC,SELECT section_name FROM Sections ORDER BY section_name DESC,1.0,Resultados idênticos (ordered=True).
528,student_transcripts_tracking,What are the names of the sections in reverse alphabetical order?,SELECT section_name FROM Sections ORDER BY section_name DESC,SELECT section_name FROM Sections ORDER BY section_name DESC,SELECT section_name FROM Sections ORDER BY section_name DESC,1.0,Resultados idênticos (ordered=True).
529,student_transcripts_tracking,What is the semester which most student registered in? Show both the name and the id.,"SELECT T1.semester_name ,  T1.semester_id FROM Semesters AS T1 JOIN Student_Enrolment AS T2 ON T1.semester_id  =  T2.semester_id GROUP BY T1.semester_id ORDER BY count(*) DESC LIMIT 1","SELECT T2.semester_name, T2.semester_id FROM Student_Enrolment AS T1 JOIN Semesters AS T2 ON T1.semester_id = T2.semester_id GROUP BY T2.semester_id ORDER BY COUNT(T1.student_enrolment_id) DESC LIMIT 1","SELECT T2.semester_name, T2.semester_id FROM Student_Enrolment AS T1 JOIN Semesters AS T2 ON T1.semester_id = T2.semester_id GROUP BY T2.semester_id ORDER BY COUNT(T1.student_enrolment_id) DESC LIMIT 1",1.0,Resultados idênticos (ordered=True).
530,student_transcripts_tracking,"For each semester, what is the name and id of the one with the most students registered?","SELECT T1.semester_name ,  T1.semester_id FROM Semesters AS T1 JOIN Student_Enrolment AS T2 ON T1.semester_id  =  T2.semester_id GROUP BY T1.semester_id ORDER BY count(*) DESC LIMIT 1","SELECT S.semester_name, S.semester_id FROM Semesters AS S 
JOIN (SELECT semester_id, COUNT(student_enrolment_id) AS student_count 
FROM Student_Enrolment 
GROUP BY semester_id) AS E 
ON S.semester_id = E.semester_id 
WHERE E.student_count = (SELECT MAX(student_count) FROM (SELECT semester_id, COUNT(student_enrolment_id) AS student_count FROM Student_Enrolment GROUP BY semester_id)) 
GROUP BY S.semester_id","SELECT S.semester_name, S.semester_id FROM Semesters AS S 
JOIN (SELECT semester_id, COUNT(student_enrolment_id) AS student_count 
FROM Student_Enrolment 
GROUP BY semester_id) AS E 
ON S.semester_id = E.semester_id 
WHERE E.student_count = (SELECT MAX(student_count) FROM (SELECT semester_id, COUNT(student_enrolment_id) AS student_count FROM Student_Enrolment GROUP BY semester_id)) 
GROUP BY S.semester_id",1.0,Resultados idênticos (ordered=True).
531,student_transcripts_tracking,What is the description of the department whose name has the substring the computer?,SELECT department_description FROM Departments WHERE department_name LIKE '%computer%',SELECT d.department_description FROM Departments d WHERE d.department_name LIKE '%the computer%',SELECT d.department_description FROM Departments d WHERE d.department_name LIKE '%the computer%',0.0,"Resultados divergentes (ordered=False). gold=1 linhas, pred=0 linhas."
532,student_transcripts_tracking,What is the department description for the one whose name has the word computer?,SELECT department_description FROM Departments WHERE department_name LIKE '%computer%',SELECT T3.department_description FROM Students AS T1 JOIN Student_Enrolment AS T2 ON T1.student_id = T2.student_enrolment_id JOIN Degree_Programs AS T3 ON T2.degree_program_id = T3.degree_program_id JOIN Departments AS T4 ON T3.department_id = T4.department_id WHERE T1.first_name LIKE '%computer%',SELECT T3.department_description FROM Students AS T1 JOIN Student_Enrolment AS T2 ON T1.student_id = T2.student_enrolment_id JOIN Degree_Programs AS T3 ON T2.degree_program_id = T3.degree_program_id JOIN Departments AS T4 ON T3.department_id = T4.department_id WHERE T1.first_name LIKE '%computer%',0.0,Falha ao executar a consulta gerada: no such column: T3.department_description
533,student_transcripts_tracking,"Who are enrolled in 2 degree programs in one semester? List the first name, middle name and last name and the id.","SELECT T1.first_name ,  T1.middle_name ,  T1.last_name ,  T1.student_id FROM Students AS T1 JOIN Student_Enrolment AS T2 ON T1.student_id  =  T2.student_id GROUP BY T1.student_id HAVING count(*)  =  2","SELECT T3.first_name, T3.middle_name, T3.last_name, T1.student_enrolment_id FROM Student_Enrolment AS T1 JOIN Degree_Programs AS T2 ON T1.degree_program_id = T2.degree_program_id JOIN Students AS T3 ON T1.student_id = T3.student_id GROUP BY T1.student_enrolment_id HAVING COUNT(T2.degree_program_id) = 2","SELECT T3.first_name, T3.middle_name, T3.last_name, T1.student_enrolment_id FROM Student_Enrolment AS T1 JOIN Degree_Programs AS T2 ON T1.degree_program_id = T2.degree_program_id JOIN Students AS T3 ON T1.student_id = T3.student_id GROUP BY T1.student_enrolment_id HAVING COUNT(T2.degree_program_id) = 2",0.0,"Resultados divergentes (ordered=False). gold=3 linhas, pred=0 linhas."
534,student_transcripts_tracking,"What are the first, middle, and last names, along with the ids, of all students who enrolled in 2 degree programs in one semester?","SELECT T1.first_name ,  T1.middle_name ,  T1.last_name ,  T1.student_id FROM Students AS T1 JOIN Student_Enrolment AS T2 ON T1.student_id  =  T2.student_id GROUP BY T1.student_id HAVING count(*)  =  2","SELECT T1.first_name, T1.middle_name, T1.last_name, T2.student_enrolment_id FROM Students AS T1 JOIN Student_Enrolment AS T2 ON T1.student_id = T2.student_id JOIN Degree_Programs AS T3 ON T2.degree_program_id = T3.degree_program_id WHERE T2.semester_id IN (SELECT semester_id FROM Degree_Programs GROUP BY semester_id HAVING COUNT(degree_program_id) = 2)","SELECT T1.first_name, T1.middle_name, T1.last_name, T2.student_enrolment_id FROM Students AS T1 JOIN Student_Enrolment AS T2 ON T1.student_id = T2.student_id JOIN Degree_Programs AS T3 ON T2.degree_program_id = T3.degree_program_id WHERE T2.semester_id IN (SELECT semester_id FROM Degree_Programs GROUP BY semester_id HAVING COUNT(degree_program_id) = 2)",0.0,Falha ao executar a consulta gerada: no such column: semester_id
535,student_transcripts_tracking,"Who is enrolled in a Bachelor degree program? List the first name, middle name, last name.","SELECT DISTINCT T1.first_name ,  T1.middle_name ,  T1.last_name FROM Students AS T1 JOIN Student_Enrolment AS T2 ON T1.student_id  =  T2.student_id JOIN Degree_Programs AS T3 ON T2.degree_program_id  =  T3.degree_program_id WHERE T3.degree_summary_name  =  'Bachelor'","SELECT T3.first_name, T3.middle_name, T3.last_name FROM Student_Enrolment AS SE 
JOIN Degree_Programs AS DP ON SE.degree_program_id = DP.degree_program_id 
JOIN Departments AS D ON DP.department_id = D.department_id 
JOIN Students AS T3 ON SE.student_id = T3.student_id WHERE D.department_name LIKE 'Bachelor%'","SELECT T3.first_name, T3.middle_name, T3.last_name FROM Student_Enrolment AS SE 
JOIN Degree_Programs AS DP ON SE.degree_program_id = DP.degree_program_id 
JOIN Departments AS D ON DP.department_id = D.department_id 
JOIN Students AS T3 ON SE.student_id = T3.student_id WHERE D.department_name LIKE 'Bachelor%'",0.0,"Resultados divergentes (ordered=False). gold=5 linhas, pred=0 linhas."
536,student_transcripts_tracking,"What are the first, middle, and last names for everybody enrolled in a Bachelors program?","SELECT DISTINCT T1.first_name ,  T1.middle_name ,  T1.last_name FROM Students AS T1 JOIN Student_Enrolment AS T2 ON T1.student_id  =  T2.student_id JOIN Degree_Programs AS T3 ON T2.degree_program_id  =  T3.degree_program_id WHERE T3.degree_summary_name  =  'Bachelor'","SELECT T3.first_name, T3.middle_name, T3.last_name FROM Student_Enrolment AS T1 JOIN Degree_Programs AS T2 ON T1.degree_program_id = T2.degree_program_id JOIN Students AS T3 ON T1.student_id = T3.student_id WHERE T2.department_id IN (SELECT department_id FROM Departments WHERE department_name = 'Bachelors')","SELECT T3.first_name, T3.middle_name, T3.last_name FROM Student_Enrolment AS T1 JOIN Degree_Programs AS T2 ON T1.degree_program_id = T2.degree_program_id JOIN Students AS T3 ON T1.student_id = T3.student_id WHERE T2.department_id IN (SELECT department_id FROM Departments WHERE department_name = 'Bachelors')",0.0,"Resultados divergentes (ordered=False). gold=5 linhas, pred=0 linhas."
537,student_transcripts_tracking,Find the kind of program which most number of students are enrolled in?,SELECT T1.degree_summary_name FROM Degree_Programs AS T1 JOIN Student_Enrolment AS T2 ON T1.degree_program_id  =  T2.degree_program_id GROUP BY T1.degree_summary_name ORDER BY count(*) DESC LIMIT 1,"SELECT dp.degree_summary_name, COUNT(se.student_enrolment_id) AS Student_Count
FROM Degree_Programs dp
JOIN Student_Enrolment se ON dp.degree_program_id = se.degree_program_id
GROUP BY dp.degree_summary_name
ORDER BY Student_Count DESC
LIMIT 1;","SELECT dp.degree_summary_name, COUNT(se.student_enrolment_id) AS Student_Count
FROM Degree_Programs dp
JOIN Student_Enrolment se ON dp.degree_program_id = se.degree_program_id
GROUP BY dp.degree_summary_name
ORDER BY Student_Count DESC
LIMIT 1",0.0,"Resultados divergentes (ordered=True). gold=1 linhas, pred=1 linhas."
538,student_transcripts_tracking,What is the degree summary name that has the most number of students enrolled?,SELECT T1.degree_summary_name FROM Degree_Programs AS T1 JOIN Student_Enrolment AS T2 ON T1.degree_program_id  =  T2.degree_program_id GROUP BY T1.degree_summary_name ORDER BY count(*) DESC LIMIT 1,"SELECT TP.degree_summary_name FROM Degree_Programs AS TP 
JOIN Student_Enrolment AS SE ON TP.degree_program_id = SE.degree_program_id 
GROUP BY TP.degree_summary_name 
ORDER BY COUNT(*) DESC LIMIT 1","SELECT TP.degree_summary_name FROM Degree_Programs AS TP 
JOIN Student_Enrolment AS SE ON TP.degree_program_id = SE.degree_program_id 
GROUP BY TP.degree_summary_name 
ORDER BY COUNT(*) DESC LIMIT 1",1.0,Resultados idênticos (ordered=True).
539,student_transcripts_tracking,Find the program which most number of students are enrolled in. List both the id and the summary.,"SELECT T1.degree_program_id ,  T1.degree_summary_name FROM Degree_Programs AS T1 JOIN Student_Enrolment AS T2 ON T1.degree_program_id  =  T2.degree_program_id GROUP BY T1.degree_program_id ORDER BY count(*) DESC LIMIT 1","SELECT TP.degree_program_id, TP.degree_summary_name FROM Degree_Programs AS TP 
JOIN Student_Enrolment AS SE ON TP.degree_program_id = SE.degree_program_id 
GROUP BY TP.degree_program_id 
ORDER BY COUNT(SE.student_enrolment_id) DESC 
LIMIT 1;","SELECT TP.degree_program_id, TP.degree_summary_name FROM Degree_Programs AS TP 
JOIN Student_Enrolment AS SE ON TP.degree_program_id = SE.degree_program_id 
GROUP BY TP.degree_program_id 
ORDER BY COUNT(SE.student_enrolment_id) DESC 
LIMIT 1",1.0,Resultados idênticos (ordered=True).
540,student_transcripts_tracking,What is the program id and the summary of the degree that has the most students enrolled?,"SELECT T1.degree_program_id ,  T1.degree_summary_name FROM Degree_Programs AS T1 JOIN Student_Enrolment AS T2 ON T1.degree_program_id  =  T2.degree_program_id GROUP BY T1.degree_program_id ORDER BY count(*) DESC LIMIT 1","SELECT DP.degree_program_id, DP.degree_summary_name, COUNT(SE.student_enrolment_id) AS Student_Count 
FROM Degree_Programs DP 
JOIN Student_Enrolment SE ON DP.degree_program_id = SE.degree_program_id 
GROUP BY DP.degree_program_id 
ORDER BY Student_Count DESC 
LIMIT 1;","SELECT DP.degree_program_id, DP.degree_summary_name, COUNT(SE.student_enrolment_id) AS Student_Count 
FROM Degree_Programs DP 
JOIN Student_Enrolment SE ON DP.degree_program_id = SE.degree_program_id 
GROUP BY DP.degree_program_id 
ORDER BY Student_Count DESC 
LIMIT 1",0.0,"Resultados divergentes (ordered=True). gold=1 linhas, pred=1 linhas."
541,student_transcripts_tracking,"Which student has enrolled for the most times in any program? List the id, first name, middle name, last name, the number of enrollments and student id.","SELECT T1.student_id ,  T1.first_name ,  T1.middle_name ,  T1.last_name ,  count(*) ,  T1.student_id FROM Students AS T1 JOIN Student_Enrolment AS T2 ON T1.student_id  =  T2.student_id GROUP BY T1.student_id ORDER BY count(*) DESC LIMIT 1","SELECT S.student_id, S.first_name, S.middle_name, S.last_name, COUNT(DISTINCT T.student_course_id) AS enrollments, S.student_id FROM Students S JOIN Student_Enrolment C ON S.student_id = C.student_enrolment_id GROUP BY S.student_id ORDER BY COUNT(DISTINCT T.student_course_id) DESC LIMIT 1","SELECT S.student_id, S.first_name, S.middle_name, S.last_name, COUNT(DISTINCT T.student_course_id) AS enrollments, S.student_id FROM Students S JOIN Student_Enrolment C ON S.student_id = C.student_enrolment_id GROUP BY S.student_id ORDER BY COUNT(DISTINCT T.student_course_id) DESC LIMIT 1",0.0,Falha ao executar a consulta gerada: no such column: T.student_course_id
542,student_transcripts_tracking,"What is the first, middle, and last name, along with the id and number of enrollments, for the student who enrolled the most in any program?","SELECT T1.student_id ,  T1.first_name ,  T1.middle_name ,  T1.last_name ,  count(*) ,  T1.student_id FROM Students AS T1 JOIN Student_Enrolment AS T2 ON T1.student_id  =  T2.student_id GROUP BY T1.student_id ORDER BY count(*) DESC LIMIT 1","SELECT T1.student_id, COUNT(T2.student_enrolment_id) as num_enrollments, T3.first_name, T3.middle_name, T3.last_name FROM Student_Enrolment AS T1 JOIN Students AS T3 ON T1.student_id = T3.student_id GROUP BY T1.student_id ORDER BY num_enrollments DESC LIMIT 1","SELECT T1.student_id, COUNT(T2.student_enrolment_id) as num_enrollments, T3.first_name, T3.middle_name, T3.last_name FROM Student_Enrolment AS T1 JOIN Students AS T3 ON T1.student_id = T3.student_id GROUP BY T1.student_id ORDER BY num_enrollments DESC LIMIT 1",0.0,Falha ao executar a consulta gerada: no such column: T2.student_enrolment_id
543,student_transcripts_tracking,Which semesters do not have any student enrolled? List the semester name.,SELECT semester_name FROM Semesters WHERE semester_id NOT IN( SELECT semester_id FROM Student_Enrolment ),SELECT semester_name FROM Semesters WHERE semester_id NOT IN (SELECT semester_id FROM Student_Enrolment),SELECT semester_name FROM Semesters WHERE semester_id NOT IN (SELECT semester_id FROM Student_Enrolment),1.0,Resultados idênticos (ordered=False).
544,student_transcripts_tracking,What is the name of the semester with no students enrolled?,SELECT semester_name FROM Semesters WHERE semester_id NOT IN( SELECT semester_id FROM Student_Enrolment ),SELECT S.semester_name FROM Semesters AS S LEFT JOIN Student_Enrolment AS E ON S.semester_id = E.semester_id WHERE E.semester_id IS NULL GROUP BY S.semester_name,SELECT S.semester_name FROM Semesters AS S LEFT JOIN Student_Enrolment AS E ON S.semester_id = E.semester_id WHERE E.semester_id IS NULL GROUP BY S.semester_name,1.0,Resultados idênticos (ordered=False).
545,student_transcripts_tracking,What are all the course names of the courses which ever have students enrolled in?,SELECT DISTINCT T1.course_name FROM Courses AS T1 JOIN Student_Enrolment_Courses AS T2 ON T1.course_id  =  T2.course_id,SELECT T2.course_name FROM Student_Enrolment_Courses AS T1 JOIN Courses AS T2 ON T1.course_id = T2.course_id,SELECT T2.course_name FROM Student_Enrolment_Courses AS T1 JOIN Courses AS T2 ON T1.course_id = T2.course_id,0.0,"Resultados divergentes (ordered=False). gold=10 linhas, pred=15 linhas."
546,student_transcripts_tracking,What are the names of all courses that have some students enrolled?,SELECT DISTINCT T1.course_name FROM Courses AS T1 JOIN Student_Enrolment_Courses AS T2 ON T1.course_id  =  T2.course_id,SELECT DISTINCT C.course_name FROM Courses C JOIN Student_Enrolment_Courses S ON C.course_id = S.student_course_id,SELECT DISTINCT C.course_name FROM Courses C JOIN Student_Enrolment_Courses S ON C.course_id = S.student_course_id,0.0,"Resultados divergentes (ordered=False). gold=10 linhas, pred=4 linhas."
547,student_transcripts_tracking,What's the name of the course with most number of enrollments?,SELECT  T1.course_name FROM Courses AS T1 JOIN Student_Enrolment_Courses AS T2 ON T1.course_id  =  T2.course_id GROUP BY T1.course_name ORDER BY count(*) DESC LIMIT 1,SELECT C.course_name FROM Courses C JOIN Student_Enrolment_Courses S ON C.course_id = S.student_course_id GROUP BY C.course_name ORDER BY COUNT(S.student_course_id) DESC LIMIT 1,SELECT C.course_name FROM Courses C JOIN Student_Enrolment_Courses S ON C.course_id = S.student_course_id GROUP BY C.course_name ORDER BY COUNT(S.student_course_id) DESC LIMIT 1,0.0,"Resultados divergentes (ordered=True). gold=1 linhas, pred=1 linhas."
548,student_transcripts_tracking,What is the name of the course with the most students enrolled?,SELECT  T1.course_name FROM Courses AS T1 JOIN Student_Enrolment_Courses AS T2 ON T1.course_id  =  T2.course_id GROUP BY T1.course_name ORDER BY count(*) DESC LIMIT 1,SELECT C.course_name FROM Courses C JOIN Student_Enrolment_SC S ON C.course_id = S.student_course_id GROUP BY C.course_name ORDER BY COUNT(S.student_enrolment_id) DESC LIMIT 1,SELECT C.course_name FROM Courses C JOIN Student_Enrolment_SC S ON C.course_id = S.student_course_id GROUP BY C.course_name ORDER BY COUNT(S.student_enrolment_id) DESC LIMIT 1,0.0,Falha ao executar a consulta gerada: no such table: Student_Enrolment_SC
549,student_transcripts_tracking,Find the last name of the students who currently live in the state of North Carolina but have not registered in any degree program.,SELECT T1.last_name FROM Students AS T1 JOIN Addresses AS T2 ON T1.current_address_id  =  T2.address_id WHERE T2.state_province_county  =  'NorthCarolina' EXCEPT SELECT DISTINCT T3.last_name FROM Students AS T3 JOIN Student_Enrolment AS T4 ON T3.student_id  =  T4.student_id,SELECT S.last_name FROM Students S JOIN Addresses A ON S.current_address_id = A.address_id WHERE S.state_province_county = 'North Carolina' AND S.student_id NOT IN (SELECT DISTINCT SE.student_enrolment_id FROM Student_Enrolment SE JOIN Degree_Programs DP ON SE.degree_program_id = DP.degree_program_id) ORDER BY S.last_name DESC,SELECT S.last_name FROM Students S JOIN Addresses A ON S.current_address_id = A.address_id WHERE S.state_province_county = 'North Carolina' AND S.student_id NOT IN (SELECT DISTINCT SE.student_enrolment_id FROM Student_Enrolment SE JOIN Degree_Programs DP ON SE.degree_program_id = DP.degree_program_id) ORDER BY S.last_name DESC,0.0,Falha ao executar a consulta gerada: no such column: S.state_province_county
550,student_transcripts_tracking,What are the last name of the students who live in North Carolina but have not registered in any degree programs?,SELECT T1.last_name FROM Students AS T1 JOIN Addresses AS T2 ON T1.current_address_id  =  T2.address_id WHERE T2.state_province_county  =  'NorthCarolina' EXCEPT SELECT DISTINCT T3.last_name FROM Students AS T3 JOIN Student_Enrolment AS T4 ON T3.student_id  =  T4.student_id,SELECT DISTINCT T1.last_name FROM Students AS T1 JOIN Addresses AS T2 ON T1.current_address_id = T2.address_id WHERE T2.state_province_county = 'North Carolina' AND T1.student_id NOT IN (SELECT T3.student_id FROM Degree_Programs AS T4 JOIN Student_Enrolment AS T3 ON T4.degree_program_id = T3.degree_program_id) ORDER BY T1.last_name DESC,SELECT DISTINCT T1.last_name FROM Students AS T1 JOIN Addresses AS T2 ON T1.current_address_id = T2.address_id WHERE T2.state_province_county = 'North Carolina' AND T1.student_id NOT IN (SELECT T3.student_id FROM Degree_Programs AS T4 JOIN Student_Enrolment AS T3 ON T4.degree_program_id = T3.degree_program_id) ORDER BY T1.last_name DESC,0.0,"Resultados divergentes (ordered=False). gold=2 linhas, pred=0 linhas."
551,student_transcripts_tracking,Show the date and id of the transcript with at least 2 course results.,"SELECT T2.transcript_date ,  T1.transcript_id FROM Transcript_Contents AS T1 JOIN Transcripts AS T2 ON T1.transcript_id  =  T2.transcript_id GROUP BY T1.transcript_id HAVING count(*)  >=  2","SELECT T1.transcript_date, T1.transcript_id FROM Transcripts AS T1 JOIN Transcript_Contents AS T2 ON T1.transcript_id = T2.transcript_id GROUP BY T1.transcript_id HAVING COUNT(T2.student_course_id) >= 2","SELECT T1.transcript_date, T1.transcript_id FROM Transcripts AS T1 JOIN Transcript_Contents AS T2 ON T1.transcript_id = T2.transcript_id GROUP BY T1.transcript_id HAVING COUNT(T2.student_course_id) >= 2",1.0,Resultados idênticos (ordered=False).
552,student_transcripts_tracking,What is the date and id of the transcript with at least 2 courses listed?,"SELECT T2.transcript_date ,  T1.transcript_id FROM Transcript_Contents AS T1 JOIN Transcripts AS T2 ON T1.transcript_id  =  T2.transcript_id GROUP BY T1.transcript_id HAVING count(*)  >=  2","SELECT T1.transcript_date, T1.transcript_id FROM Transcripts AS T1 JOIN Student_Enrolment_Courses AS T2 ON T1.transcript_id = T2.student_course_id GROUP BY T1.transcript_id HAVING COUNT(T2.student_course_id) >= 2","SELECT T1.transcript_date, T1.transcript_id FROM Transcripts AS T1 JOIN Student_Enrolment_Courses AS T2 ON T1.transcript_id = T2.student_course_id GROUP BY T1.transcript_id HAVING COUNT(T2.student_course_id) >= 2",0.0,"Resultados divergentes (ordered=False). gold=4 linhas, pred=0 linhas."
553,student_transcripts_tracking,What is the phone number of the man with the first name Timmothy and the last name Ward?,SELECT cell_mobile_number FROM Students WHERE first_name  =  'Timmothy' AND last_name  =  'Ward',SELECT T2.cell_mobile_number FROM Students AS T1 JOIN Addresses AS T2 ON T1.current_address_id = T2.address_id WHERE T1.first_name = 'Timmothy' AND T1.last_name = 'Ward' AND T1.Sex = 'm',SELECT T2.cell_mobile_number FROM Students AS T1 JOIN Addresses AS T2 ON T1.current_address_id = T2.address_id WHERE T1.first_name = 'Timmothy' AND T1.last_name = 'Ward' AND T1.Sex = 'm',0.0,Falha ao executar a consulta gerada: no such column: T2.cell_mobile_number
554,student_transcripts_tracking,What is the mobile phone number of the student named Timmothy Ward ?,select cell_mobile_number from students where first_name  =  'timmothy' and last_name  =  'ward',SELECT T1.cell_mobile_number FROM Students AS T1 JOIN Student_Enrolment AS T2 ON T1.student_id = T2.student_enrolment_id JOIN Degree_Programs AS T3 ON T2.degree_program_id = T3.degree_program_id JOIN Semesters AS T4 ON T2.semester_id = T4.semester_id WHERE T1.first_name = 'Timmothy' AND T1.last_name = 'Ward',SELECT T1.cell_mobile_number FROM Students AS T1 JOIN Student_Enrolment AS T2 ON T1.student_id = T2.student_enrolment_id JOIN Degree_Programs AS T3 ON T2.degree_program_id = T3.degree_program_id JOIN Semesters AS T4 ON T2.semester_id = T4.semester_id WHERE T1.first_name = 'Timmothy' AND T1.last_name = 'Ward',0.0,"Resultados divergentes (ordered=False). gold=0 linhas, pred=1 linhas."
555,student_transcripts_tracking,"Who is the first student to register? List the first name, middle name and last name.","SELECT first_name ,  middle_name ,  last_name FROM Students ORDER BY date_first_registered ASC LIMIT 1","SELECT T1.first_name, T1.middle_name, T1.last_name FROM Students AS T1 JOIN (SELECT MIN(date_first_registered) AS min_reg_date FROM Students) AS T2 ON T1.date_first_registered = T2.min_reg_date","SELECT T1.first_name, T1.middle_name, T1.last_name FROM Students AS T1 JOIN (SELECT MIN(date_first_registered) AS min_reg_date FROM Students) AS T2 ON T1.date_first_registered = T2.min_reg_date",1.0,Resultados idênticos (ordered=True).
556,student_transcripts_tracking,"What is the first, middle, and last name of the first student to register?","SELECT first_name ,  middle_name ,  last_name FROM Students ORDER BY date_first_registered ASC LIMIT 1","SELECT first_name, middle_name, last_name FROM Students WHERE date_first_registered = (SELECT MIN(date_first_registered) FROM Students)","SELECT first_name, middle_name, last_name FROM Students WHERE date_first_registered = (SELECT MIN(date_first_registered) FROM Students)",1.0,Resultados idênticos (ordered=True).
557,student_transcripts_tracking,"Who is the earliest graduate of the school? List the first name, middle name and last name.","SELECT first_name ,  middle_name ,  last_name FROM Students ORDER BY date_left ASC LIMIT 1","SELECT T3.first_name, T3.middle_name, T3.last_name FROM Student_Enrolment AS T1 JOIN Degree_Programs AS T2 ON T1.degree_program_id = T2.degree_program_id JOIN Departments AS T4 ON T2.department_id = T4.department_id JOIN Semesters AS T5 ON T1.semester_id = T5.semester_id JOIN Students AS T3 ON T1.student_id = T3.student_id WHERE T5.semester_name = 'Fall 2020' ORDER BY T5.date_first_registered ASC LIMIT 1","SELECT T3.first_name, T3.middle_name, T3.last_name FROM Student_Enrolment AS T1 JOIN Degree_Programs AS T2 ON T1.degree_program_id = T2.degree_program_id JOIN Departments AS T4 ON T2.department_id = T4.department_id JOIN Semesters AS T5 ON T1.semester_id = T5.semester_id JOIN Students AS T3 ON T1.student_id = T3.student_id WHERE T5.semester_name = 'Fall 2020' ORDER BY T5.date_first_registered ASC LIMIT 1",0.0,Falha ao executar a consulta gerada: no such column: T5.date_first_registered
558,student_transcripts_tracking,"What is the first, middle, and last name of the earliest school graduate?","SELECT first_name ,  middle_name ,  last_name FROM Students ORDER BY date_left ASC LIMIT 1","SELECT T1.first_name, T1.middle_name, T1.last_name FROM Students AS T1 JOIN (SELECT MIN(date_first_registered) AS min_date, student_id FROM Students GROUP BY student_id) AS T2 ON T1.student_id = T2.student_id LIMIT 1","SELECT T1.first_name, T1.middle_name, T1.last_name FROM Students AS T1 JOIN (SELECT MIN(date_first_registered) AS min_date, student_id FROM Students GROUP BY student_id) AS T2 ON T1.student_id = T2.student_id LIMIT 1",1.0,Resultados idênticos (ordered=True).
559,student_transcripts_tracking,Whose permanent address is different from his or her current address? List his or her first name.,SELECT first_name FROM Students WHERE current_address_id != permanent_address_id,SELECT T1.first_name FROM Students AS T1 WHERE T1.permanent_address_id != T1.current_address_id,SELECT T1.first_name FROM Students AS T1 WHERE T1.permanent_address_id != T1.current_address_id,1.0,Resultados idênticos (ordered=False).
560,student_transcripts_tracking,What is the first name of the student whose permanent address is different from his or her current one?,SELECT first_name FROM Students WHERE current_address_id != permanent_address_id,SELECT T1.first_name FROM Students AS T1 WHERE T1.permanent_address_id != T1.current_address_id,SELECT T1.first_name FROM Students AS T1 WHERE T1.permanent_address_id != T1.current_address_id,1.0,Resultados idênticos (ordered=False).
561,student_transcripts_tracking,Which address holds the most number of students currently? List the address id and all lines.,"SELECT T1.address_id ,  T1.line_1 ,  T1.line_2 FROM Addresses AS T1 JOIN Students AS T2 ON T1.address_id  =  T2.current_address_id GROUP BY T1.address_id ORDER BY count(*) DESC LIMIT 1","SELECT T1.address_id, T2.line_1, T2.line_2, T2.line_3, T2.city, T2.zip_postcode, T2.state_province_county, T2.country FROM Addresses AS T1 JOIN Student_Enrolment AS T3 ON T1.address_id = T3.current_address_id GROUP BY T1.address_id ORDER BY COUNT(T3.student_id) DESC LIMIT 1;","SELECT T1.address_id, T2.line_1, T2.line_2, T2.line_3, T2.city, T2.zip_postcode, T2.state_province_county, T2.country FROM Addresses AS T1 JOIN Student_Enrolment AS T3 ON T1.address_id = T3.current_address_id GROUP BY T1.address_id ORDER BY COUNT(T3.student_id) DESC LIMIT 1",0.0,Falha ao executar a consulta gerada: no such column: T2.line_1
562,student_transcripts_tracking,"What is the id, line 1, and line 2 of the address with the most students?","SELECT T1.address_id ,  T1.line_1 ,  T1.line_2 FROM Addresses AS T1 JOIN Students AS T2 ON T1.address_id  =  T2.current_address_id GROUP BY T1.address_id ORDER BY count(*) DESC LIMIT 1","SELECT T1.address_id, T1.line_1, T1.line_2 FROM Addresses AS T1 JOIN Students AS T2 ON T1.address_id = T2.current_address_id OR T1.address_id = T2.permanent_address_id GROUP BY T1.address_id ORDER BY COUNT(T2.student_id) DESC LIMIT 1","SELECT T1.address_id, T1.line_1, T1.line_2 FROM Addresses AS T1 JOIN Students AS T2 ON T1.address_id = T2.current_address_id OR T1.address_id = T2.permanent_address_id GROUP BY T1.address_id ORDER BY COUNT(T2.student_id) DESC LIMIT 1",1.0,Resultados idênticos (ordered=True).
563,student_transcripts_tracking,"On average, when were the transcripts printed?",SELECT avg(transcript_date) FROM Transcripts,SELECT AVG(transcript_date) FROM Transcripts,SELECT AVG(transcript_date) FROM Transcripts,1.0,Resultados idênticos (ordered=False).
564,student_transcripts_tracking,What is the average transcript date?,SELECT avg(transcript_date) FROM Transcripts,SELECT AVG(transcript_date) FROM Transcripts,SELECT AVG(transcript_date) FROM Transcripts,1.0,Resultados idênticos (ordered=False).
565,student_transcripts_tracking,When is the first transcript released? List the date and details.,"SELECT transcript_date ,  other_details FROM Transcripts ORDER BY transcript_date ASC LIMIT 1","SELECT MIN(transcript_date), other_details FROM Transcripts","SELECT MIN(transcript_date), other_details FROM Transcripts",1.0,Resultados idênticos (ordered=True).
566,student_transcripts_tracking,"What is the earliest date of a transcript release, and what details can you tell me?","SELECT transcript_date ,  other_details FROM Transcripts ORDER BY transcript_date ASC LIMIT 1","SELECT MIN(transcript_date), other_details FROM Transcripts","SELECT MIN(transcript_date), other_details FROM Transcripts",1.0,Resultados idênticos (ordered=True).
567,student_transcripts_tracking,How many transcripts are released?,SELECT count(*) FROM Transcripts,SELECT COUNT(*) FROM Transcripts,SELECT COUNT(*) FROM Transcripts,1.0,Resultados idênticos (ordered=False).
568,student_transcripts_tracking,How many transcripts are listed?,SELECT count(*) FROM Transcripts,SELECT COUNT(*) FROM Transcripts,SELECT COUNT(*) FROM Transcripts,1.0,Resultados idênticos (ordered=False).
569,student_transcripts_tracking,What is the last transcript release date?,SELECT transcript_date FROM Transcripts ORDER BY transcript_date DESC LIMIT 1,SELECT MAX(transcript_date) FROM Transcripts,SELECT MAX(transcript_date) FROM Transcripts,1.0,Resultados idênticos (ordered=True).
570,student_transcripts_tracking,When was the last transcript released?,SELECT transcript_date FROM Transcripts ORDER BY transcript_date DESC LIMIT 1,SELECT MAX(transcript_date) FROM Transcripts,SELECT MAX(transcript_date) FROM Transcripts,1.0,Resultados idênticos (ordered=True).
571,student_transcripts_tracking,How many times at most can a course enrollment result show in different transcripts? Also show the course enrollment id.,"SELECT count(*) ,  student_course_id FROM Transcript_Contents GROUP BY student_course_id ORDER BY count(*) DESC LIMIT 1","SELECT student_course_id, COUNT(*) FROM Student_Enrolment_Courses GROUP BY student_course_id ORDER BY COUNT(*) DESC LIMIT 1","SELECT student_course_id, COUNT(*) FROM Student_Enrolment_Courses GROUP BY student_course_id ORDER BY COUNT(*) DESC LIMIT 1",0.0,"Resultados divergentes (ordered=True). gold=1 linhas, pred=1 linhas."
572,student_transcripts_tracking,What is the maximum number of times that a course shows up in different transcripts and what is that course's enrollment id?,"SELECT count(*) ,  student_course_id FROM Transcript_Contents GROUP BY student_course_id ORDER BY count(*) DESC LIMIT 1","SELECT T2.student_course_id, COUNT(T1.student_course_id) AS TimesInTranscripts FROM Transcript_Contents AS T1 JOIN Student_Enrolment_Courses AS T2 ON T1.student_course_id = T2.student_course_id GROUP BY T2.student_course_id ORDER BY TimesInTranscripts DESC LIMIT 1","SELECT T2.student_course_id, COUNT(T1.student_course_id) AS TimesInTranscripts FROM Transcript_Contents AS T1 JOIN Student_Enrolment_Courses AS T2 ON T1.student_course_id = T2.student_course_id GROUP BY T2.student_course_id ORDER BY TimesInTranscripts DESC LIMIT 1",0.0,"Resultados divergentes (ordered=True). gold=1 linhas, pred=1 linhas."
573,student_transcripts_tracking,"Show the date of the transcript which shows the least number of results, also list the id.","SELECT T2.transcript_date ,  T1.transcript_id FROM Transcript_Contents AS T1 JOIN Transcripts AS T2 ON T1.transcript_id  =  T2.transcript_id GROUP BY T1.transcript_id ORDER BY count(*) ASC LIMIT 1","SELECT T1.transcript_date, T1.transcript_id FROM Transcripts AS T1 JOIN Student_Enrolment_Courses AS T2 ON T1.transcript_id = T2.student_course_id GROUP BY T1.transcript_id ORDER BY COUNT(T2.student_course_id) LIMIT 1","SELECT T1.transcript_date, T1.transcript_id FROM Transcripts AS T1 JOIN Student_Enrolment_Courses AS T2 ON T1.transcript_id = T2.student_course_id GROUP BY T1.transcript_id ORDER BY COUNT(T2.student_course_id) LIMIT 1",0.0,"Resultados divergentes (ordered=True). gold=1 linhas, pred=1 linhas."
574,student_transcripts_tracking,What is the date and id of the transcript with the least number of results?,"SELECT T2.transcript_date ,  T1.transcript_id FROM Transcript_Contents AS T1 JOIN Transcripts AS T2 ON T1.transcript_id  =  T2.transcript_id GROUP BY T1.transcript_id ORDER BY count(*) ASC LIMIT 1","SELECT T1.transcript_date, T1.transcript_id FROM Transcripts AS T1 JOIN (SELECT transcript_id, COUNT(*) AS result_count FROM Transcript_Contents GROUP BY transcript_id) AS T2 ON T1.transcript_id = T2.transcript_id WHERE T2.result_count = (SELECT MIN(result_count) FROM (SELECT transcript_id, COUNT(*) AS result_count FROM Transcript_Contents GROUP BY transcript_id))","SELECT T1.transcript_date, T1.transcript_id FROM Transcripts AS T1 JOIN (SELECT transcript_id, COUNT(*) AS result_count FROM Transcript_Contents GROUP BY transcript_id) AS T2 ON T1.transcript_id = T2.transcript_id WHERE T2.result_count = (SELECT MIN(result_count) FROM (SELECT transcript_id, COUNT(*) AS result_count FROM Transcript_Contents GROUP BY transcript_id))",0.0,"Resultados divergentes (ordered=True). gold=1 linhas, pred=6 linhas."
575,student_transcripts_tracking,Find the semester when both Master students and Bachelor students got enrolled in.,SELECT DISTINCT T2.semester_id FROM Degree_Programs AS T1 JOIN Student_Enrolment AS T2 ON T1.degree_program_id  =  T2.degree_program_id WHERE degree_summary_name  =  'Master' INTERSECT SELECT DISTINCT T2.semester_id FROM Degree_Programs AS T1 JOIN Student_Enrolment AS T2 ON T1.degree_program_id  =  T2.degree_program_id WHERE degree_summary_name  =  'Bachelor',"SELECT S.semester_name FROM Semesters S 
JOIN Student_Enrolment SE ON S.semester_id = SE.semester_id 
JOIN Degree_Programs DP ON SE.degree_program_id = DP.degree_program_id 
JOIN Departments D ON DP.department_id = D.department_id 
WHERE (D.department_name = 'Master' OR D.department_name = 'Bachelor') 
GROUP BY S.semester_name 
HAVING COUNT(DISTINCT CASE WHEN D.department_name = 'Master' THEN SE.student_id ELSE NULL END) > 0 AND COUNT(DISTINCT CASE WHEN D.department_name = 'Bachelor' THEN SE.student_id ELSE NULL END) > 0","SELECT S.semester_name FROM Semesters S 
JOIN Student_Enrolment SE ON S.semester_id = SE.semester_id 
JOIN Degree_Programs DP ON SE.degree_program_id = DP.degree_program_id 
JOIN Departments D ON DP.department_id = D.department_id 
WHERE (D.department_name = 'Master' OR D.department_name = 'Bachelor') 
GROUP BY S.semester_name 
HAVING COUNT(DISTINCT CASE WHEN D.department_name = 'Master' THEN SE.student_id ELSE NULL END) > 0 AND COUNT(DISTINCT CASE WHEN D.department_name = 'Bachelor' THEN SE.student_id ELSE NULL END) > 0",0.0,"Resultados divergentes (ordered=False). gold=1 linhas, pred=0 linhas."
576,student_transcripts_tracking,What is the id of the semester that had both Masters and Bachelors students enrolled?,SELECT DISTINCT T2.semester_id FROM Degree_Programs AS T1 JOIN Student_Enrolment AS T2 ON T1.degree_program_id  =  T2.degree_program_id WHERE degree_summary_name  =  'Master' INTERSECT SELECT DISTINCT T2.semester_id FROM Degree_Programs AS T1 JOIN Student_Enrolment AS T2 ON T1.degree_program_id  =  T2.degree_program_id WHERE degree_summary_name  =  'Bachelor',"SELECT S.semester_id FROM Semesters S
JOIN Student_Enrolment SE ON S.semester_id = SE.semester_id
JOIN Degree_Programs DP ON SE.degree_program_id = DP.degree_program_id
JOIN Departments D ON DP.department_id = D.department_id
WHERE D.department_name IN ('Masters', 'Bachelors') GROUP BY S.semester_id","SELECT S.semester_id FROM Semesters S
JOIN Student_Enrolment SE ON S.semester_id = SE.semester_id
JOIN Degree_Programs DP ON SE.degree_program_id = DP.degree_program_id
JOIN Departments D ON DP.department_id = D.department_id
WHERE D.department_name IN ('Masters', 'Bachelors') GROUP BY S.semester_id",0.0,"Resultados divergentes (ordered=False). gold=1 linhas, pred=0 linhas."
577,student_transcripts_tracking,How many different addresses do the students currently live?,SELECT count(DISTINCT current_address_id) FROM Students,SELECT COUNT(DISTINCT current_address_id) FROM Students,SELECT COUNT(DISTINCT current_address_id) FROM Students,1.0,Resultados idênticos (ordered=False).
578,student_transcripts_tracking,What are the different addresses that have students living there?,SELECT count(DISTINCT current_address_id) FROM Students,"SELECT DISTINCT T1.line_1, T1.line_2, T1.line_3, T1.city, T1.zip_postcode, T1.state_province_county, T1.country FROM Addresses AS T1 JOIN Students AS T2 ON T1.address_id = T2.current_address_id OR T1.address_id = T2.permanent_address_id","SELECT DISTINCT T1.line_1, T1.line_2, T1.line_3, T1.city, T1.zip_postcode, T1.state_province_county, T1.country FROM Addresses AS T1 JOIN Students AS T2 ON T1.address_id = T2.current_address_id OR T1.address_id = T2.permanent_address_id",0.0,"Resultados divergentes (ordered=False). gold=1 linhas, pred=14 linhas."
579,student_transcripts_tracking,List all the student details in reversed lexicographical order.,SELECT other_student_details FROM Students ORDER BY other_student_details DESC,"SELECT first_name, last_name, middle_name, email_address, cell_mobile_number, ssn, date_first_registered, date_left FROM Students ORDER BY last_name, first_name DESC","SELECT first_name, last_name, middle_name, email_address, cell_mobile_number, ssn, date_first_registered, date_left FROM Students ORDER BY last_name, first_name DESC",0.0,"Resultados divergentes (ordered=True). gold=15 linhas, pred=15 linhas."
580,student_transcripts_tracking,What other details can you tell me about students in reverse alphabetical order?,SELECT other_student_details FROM Students ORDER BY other_student_details DESC,"SELECT other_student_details FROM Students ORDER BY last_name DESC ASC, first_name DESC ASC ASC, middle_name DESC ASC ASC LIMIT 1000","SELECT other_student_details FROM Students ORDER BY last_name DESC ASC, first_name DESC ASC ASC, middle_name DESC ASC ASC LIMIT 1000",0.0,"Falha ao executar a consulta gerada: near ""ASC"": syntax error"
581,student_transcripts_tracking,Describe the section h.,SELECT section_description FROM Sections WHERE section_name  =  'h',SELECT * FROM Sections WHERE section_name = 'h',SELECT * FROM Sections WHERE section_name = 'h',0.0,"Resultados divergentes (ordered=False). gold=1 linhas, pred=1 linhas."
582,student_transcripts_tracking,What is the description for the section named h?,SELECT section_description FROM Sections WHERE section_name  =  'h',SELECT section_description FROM Sections WHERE section_name = 'h',SELECT section_description FROM Sections WHERE section_name = 'h',1.0,Resultados idênticos (ordered=False).
583,student_transcripts_tracking,Find the first name of the students who permanently live in the country Haiti or have the cell phone number 09700166582 .,select t1.first_name from students as t1 join addresses as t2 on t1.permanent_address_id  =  t2.address_id where t2.country  =  'haiti' or t1.cell_mobile_number  =  '09700166582',SELECT T1.first_name FROM Students AS T1 JOIN Addresses AS T2 ON T1.current_address_id = T2.address_id OR T1.permanent_address_id = T2.address_id WHERE T2.country = 'Haiti' OR T1.cell_mobile_number = '09700166582',SELECT T1.first_name FROM Students AS T1 JOIN Addresses AS T2 ON T1.current_address_id = T2.address_id OR T1.permanent_address_id = T2.address_id WHERE T2.country = 'Haiti' OR T1.cell_mobile_number = '09700166582',0.0,"Resultados divergentes (ordered=False). gold=1 linhas, pred=5 linhas."
584,student_transcripts_tracking,What are the first names of the students who live in Haiti permanently or have the cell phone number 09700166582 ?,select t1.first_name from students as t1 join addresses as t2 on t1.permanent_address_id  =  t2.address_id where t2.country  =  'haiti' or t1.cell_mobile_number  =  '09700166582',SELECT T1.first_name FROM Students AS T1 JOIN Addresses AS T2 ON T1.current_address_id = T2.address_id OR T1.permanent_address_id = T2.address_id WHERE T2.country = 'Haiti' OR T1.cell_mobile_number = '09700166582',SELECT T1.first_name FROM Students AS T1 JOIN Addresses AS T2 ON T1.current_address_id = T2.address_id OR T1.permanent_address_id = T2.address_id WHERE T2.country = 'Haiti' OR T1.cell_mobile_number = '09700166582',0.0,"Resultados divergentes (ordered=False). gold=1 linhas, pred=5 linhas."
585,tvshow,List the title of all cartoons in alphabetical order.,SELECT Title FROM Cartoon ORDER BY title,SELECT Title FROM Cartoon ORDER BY Title ASC,SELECT Title FROM Cartoon ORDER BY Title ASC,1.0,Resultados idênticos (ordered=True).
586,tvshow,What are the titles of the cartoons sorted alphabetically?,SELECT Title FROM Cartoon ORDER BY title,SELECT Title FROM Cartoon ORDER BY Title ASC,SELECT Title FROM Cartoon ORDER BY Title ASC,1.0,Resultados idênticos (ordered=True).
587,tvshow,"List all cartoon directed by ""Ben Jones"".","SELECT Title FROM Cartoon WHERE Directed_by = ""Ben Jones"";","SELECT T1.Title FROM Cartoon AS T1 JOIN ""Directed_by"" AS T2 ON T1.id = T2.id WHERE T2.Directed_by = 'Ben Jones'","SELECT T1.Title FROM Cartoon AS T1 JOIN ""Directed_by"" AS T2 ON T1.id = T2.id WHERE T2.Directed_by = 'Ben Jones'",0.0,Falha ao executar a consulta gerada: no such table: Directed_by
588,tvshow,What are the names of all cartoons directed by Ben Jones?,"SELECT Title FROM Cartoon WHERE Directed_by = ""Ben Jones"";",SELECT T1.Title FROM Cartoon AS T1 JOIN TV_Channel AS T2 ON T1.Channel = T2.id WHERE T2.Directed_by = 'Ben Jones',SELECT T1.Title FROM Cartoon AS T1 JOIN TV_Channel AS T2 ON T1.Channel = T2.id WHERE T2.Directed_by = 'Ben Jones',0.0,Falha ao executar a consulta gerada: no such column: T2.Directed_by
589,tvshow,"How many cartoons were written by ""Joseph Kuhr""?","SELECT count(*) FROM Cartoon WHERE Written_by = ""Joseph Kuhr"";",SELECT COUNT(T2.id) FROM Cartoon AS T1 JOIN TV_Channel AS T2 ON T1.Channel = T2.id WHERE T1.Written_by = 'Joseph Kuhr',SELECT COUNT(T2.id) FROM Cartoon AS T1 JOIN TV_Channel AS T2 ON T1.Channel = T2.id WHERE T1.Written_by = 'Joseph Kuhr',1.0,Resultados idênticos (ordered=False).
590,tvshow,What is the number of cartoones written by Joseph Kuhr?,"SELECT count(*) FROM Cartoon WHERE Written_by = ""Joseph Kuhr"";",SELECT COUNT(T2.Written_by) FROM Cartoon AS T1 JOIN TV_Channel AS T2 ON T1.Channel = T2.id WHERE T2.Written_by = 'Joseph Kuhr',SELECT COUNT(T2.Written_by) FROM Cartoon AS T1 JOIN TV_Channel AS T2 ON T1.Channel = T2.id WHERE T2.Written_by = 'Joseph Kuhr',0.0,Falha ao executar a consulta gerada: no such column: T2.Written_by
591,tvshow,list all cartoon titles and their directors ordered by their air date,"SELECT title ,  Directed_by FROM Cartoon ORDER BY Original_air_date","SELECT T1.Title, T1.Directed_by FROM Cartoon AS T1 JOIN TV_Channel AS T2 ON T1.Channel = T2.id ORDER BY T1.Original_air_date","SELECT T1.Title, T1.Directed_by FROM Cartoon AS T1 JOIN TV_Channel AS T2 ON T1.Channel = T2.id ORDER BY T1.Original_air_date",1.0,Resultados idênticos (ordered=True).
592,tvshow,What is the name and directors of all the cartoons that are ordered by air date?,"SELECT title ,  Directed_by FROM Cartoon ORDER BY Original_air_date","SELECT T1.Title, T2.Directed_by FROM Cartoon AS T1 JOIN TV_Channel AS T2 ON T1.Channel = T2.id ORDER BY T1.Original_air_date","SELECT T1.Title, T2.Directed_by FROM Cartoon AS T1 JOIN TV_Channel AS T2 ON T1.Channel = T2.id ORDER BY T1.Original_air_date",0.0,Falha ao executar a consulta gerada: no such column: T2.Directed_by
593,tvshow,"List the title of all cartoon directed by ""Ben Jones"" or ""Brandon Vietti"".","SELECT Title FROM Cartoon WHERE Directed_by = ""Ben Jones"" OR Directed_by = ""Brandon Vietti"";","SELECT T1.Title FROM Cartoon AS T1 JOIN TV_Channel AS T2 ON T1.Channel = T2.id WHERE T2.Directed_by IN ('Ben Jones', 'Brandon Vietti')","SELECT T1.Title FROM Cartoon AS T1 JOIN TV_Channel AS T2 ON T1.Channel = T2.id WHERE T2.Directed_by IN ('Ben Jones', 'Brandon Vietti')",0.0,Falha ao executar a consulta gerada: no such column: T2.Directed_by
594,tvshow,What are the titles of all cartoons directed by Ben Jones or Brandon Vietti?,"SELECT Title FROM Cartoon WHERE Directed_by = ""Ben Jones"" OR Directed_by = ""Brandon Vietti"";",SELECT T1.Title FROM Cartoon AS T1 JOIN TV_Channel AS T2 ON T1.Channel = T2.id WHERE (T2.Directed_by = 'Ben Jones' OR T2.Directed_by = 'Brandon Vietti') GROUP BY T1.Title,SELECT T1.Title FROM Cartoon AS T1 JOIN TV_Channel AS T2 ON T1.Channel = T2.id WHERE (T2.Directed_by = 'Ben Jones' OR T2.Directed_by = 'Brandon Vietti') GROUP BY T1.Title,0.0,Falha ao executar a consulta gerada: no such column: T2.Directed_by
595,tvshow,Which country has the most of TV Channels? List the country and number of TV Channels it has.,"SELECT Country ,  count(*) FROM TV_Channel GROUP BY Country ORDER BY count(*) DESC LIMIT 1;","SELECT T2.Country, COUNT(T1.id) AS Number_of_Channels FROM Cartoon AS T1 JOIN TV_Channel AS T2 ON T1.Channel = T2.id GROUP BY T2.Country ORDER BY Number_of_Channels DESC LIMIT 1","SELECT T2.Country, COUNT(T1.id) AS Number_of_Channels FROM Cartoon AS T1 JOIN TV_Channel AS T2 ON T1.Channel = T2.id GROUP BY T2.Country ORDER BY Number_of_Channels DESC LIMIT 1",0.0,"Resultados divergentes (ordered=True). gold=1 linhas, pred=1 linhas."
596,tvshow,What is the country with the most number of TV Channels and how many does it have?,"SELECT Country ,  count(*) FROM TV_Channel GROUP BY Country ORDER BY count(*) DESC LIMIT 1;","SELECT T2.Country, COUNT(T1.id) AS NumberOfChannels FROM Cartoon AS T1 JOIN TV_Channel AS T2 ON T1.Channel = T2.id GROUP BY T2.Country ORDER BY NumberOfChannels DESC LIMIT 1","SELECT T2.Country, COUNT(T1.id) AS NumberOfChannels FROM Cartoon AS T1 JOIN TV_Channel AS T2 ON T1.Channel = T2.id GROUP BY T2.Country ORDER BY NumberOfChannels DESC LIMIT 1",0.0,"Resultados divergentes (ordered=True). gold=1 linhas, pred=1 linhas."
597,tvshow,List the number of different series names and contents in the TV Channel table.,"SELECT count(DISTINCT series_name) ,  count(DISTINCT content) FROM TV_Channel;","SELECT COUNT(DISTINCT series_name), COUNT(DISTINCT Content) FROM TV_Channel","SELECT COUNT(DISTINCT series_name), COUNT(DISTINCT Content) FROM TV_Channel",1.0,Resultados idênticos (ordered=False).
598,tvshow,How many different series and contents are listed in the TV Channel table?,"SELECT count(DISTINCT series_name) ,  count(DISTINCT content) FROM TV_Channel;","SELECT COUNT(DISTINCT series_name), COUNT(DISTINCT Content) FROM TV_Channel","SELECT COUNT(DISTINCT series_name), COUNT(DISTINCT Content) FROM TV_Channel",1.0,Resultados idênticos (ordered=False).
599,tvshow,"What is the content of TV Channel with serial name ""Sky Radio""?","SELECT Content FROM TV_Channel WHERE series_name = ""Sky Radio"";",SELECT T2.Content FROM TV_Channel AS T2 JOIN Cartoon AS T1 ON T1.Channel = T2.id WHERE T2.series_name = 'Sky Radio',SELECT T2.Content FROM TV_Channel AS T2 JOIN Cartoon AS T1 ON T1.Channel = T2.id WHERE T2.series_name = 'Sky Radio',0.0,"Resultados divergentes (ordered=False). gold=1 linhas, pred=2 linhas."
600,tvshow,What is the content of the series Sky Radio?,"SELECT Content FROM TV_Channel WHERE series_name = ""Sky Radio"";",SELECT T2.Content FROM TV_Channel AS T2 JOIN Cartoon AS T1 ON T2.id = T1.Channel WHERE T2.series_name = 'Sky Radio',SELECT T2.Content FROM TV_Channel AS T2 JOIN Cartoon AS T1 ON T2.id = T1.Channel WHERE T2.series_name = 'Sky Radio',0.0,"Resultados divergentes (ordered=False). gold=1 linhas, pred=2 linhas."
601,tvshow,"What is the Package Option of TV Channel with serial name ""Sky Radio""?","SELECT Package_Option FROM TV_Channel WHERE series_name = ""Sky Radio"";",SELECT T2.Package_Option FROM TV_Channel AS T2 JOIN Cartoon AS T1 ON T1.Channel = T2.id WHERE T2.series_name = 'Sky Radio',SELECT T2.Package_Option FROM TV_Channel AS T2 JOIN Cartoon AS T1 ON T1.Channel = T2.id WHERE T2.series_name = 'Sky Radio',0.0,"Resultados divergentes (ordered=False). gold=1 linhas, pred=2 linhas."
602,tvshow,What are the Package Options of the TV Channels whose series names are Sky Radio?,"SELECT Package_Option FROM TV_Channel WHERE series_name = ""Sky Radio"";",SELECT T2.Package_Option FROM TV_Channel AS T1 JOIN TV_series AS T3 ON T1.id = T3.Channel WHERE T1.series_name = 'Sky Radio',SELECT T2.Package_Option FROM TV_Channel AS T1 JOIN TV_series AS T3 ON T1.id = T3.Channel WHERE T1.series_name = 'Sky Radio',0.0,Falha ao executar a consulta gerada: no such column: T2.Package_Option
603,tvshow,How many TV Channel using language English?,"SELECT count(*) FROM TV_Channel WHERE LANGUAGE = ""English"";",SELECT COUNT(DISTINCT T1.id) FROM TV_Channel AS T1 JOIN Cartoon AS T2 ON T1.id = T2.Channel WHERE T1.Language = 'English',SELECT COUNT(DISTINCT T1.id) FROM TV_Channel AS T1 JOIN Cartoon AS T2 ON T1.id = T2.Channel WHERE T1.Language = 'English',0.0,"Resultados divergentes (ordered=False). gold=1 linhas, pred=1 linhas."
604,tvshow,How many TV Channels use the English language?,"SELECT count(*) FROM TV_Channel WHERE LANGUAGE = ""English"";",SELECT COUNT(DISTINCT Channel) FROM TV_Channel WHERE Language = 'English',SELECT COUNT(DISTINCT Channel) FROM TV_Channel WHERE Language = 'English',0.0,Falha ao executar a consulta gerada: no such column: Channel
605,tvshow,List the language used least number of TV Channel. List language and number of TV Channel.,"SELECT LANGUAGE ,  count(*) FROM TV_Channel GROUP BY LANGUAGE ORDER BY count(*) ASC LIMIT 1;","SELECT T2.Language, COUNT(T1.id) AS Number_of_Channels FROM Cartoon AS T1 JOIN TV_Channel AS T2 ON T1.Channel = T2.id GROUP BY T2.Language ORDER BY Number_of_Channels ASC","SELECT T2.Language, COUNT(T1.id) AS Number_of_Channels FROM Cartoon AS T1 JOIN TV_Channel AS T2 ON T1.Channel = T2.id GROUP BY T2.Language ORDER BY Number_of_Channels ASC",0.0,"Resultados divergentes (ordered=True). gold=1 linhas, pred=2 linhas."
606,tvshow,What are the languages used by the least number of TV Channels and how many channels use it?,"SELECT LANGUAGE ,  count(*) FROM TV_Channel GROUP BY LANGUAGE ORDER BY count(*) ASC LIMIT 1;","SELECT T2.Language, COUNT(T1.id) AS Channel_Count 
FROM Cartoon AS T1 
JOIN TV_Channel AS T2 ON T1.Channel = T2.id 
GROUP BY T2.Language 
ORDER BY Channel_Count ASC LIMIT 1;","SELECT T2.Language, COUNT(T1.id) AS Channel_Count 
FROM Cartoon AS T1 
JOIN TV_Channel AS T2 ON T1.Channel = T2.id 
GROUP BY T2.Language 
ORDER BY Channel_Count ASC LIMIT 1",0.0,"Resultados divergentes (ordered=True). gold=1 linhas, pred=1 linhas."
607,tvshow,List each language and the number of TV Channels using it.,"SELECT LANGUAGE ,  count(*) FROM TV_Channel GROUP BY LANGUAGE","SELECT T2.Language , COUNT(T1.id) FROM TV_Channel AS T2 JOIN Cartoon AS T1 ON T2.id = T1.Channel GROUP BY T2.Language","SELECT T2.Language , COUNT(T1.id) FROM TV_Channel AS T2 JOIN Cartoon AS T1 ON T2.id = T1.Channel GROUP BY T2.Language",0.0,"Resultados divergentes (ordered=False). gold=2 linhas, pred=2 linhas."
608,tvshow,"For each language, list the number of TV Channels that use it.","SELECT LANGUAGE ,  count(*) FROM TV_Channel GROUP BY LANGUAGE","SELECT T2.Language, COUNT(T1.id) FROM Cartoon AS T1 JOIN TV_Channel AS T2 ON T1.Channel = T2.id GROUP BY T2.Language","SELECT T2.Language, COUNT(T1.id) FROM Cartoon AS T1 JOIN TV_Channel AS T2 ON T1.Channel = T2.id GROUP BY T2.Language",0.0,"Resultados divergentes (ordered=False). gold=2 linhas, pred=2 linhas."
609,tvshow,"What is the TV Channel that shows the cartoon ""The Rise of the Blue Beetle!""? List the TV Channel's series name.","SELECT T1.series_name FROM TV_Channel AS T1 JOIN Cartoon AS T2 ON T1.id = T2.Channel WHERE T2.Title = ""The Rise of the Blue Beetle!"";",SELECT T2.series_name FROM Cartoon AS T1 JOIN TV_Channel AS T2 ON T1.Channel = T2.id WHERE T1.Title = 'The Rise of the Blue Beetle!',SELECT T2.series_name FROM Cartoon AS T1 JOIN TV_Channel AS T2 ON T1.Channel = T2.id WHERE T1.Title = 'The Rise of the Blue Beetle!',1.0,Resultados idênticos (ordered=False).
610,tvshow,"What is the series name of the TV Channel that shows the cartoon ""The Rise of the Blue Beetle""?","SELECT T1.series_name FROM TV_Channel AS T1 JOIN Cartoon AS T2 ON T1.id = T2.Channel WHERE T2.Title = ""The Rise of the Blue Beetle!"";",SELECT T2.series_name FROM Cartoon AS T1 JOIN TV_Channel AS T2 ON T1.Channel = T2.id WHERE T1.Title = 'The Rise of the Blue Beetle',SELECT T2.series_name FROM Cartoon AS T1 JOIN TV_Channel AS T2 ON T1.Channel = T2.id WHERE T1.Title = 'The Rise of the Blue Beetle',0.0,"Resultados divergentes (ordered=False). gold=1 linhas, pred=0 linhas."
611,tvshow,"List the title of all  Cartoons showed on TV Channel with series name ""Sky Radio"".","SELECT T2.Title FROM TV_Channel AS T1 JOIN Cartoon AS T2 ON T1.id = T2.Channel WHERE T1.series_name = ""Sky Radio"";",SELECT T1.Title FROM Cartoon AS T1 JOIN TV_Channel AS T2 ON T1.Channel = T2.id WHERE T2.series_name = 'Sky Radio',SELECT T1.Title FROM Cartoon AS T1 JOIN TV_Channel AS T2 ON T1.Channel = T2.id WHERE T2.series_name = 'Sky Radio',1.0,Resultados idênticos (ordered=False).
612,tvshow,"What is the title of all the cartools that are on the TV Channel with the series name ""Sky Radio""?","SELECT T2.Title FROM TV_Channel AS T1 JOIN Cartoon AS T2 ON T1.id = T2.Channel WHERE T1.series_name = ""Sky Radio"";",SELECT T1.Title FROM Cartoon AS T1 JOIN TV_Channel AS T2 ON T1.Channel = T2.id WHERE T2.series_name = 'Sky Radio',SELECT T1.Title FROM Cartoon AS T1 JOIN TV_Channel AS T2 ON T1.Channel = T2.id WHERE T2.series_name = 'Sky Radio',1.0,Resultados idênticos (ordered=False).
613,tvshow,List the Episode of all TV series sorted by rating.,SELECT Episode FROM TV_series ORDER BY rating,"SELECT Episode, Rating FROM TV_series ORDER BY Rating","SELECT Episode, Rating FROM TV_series ORDER BY Rating",0.0,"Resultados divergentes (ordered=True). gold=12 linhas, pred=12 linhas."
614,tvshow,What are all of the episodes ordered by ratings?,SELECT Episode FROM TV_series ORDER BY rating,"SELECT Episode ,  Air_Date FROM TV_series ORDER BY Rating","SELECT Episode ,  Air_Date FROM TV_series ORDER BY Rating",0.0,"Resultados divergentes (ordered=True). gold=12 linhas, pred=12 linhas."
615,tvshow,List top 3 highest Rating  TV series. List the TV series's Episode and Rating.,"SELECT Episode ,  Rating FROM TV_series ORDER BY Rating DESC LIMIT 3;","SELECT T2.Episode, T2.Rating FROM TV_series AS T2 JOIN (
SELECT Channel, MAX(Rating) AS MaxRating FROM TV_series GROUP BY Channel LIMIT 3
) AS T1 ON T2.Channel = T1.Channel ORDER BY T2.Rating DESC","SELECT T2.Episode, T2.Rating FROM TV_series AS T2 JOIN (
SELECT Channel, MAX(Rating) AS MaxRating FROM TV_series GROUP BY Channel LIMIT 3
) AS T1 ON T2.Channel = T1.Channel ORDER BY T2.Rating DESC",0.0,"Resultados divergentes (ordered=True). gold=3 linhas, pred=5 linhas."
616,tvshow,What are 3 most highly rated episodes in the TV series table and what were those ratings?,"SELECT Episode ,  Rating FROM TV_series ORDER BY Rating DESC LIMIT 3;","SELECT TOP 3 Episode, Rating FROM TV_series ORDER BY Rating DESC","SELECT TOP 3 Episode, Rating FROM TV_series ORDER BY Rating DESC",0.0,"Falha ao executar a consulta gerada: near ""3"": syntax error"
617,tvshow,What is minimum and maximum share of TV series?,"SELECT max(SHARE) , min(SHARE) FROM TV_series;","SELECT min(""Share""), max(""Share"") FROM TV_series","SELECT min(""Share""), max(""Share"") FROM TV_series",0.0,"Resultados divergentes (ordered=False). gold=1 linhas, pred=1 linhas."
618,tvshow,What is the maximum and minimum share for the TV series?,"SELECT max(SHARE) , min(SHARE) FROM TV_series;","SELECT MAX(TV_series.Weekly_Rank), MIN(TV_series.Weekly_Rank) FROM TV_series JOIN TV_Channel ON TV_series.Channel = TV_Channel.id","SELECT MAX(TV_series.Weekly_Rank), MIN(TV_series.Weekly_Rank) FROM TV_series JOIN TV_Channel ON TV_series.Channel = TV_Channel.id",0.0,"Resultados divergentes (ordered=False). gold=1 linhas, pred=1 linhas."
619,tvshow,"What is the air date of TV series with Episode ""A Love of a Lifetime""?","SELECT Air_Date FROM TV_series WHERE Episode = ""A Love of a Lifetime"";",SELECT T2.`Air_Date` FROM TV_series AS T2 WHERE T2.`Episode` = 'A Love of a Lifetime',SELECT T2.`Air_Date` FROM TV_series AS T2 WHERE T2.`Episode` = 'A Love of a Lifetime',1.0,Resultados idênticos (ordered=False).
620,tvshow,"When did the episode ""A Love of a Lifetime"" air?","SELECT Air_Date FROM TV_series WHERE Episode = ""A Love of a Lifetime"";",SELECT T2.`Air_Date` FROM TV_series AS T2 WHERE T2.`Episode` = 'A Love of a Lifetime',SELECT T2.`Air_Date` FROM TV_series AS T2 WHERE T2.`Episode` = 'A Love of a Lifetime',1.0,Resultados idênticos (ordered=False).
621,tvshow,"What is Weekly Rank of TV series with Episode ""A Love of a Lifetime""?","SELECT Weekly_Rank FROM TV_series WHERE Episode = ""A Love of a Lifetime"";",SELECT T2.Weekly_Rank FROM TV_series AS T2 JOIN Cartoon AS T1 ON T1.id = T2.Channel WHERE T1.Episode = 'A Love of a Lifetime',SELECT T2.Weekly_Rank FROM TV_series AS T2 JOIN Cartoon AS T1 ON T1.id = T2.Channel WHERE T1.Episode = 'A Love of a Lifetime',0.0,Falha ao executar a consulta gerada: no such column: T1.Episode
622,tvshow,"What is the weekly rank for the episode ""A Love of a Lifetime""?","SELECT Weekly_Rank FROM TV_series WHERE Episode = ""A Love of a Lifetime"";",SELECT T2.weekly_rank FROM TV_series AS T2 JOIN Cartoon AS T1 ON T1.id = T2.Channel WHERE T1.Title = 'A Love of a Lifetime',SELECT T2.weekly_rank FROM TV_series AS T2 JOIN Cartoon AS T1 ON T1.id = T2.Channel WHERE T1.Title = 'A Love of a Lifetime',0.0,"Resultados divergentes (ordered=False). gold=1 linhas, pred=0 linhas."
623,tvshow,"What is the TV Channel of TV series with Episode ""A Love of a Lifetime""? List the TV Channel's series name.","SELECT T1.series_name FROM TV_Channel AS T1 JOIN TV_series AS T2 ON T1.id = T2.Channel WHERE T2.Episode = ""A Love of a Lifetime"";",SELECT T2.series_name FROM TV_series AS T1 JOIN TV_Channel AS T2 ON T1.Channel = T2.id WHERE T1.Episode = 'A Love of a Lifetime',SELECT T2.series_name FROM TV_series AS T1 JOIN TV_Channel AS T2 ON T1.Channel = T2.id WHERE T1.Episode = 'A Love of a Lifetime',1.0,Resultados idênticos (ordered=False).
624,tvshow,"What is the name of the series that has the episode ""A Love of a Lifetime""?","SELECT T1.series_name FROM TV_Channel AS T1 JOIN TV_series AS T2 ON T1.id = T2.Channel WHERE T2.Episode = ""A Love of a Lifetime"";",SELECT T2.series_name FROM TV_series AS T1 JOIN Cartoon AS T2 ON T1.Channel = T2.id WHERE T1.Episode = 'A Love of a Lifetime',SELECT T2.series_name FROM TV_series AS T1 JOIN Cartoon AS T2 ON T1.Channel = T2.id WHERE T1.Episode = 'A Love of a Lifetime',0.0,Falha ao executar a consulta gerada: no such column: T2.series_name
625,tvshow,"List the Episode of all  TV series showed on TV Channel with series name ""Sky Radio"".","SELECT T2.Episode FROM TV_Channel AS T1 JOIN TV_series AS T2 ON T1.id = T2.Channel WHERE T1.series_name = ""Sky Radio"";",SELECT T2.Episode FROM TV_series AS T2 JOIN Cartoon AS T1 ON T2.Channel = T1.id WHERE T1.Channel IN (SELECT id FROM TV_Channel WHERE series_name = 'Sky Radio'),SELECT T2.Episode FROM TV_series AS T2 JOIN Cartoon AS T1 ON T2.Channel = T1.id WHERE T1.Channel IN (SELECT id FROM TV_Channel WHERE series_name = 'Sky Radio'),0.0,"Resultados divergentes (ordered=False). gold=2 linhas, pred=0 linhas."
626,tvshow,"What is the episode for the TV series named ""Sky Radio""?","SELECT T2.Episode FROM TV_Channel AS T1 JOIN TV_series AS T2 ON T1.id = T2.Channel WHERE T1.series_name = ""Sky Radio"";",SELECT T2.Episode FROM TV_series AS T2 JOIN Cartoon AS T1 ON T2.Channel = T1.id WHERE T2.Channel = (SELECT id FROM TV_Channel WHERE series_name = 'Sky Radio'),SELECT T2.Episode FROM TV_series AS T2 JOIN Cartoon AS T1 ON T2.Channel = T1.id WHERE T2.Channel = (SELECT id FROM TV_Channel WHERE series_name = 'Sky Radio'),0.0,"Resultados divergentes (ordered=False). gold=2 linhas, pred=0 linhas."
627,tvshow,Find the number of cartoons directed by each of the listed directors.,"SELECT count(*) ,  Directed_by FROM cartoon GROUP BY Directed_by","SELECT Directed_by, COUNT(*) FROM Cartoon GROUP BY Directed_by","SELECT Directed_by, COUNT(*) FROM Cartoon GROUP BY Directed_by",0.0,"Resultados divergentes (ordered=False). gold=3 linhas, pred=3 linhas."
628,tvshow,How many cartoons did each director create?,"SELECT count(*) ,  Directed_by FROM cartoon GROUP BY Directed_by","SELECT Directed_by, COUNT(id) FROM Cartoon GROUP BY Directed_by","SELECT Directed_by, COUNT(id) FROM Cartoon GROUP BY Directed_by",0.0,"Resultados divergentes (ordered=False). gold=3 linhas, pred=3 linhas."
629,tvshow,Find the production code and channel of the most recently aired cartoon .,"select production_code ,  channel from cartoon order by original_air_date desc limit 1","SELECT T1.Production_code, T1.Channel FROM Cartoon AS T1 JOIN (SELECT id, MAX(Original_air_date) AS max_air_date FROM Cartoon GROUP BY Channel) AS T2 ON T1.id = T2.id AND T1.Original_air_date = T2.max_air_date","SELECT T1.Production_code, T1.Channel FROM Cartoon AS T1 JOIN (SELECT id, MAX(Original_air_date) AS max_air_date FROM Cartoon GROUP BY Channel) AS T2 ON T1.id = T2.id AND T1.Original_air_date = T2.max_air_date",0.0,"Resultados divergentes (ordered=True). gold=1 linhas, pred=9 linhas."
630,tvshow,What is the produdction code and channel of the most recent cartoon ?,"select production_code ,  channel from cartoon order by original_air_date desc limit 1","SELECT T1.production_code, T1.Channel FROM Cartoon AS T1 JOIN TV_Channel AS T2 ON T1.Channel = T2.id ORDER BY T1.id DESC LIMIT 1","SELECT T1.production_code, T1.Channel FROM Cartoon AS T1 JOIN TV_Channel AS T2 ON T1.Channel = T2.id ORDER BY T1.id DESC LIMIT 1",0.0,"Resultados divergentes (ordered=True). gold=1 linhas, pred=1 linhas."
631,tvshow,Find the package choice and series name of the TV channel that has high definition TV.,"SELECT package_option ,  series_name FROM TV_Channel WHERE hight_definition_TV  =  ""yes""","SELECT T2.Package_Option, T1.series_name FROM TV_Channel AS T1 JOIN TV_series AS T3 ON T1.id = T3.Channel WHERE T3.High_definition_TV = 'Yes'","SELECT T2.Package_Option, T1.series_name FROM TV_Channel AS T1 JOIN TV_series AS T3 ON T1.id = T3.Channel WHERE T3.High_definition_TV = 'Yes'",0.0,Falha ao executar a consulta gerada: no such column: T2.Package_Option
632,tvshow,What are the package options and the name of the series for the TV Channel that supports high definition TV?,"SELECT package_option ,  series_name FROM TV_Channel WHERE hight_definition_TV  =  ""yes""","SELECT T2.Package_Option, T1.series_name FROM TV_Channel AS T1 JOIN TV_series AS T3 ON T1.id = T3.Channel JOIN Cartoon AS T4 ON T3.Channel = T4.Channel WHERE T1.Hight_definition_TV = 'Yes'","SELECT T2.Package_Option, T1.series_name FROM TV_Channel AS T1 JOIN TV_series AS T3 ON T1.id = T3.Channel JOIN Cartoon AS T4 ON T3.Channel = T4.Channel WHERE T1.Hight_definition_TV = 'Yes'",0.0,Falha ao executar a consulta gerada: no such column: T2.Package_Option
633,tvshow,which countries' tv channels are playing some cartoon written by Todd Casey?,SELECT T1.country FROM TV_Channel AS T1 JOIN cartoon AS T2 ON T1.id = T2.Channel WHERE T2.written_by  =  'Todd Casey',SELECT DISTINCT T2.Country FROM Cartoon AS T1 JOIN TV_Channel AS T2 ON T1.Channel = T2.id WHERE T1.Written_by = 'Todd Casey',SELECT DISTINCT T2.Country FROM Cartoon AS T1 JOIN TV_Channel AS T2 ON T1.Channel = T2.id WHERE T1.Written_by = 'Todd Casey',1.0,Resultados idênticos (ordered=False).
634,tvshow,What are the countries that have cartoons on TV that were written by Todd Casey?,SELECT T1.country FROM TV_Channel AS T1 JOIN cartoon AS T2 ON T1.id = T2.Channel WHERE T2.written_by  =  'Todd Casey',SELECT DISTINCT T2.Country FROM Cartoon AS T1 JOIN TV_Channel AS T2 ON T1.Channel = T2.id WHERE T1.Written_by = 'Todd Casey' AND T2.id IS NOT NULL,SELECT DISTINCT T2.Country FROM Cartoon AS T1 JOIN TV_Channel AS T2 ON T1.Channel = T2.id WHERE T1.Written_by = 'Todd Casey' AND T2.id IS NOT NULL,1.0,Resultados idênticos (ordered=False).
635,tvshow,which countries' tv channels are not playing any cartoon written by Todd Casey?,SELECT country FROM TV_Channel EXCEPT SELECT T1.country FROM TV_Channel AS T1 JOIN cartoon AS T2 ON T1.id = T2.Channel WHERE T2.written_by  =  'Todd Casey',SELECT DISTINCT T1.Country FROM TV_Channel AS T1 LEFT JOIN Cartoon AS T2 ON T1.id = T2.Channel WHERE T2.Written_by = 'Todd Casey' AND T2.Channel NOT IN (SELECT Channel FROM Cartoon),SELECT DISTINCT T1.Country FROM TV_Channel AS T1 LEFT JOIN Cartoon AS T2 ON T1.id = T2.Channel WHERE T2.Written_by = 'Todd Casey' AND T2.Channel NOT IN (SELECT Channel FROM Cartoon),0.0,"Resultados divergentes (ordered=False). gold=1 linhas, pred=0 linhas."
636,tvshow,What are the countries that are not playing cartoons written by Todd Casey?,SELECT country FROM TV_Channel EXCEPT SELECT T1.country FROM TV_Channel AS T1 JOIN cartoon AS T2 ON T1.id = T2.Channel WHERE T2.written_by  =  'Todd Casey',SELECT T2.Country FROM Cartoon AS T1 JOIN TV_Channel AS T2 ON T1.Channel = T2.id WHERE T1.Written_by = 'Todd Casey' EXCEPT SELECT T2.Country FROM TV_series AS T1 JOIN TV_Channel AS T2 ON T1.Channel = T2.id,SELECT T2.Country FROM Cartoon AS T1 JOIN TV_Channel AS T2 ON T1.Channel = T2.id WHERE T1.Written_by = 'Todd Casey' EXCEPT SELECT T2.Country FROM TV_series AS T1 JOIN TV_Channel AS T2 ON T1.Channel = T2.id,0.0,"Resultados divergentes (ordered=False). gold=1 linhas, pred=0 linhas."
637,tvshow,Find the series name and country of the tv channel that is playing some cartoons directed by Ben Jones and Michael Chang?,"SELECT T1.series_name ,  T1.country FROM TV_Channel AS T1 JOIN cartoon AS T2 ON T1.id = T2.Channel WHERE T2.directed_by  =  'Michael Chang' INTERSECT SELECT T1.series_name ,  T1.country FROM TV_Channel AS T1 JOIN cartoon AS T2 ON T1.id = T2.Channel WHERE T2.directed_by  =  'Ben Jones'","SELECT T2.series_name, T2.Country FROM Cartoon AS T1 JOIN TV_Channel AS T2 ON T1.Channel = T2.id WHERE T1.Directed_by IN ('Ben Jones', 'Michael Chang')","SELECT T2.series_name, T2.Country FROM Cartoon AS T1 JOIN TV_Channel AS T2 ON T1.Channel = T2.id WHERE T1.Directed_by IN ('Ben Jones', 'Michael Chang')",0.0,"Resultados divergentes (ordered=False). gold=1 linhas, pred=8 linhas."
638,tvshow,What is the series name and country of all TV channels that are playing cartoons directed by Ben Jones and cartoons directed by Michael Chang?,"SELECT T1.series_name ,  T1.country FROM TV_Channel AS T1 JOIN cartoon AS T2 ON T1.id = T2.Channel WHERE T2.directed_by  =  'Michael Chang' INTERSECT SELECT T1.series_name ,  T1.country FROM TV_Channel AS T1 JOIN cartoon AS T2 ON T1.id = T2.Channel WHERE T2.directed_by  =  'Ben Jones'","SELECT T2.series_name, T2.Country FROM Cartoon AS T1 JOIN TV_Channel AS T2 ON T1.Channel = T2.id WHERE T1.Directed_by = 'Ben Jones' OR T1.Directed_by = 'Michael Chang'","SELECT T2.series_name, T2.Country FROM Cartoon AS T1 JOIN TV_Channel AS T2 ON T1.Channel = T2.id WHERE T1.Directed_by = 'Ben Jones' OR T1.Directed_by = 'Michael Chang'",0.0,"Resultados divergentes (ordered=False). gold=1 linhas, pred=8 linhas."
639,tvshow,find the pixel aspect ratio and nation of the tv channels that do not use English.,"SELECT Pixel_aspect_ratio_PAR ,  country FROM tv_channel WHERE LANGUAGE != 'English'","SELECT T2.Pixel_aspect_ratio_PAR, T2.Country FROM TV_Channel AS T2 WHERE T2.Content NOT LIKE '%English%' AND T2.id IN (SELECT Channel FROM TV_series) EXCEPT SELECT T2.Pixel_aspect_ratio_PAR, T2.Country FROM TV_Channel AS T2 WHERE T2.Content NOT LIKE '%English%' AND T2.id IN (SELECT Channel FROM Cartoon)","SELECT T2.Pixel_aspect_ratio_PAR, T2.Country FROM TV_Channel AS T2 WHERE T2.Content NOT LIKE '%English%' AND T2.id IN (SELECT Channel FROM TV_series) EXCEPT SELECT T2.Pixel_aspect_ratio_PAR, T2.Country FROM TV_Channel AS T2 WHERE T2.Content NOT LIKE '%English%' AND T2.id IN (SELECT Channel FROM Cartoon)",0.0,"Resultados divergentes (ordered=False). gold=12 linhas, pred=0 linhas."
640,tvshow,What is the pixel aspect ratio and country of origin for all TV channels that do not use English?,"SELECT Pixel_aspect_ratio_PAR ,  country FROM tv_channel WHERE LANGUAGE != 'English'","SELECT T2.Pixel_aspect_ratio_PAR, T2.Country FROM TV_Channel AS T2 WHERE T2.Language != 'English'","SELECT T2.Pixel_aspect_ratio_PAR, T2.Country FROM TV_Channel AS T2 WHERE T2.Language != 'English'",1.0,Resultados idênticos (ordered=False).
641,tvshow,find id of the tv channels that from the countries where have more than two tv channels.,SELECT id FROM tv_channel GROUP BY country HAVING count(*)  >  2,"SELECT T1.id FROM TV_Channel AS T1 JOIN (SELECT Channel, COUNT(id) as cnt FROM TV_series GROUP BY Channel HAVING cnt > 2) AS T2 ON T1.id = T2.Channel","SELECT T1.id FROM TV_Channel AS T1 JOIN (SELECT Channel, COUNT(id) as cnt FROM TV_series GROUP BY Channel HAVING cnt > 2) AS T2 ON T1.id = T2.Channel",0.0,"Resultados divergentes (ordered=False). gold=1 linhas, pred=0 linhas."
642,tvshow,What are the ids of all tv channels that have more than 2 TV channels?,SELECT id FROM tv_channel GROUP BY country HAVING count(*)  >  2,"SELECT T1.id FROM TV_Channel AS T1 JOIN (SELECT Channel, COUNT(id) AS Channel_Count FROM TV_series GROUP BY Channel HAVING Channel_Count > 2) AS T2 ON T1.id = T2.Channel GROUP BY T1.id","SELECT T1.id FROM TV_Channel AS T1 JOIN (SELECT Channel, COUNT(id) AS Channel_Count FROM TV_series GROUP BY Channel HAVING Channel_Count > 2) AS T2 ON T1.id = T2.Channel GROUP BY T1.id",0.0,"Resultados divergentes (ordered=False). gold=1 linhas, pred=0 linhas."
643,tvshow,find the id of tv channels that do not play any cartoon directed by Ben Jones.,SELECT id FROM TV_Channel EXCEPT SELECT channel FROM cartoon WHERE directed_by  =  'Ben Jones',SELECT T1.id FROM TV_Channel AS T1 JOIN Cartoon AS T2 ON T1.id = T2.Channel WHERE T2.Directed_by != 'Ben Jones',SELECT T1.id FROM TV_Channel AS T1 JOIN Cartoon AS T2 ON T1.id = T2.Channel WHERE T2.Directed_by != 'Ben Jones',0.0,"Resultados divergentes (ordered=False). gold=11 linhas, pred=8 linhas."
644,tvshow,What are the ids of the TV channels that do not have any cartoons directed by Ben Jones?,SELECT id FROM TV_Channel EXCEPT SELECT channel FROM cartoon WHERE directed_by  =  'Ben Jones',SELECT T2.id FROM Cartoon AS T1 JOIN TV_Channel AS T2 ON T1.Channel = T2.id WHERE T1.Directed_by != 'Ben Jones' GROUP BY T2.id HAVING COUNT(T1.id) = 0,SELECT T2.id FROM Cartoon AS T1 JOIN TV_Channel AS T2 ON T1.Channel = T2.id WHERE T1.Directed_by != 'Ben Jones' GROUP BY T2.id HAVING COUNT(T1.id) = 0,0.0,"Resultados divergentes (ordered=False). gold=11 linhas, pred=0 linhas."
645,tvshow,find the package option of the tv channel that do not have any cartoon directed by Ben Jones.,SELECT package_option FROM TV_Channel WHERE id NOT IN (SELECT channel FROM cartoon WHERE directed_by  =  'Ben Jones'),SELECT T2.Package_Option FROM Cartoon AS T1 JOIN TV_Channel AS T2 ON T1.Channel = T2.id WHERE T1.Directed_by != 'Ben Jones' AND T1.Directed_by IS NOT NULL,SELECT T2.Package_Option FROM Cartoon AS T1 JOIN TV_Channel AS T2 ON T1.Channel = T2.id WHERE T1.Directed_by != 'Ben Jones' AND T1.Directed_by IS NOT NULL,0.0,"Resultados divergentes (ordered=False). gold=11 linhas, pred=8 linhas."
646,tvshow,What are the package options of all tv channels that are not playing any cartoons directed by Ben Jones?,SELECT package_option FROM TV_Channel WHERE id NOT IN (SELECT channel FROM cartoon WHERE directed_by  =  'Ben Jones'),SELECT T2.Package_Option FROM TV_Channel AS T2 JOIN Cartoon AS T1 ON T2.id = T1.Channel WHERE T1.Directed_by != 'Ben Jones' AND T1.Channel NOT IN (SELECT T1.Channel FROM Cartoon AS T1 JOIN TV_Channel AS T2 ON T1.Channel = T2.id),SELECT T2.Package_Option FROM TV_Channel AS T2 JOIN Cartoon AS T1 ON T2.id = T1.Channel WHERE T1.Directed_by != 'Ben Jones' AND T1.Channel NOT IN (SELECT T1.Channel FROM Cartoon AS T1 JOIN TV_Channel AS T2 ON T1.Channel = T2.id),0.0,"Resultados divergentes (ordered=False). gold=11 linhas, pred=0 linhas."
647,poker_player,How many poker players are there?,SELECT count(*) FROM poker_player,SELECT count(*) FROM poker_player,SELECT count(*) FROM poker_player,1.0,Resultados idênticos (ordered=False).
648,poker_player,Count the number of poker players.,SELECT count(*) FROM poker_player,SELECT COUNT(*) FROM poker_player,SELECT COUNT(*) FROM poker_player,1.0,Resultados idênticos (ordered=False).
649,poker_player,List the earnings of poker players in descending order.,SELECT Earnings FROM poker_player ORDER BY Earnings DESC,SELECT Earnings FROM poker_player ORDER BY Earnings DESC,SELECT Earnings FROM poker_player ORDER BY Earnings DESC,1.0,Resultados idênticos (ordered=True).
650,poker_player,"What are the earnings of poker players, ordered descending by value?",SELECT Earnings FROM poker_player ORDER BY Earnings DESC,SELECT Earnings FROM poker_player ORDER BY Earnings DESC,SELECT Earnings FROM poker_player ORDER BY Earnings DESC,1.0,Resultados idênticos (ordered=True).
651,poker_player,List the final tables made and the best finishes of poker players.,"SELECT Final_Table_Made ,  Best_Finish FROM poker_player","SELECT T2.Poker_Player_ID, T1.Final_Table_Made, T1.Best_Finish FROM poker_player AS T2 JOIN people AS T1 ON T2.People_ID = T1.People_ID","SELECT T2.Poker_Player_ID, T1.Final_Table_Made, T1.Best_Finish FROM poker_player AS T2 JOIN people AS T1 ON T2.People_ID = T1.People_ID",0.0,Falha ao executar a consulta gerada: no such column: T1.Final_Table_Made
652,poker_player,What are the final tables made and best finishes for all poker players?,"SELECT Final_Table_Made ,  Best_Finish FROM poker_player","SELECT T2.Poker_Player_ID, T1.Final_Table_Made, T1.Best_Finish FROM poker_player AS T2 JOIN people AS T1 ON T2.People_ID = T1.People_ID","SELECT T2.Poker_Player_ID, T1.Final_Table_Made, T1.Best_Finish FROM poker_player AS T2 JOIN people AS T1 ON T2.People_ID = T1.People_ID",0.0,Falha ao executar a consulta gerada: no such column: T1.Final_Table_Made
653,poker_player,What is the average earnings of poker players?,SELECT avg(Earnings) FROM poker_player,SELECT AVG(Earnings) FROM poker_player,SELECT AVG(Earnings) FROM poker_player,1.0,Resultados idênticos (ordered=False).
654,poker_player,Return the average earnings across all poker players.,SELECT avg(Earnings) FROM poker_player,SELECT AVG(Earnings) FROM poker_player,SELECT AVG(Earnings) FROM poker_player,1.0,Resultados idênticos (ordered=False).
655,poker_player,What is the money rank of the poker player with the highest earnings?,SELECT Money_Rank FROM poker_player ORDER BY Earnings DESC LIMIT 1,SELECT T2.Money_Rank FROM poker_player AS T2 JOIN people AS T1 ON T2.People_ID = T1.People_ID ORDER BY T2.Earnings DESC LIMIT 1,SELECT T2.Money_Rank FROM poker_player AS T2 JOIN people AS T1 ON T2.People_ID = T1.People_ID ORDER BY T2.Earnings DESC LIMIT 1,1.0,Resultados idênticos (ordered=True).
656,poker_player,Return the money rank of the player with the greatest earnings.,SELECT Money_Rank FROM poker_player ORDER BY Earnings DESC LIMIT 1,SELECT T2.Money_Rank FROM poker_player AS T2 JOIN people AS T1 ON T2.People_ID = T1.People_ID ORDER BY T2.Earnings DESC LIMIT 1,SELECT T2.Money_Rank FROM poker_player AS T2 JOIN people AS T1 ON T2.People_ID = T1.People_ID ORDER BY T2.Earnings DESC LIMIT 1,1.0,Resultados idênticos (ordered=True).
657,poker_player,What is the maximum number of final tables made among poker players with earnings less than 200000?,SELECT max(Final_Table_Made) FROM poker_player WHERE Earnings  <  200000,SELECT MAX(Final_Table_Made) FROM poker_player WHERE Earnings < 200000,SELECT MAX(Final_Table_Made) FROM poker_player WHERE Earnings < 200000,1.0,Resultados idênticos (ordered=False).
658,poker_player,Return the maximum final tables made across all poker players who have earnings below 200000.,SELECT max(Final_Table_Made) FROM poker_player WHERE Earnings  <  200000,SELECT MAX(Final_Table_Made) FROM poker_player WHERE Earnings < 200000,SELECT MAX(Final_Table_Made) FROM poker_player WHERE Earnings < 200000,1.0,Resultados idênticos (ordered=False).
659,poker_player,What are the names of poker players?,SELECT T1.Name FROM people AS T1 JOIN poker_player AS T2 ON T1.People_ID  =  T2.People_ID,SELECT T1.Name FROM people AS T1 JOIN poker_player AS T2 ON T1.People_ID = T2.People_ID,SELECT T1.Name FROM people AS T1 JOIN poker_player AS T2 ON T1.People_ID = T2.People_ID,1.0,Resultados idênticos (ordered=False).
660,poker_player,Return the names of all the poker players.,SELECT T1.Name FROM people AS T1 JOIN poker_player AS T2 ON T1.People_ID  =  T2.People_ID,SELECT T1.Name FROM people AS T1 JOIN poker_player AS T2 ON T1.People_ID = T2.People_ID,SELECT T1.Name FROM people AS T1 JOIN poker_player AS T2 ON T1.People_ID = T2.People_ID,1.0,Resultados idênticos (ordered=False).
661,poker_player,What are the names of poker players whose earnings is higher than 300000?,SELECT T1.Name FROM people AS T1 JOIN poker_player AS T2 ON T1.People_ID  =  T2.People_ID WHERE T2.Earnings  >  300000,SELECT T1.Name FROM people AS T1 JOIN poker_player AS T2 ON T1.People_ID = T2.People_ID WHERE T2.Earnings > 300000,SELECT T1.Name FROM people AS T1 JOIN poker_player AS T2 ON T1.People_ID = T2.People_ID WHERE T2.Earnings > 300000,1.0,Resultados idênticos (ordered=False).
662,poker_player,Give the names of poker players who have earnings above 300000.,SELECT T1.Name FROM people AS T1 JOIN poker_player AS T2 ON T1.People_ID  =  T2.People_ID WHERE T2.Earnings  >  300000,SELECT T1.Name FROM people AS T1 JOIN poker_player AS T2 ON T1.People_ID = T2.People_ID WHERE T2.Earnings > 300000,SELECT T1.Name FROM people AS T1 JOIN poker_player AS T2 ON T1.People_ID = T2.People_ID WHERE T2.Earnings > 300000,1.0,Resultados idênticos (ordered=False).
663,poker_player,List the names of poker players ordered by the final tables made in ascending order.,SELECT T1.Name FROM people AS T1 JOIN poker_player AS T2 ON T1.People_ID  =  T2.People_ID ORDER BY T2.Final_Table_Made,SELECT T1.Name FROM poker_player AS T1 JOIN people AS T2 ON T1.People_ID = T2.People_ID ORDER BY T1.Final_Table_Made ASC,SELECT T1.Name FROM poker_player AS T1 JOIN people AS T2 ON T1.People_ID = T2.People_ID ORDER BY T1.Final_Table_Made ASC,0.0,Falha ao executar a consulta gerada: no such column: T1.Name
664,poker_player,"What are the names of poker players, ordered ascending by the number of final tables they have made?",SELECT T1.Name FROM people AS T1 JOIN poker_player AS T2 ON T1.People_ID  =  T2.People_ID ORDER BY T2.Final_Table_Made,SELECT T1.Name FROM people AS T1 JOIN poker_player AS T2 ON T1.People_ID = T2.People_ID ORDER BY T2.Final_Table_Made ASC,SELECT T1.Name FROM people AS T1 JOIN poker_player AS T2 ON T1.People_ID = T2.People_ID ORDER BY T2.Final_Table_Made ASC,1.0,Resultados idênticos (ordered=True).
665,poker_player,What is the birth date of the poker player with the lowest earnings?,SELECT T1.Birth_Date FROM people AS T1 JOIN poker_player AS T2 ON T1.People_ID  =  T2.People_ID ORDER BY T2.Earnings ASC LIMIT 1,SELECT T1.Birth_Date FROM people AS T1 JOIN poker_player AS T2 ON T1.People_ID = T2.People_ID ORDER BY T2.Earnings LIMIT 1,SELECT T1.Birth_Date FROM people AS T1 JOIN poker_player AS T2 ON T1.People_ID = T2.People_ID ORDER BY T2.Earnings LIMIT 1,1.0,Resultados idênticos (ordered=True).
666,poker_player,Return the birth date of the poker player with the lowest earnings.,SELECT T1.Birth_Date FROM people AS T1 JOIN poker_player AS T2 ON T1.People_ID  =  T2.People_ID ORDER BY T2.Earnings ASC LIMIT 1,SELECT T1.Birth_Date FROM people AS T1 JOIN poker_player AS T2 ON T1.People_ID = T2.People_ID ORDER BY T2.Earnings LIMIT 1,SELECT T1.Birth_Date FROM people AS T1 JOIN poker_player AS T2 ON T1.People_ID = T2.People_ID ORDER BY T2.Earnings LIMIT 1,1.0,Resultados idênticos (ordered=True).
667,poker_player,What is the money rank of the tallest poker player?,SELECT T2.Money_Rank FROM people AS T1 JOIN poker_player AS T2 ON T1.People_ID  =  T2.People_ID ORDER BY T1.Height DESC LIMIT 1,SELECT T2.Money_Rank FROM people AS T1 JOIN poker_player AS T2 ON T1.People_ID = T2.People_ID ORDER BY T1.Height DESC LIMIT 1;,SELECT T2.Money_Rank FROM people AS T1 JOIN poker_player AS T2 ON T1.People_ID = T2.People_ID ORDER BY T1.Height DESC LIMIT 1,1.0,Resultados idênticos (ordered=True).
668,poker_player,Return the money rank of the poker player with the greatest height.,SELECT T2.Money_Rank FROM people AS T1 JOIN poker_player AS T2 ON T1.People_ID  =  T2.People_ID ORDER BY T1.Height DESC LIMIT 1,SELECT T2.Money_Rank FROM people AS T1 JOIN poker_player AS T2 ON T1.People_ID = T2.People_ID ORDER BY T1.Height DESC LIMIT 1,SELECT T2.Money_Rank FROM people AS T1 JOIN poker_player AS T2 ON T1.People_ID = T2.People_ID ORDER BY T1.Height DESC LIMIT 1,1.0,Resultados idênticos (ordered=True).
669,poker_player,What is the average earnings of poker players with height higher than 200?,SELECT avg(T2.Earnings) FROM people AS T1 JOIN poker_player AS T2 ON T1.People_ID  =  T2.People_ID WHERE T1.Height  >  200,SELECT AVG(Earnings) FROM poker_player WHERE People_ID IN (SELECT People_ID FROM people WHERE Height > 200),SELECT AVG(Earnings) FROM poker_player WHERE People_ID IN (SELECT People_ID FROM people WHERE Height > 200),1.0,Resultados idênticos (ordered=False).
670,poker_player,Give average earnings of poker players who are taller than 200.,SELECT avg(T2.Earnings) FROM people AS T1 JOIN poker_player AS T2 ON T1.People_ID  =  T2.People_ID WHERE T1.Height  >  200,SELECT AVG(Earnings) AS Average_Earnings FROM poker_player WHERE People_ID IN (SELECT People_ID FROM people WHERE Height > 200),SELECT AVG(Earnings) AS Average_Earnings FROM poker_player WHERE People_ID IN (SELECT People_ID FROM people WHERE Height > 200),1.0,Resultados idênticos (ordered=False).
671,poker_player,What are the names of poker players in descending order of earnings?,SELECT T1.Name FROM people AS T1 JOIN poker_player AS T2 ON T1.People_ID  =  T2.People_ID ORDER BY T2.Earnings DESC,SELECT T1.Name FROM people AS T1 JOIN poker_player AS T2 ON T1.People_ID = T2.People_ID ORDER BY T2.Earnings DESC,SELECT T1.Name FROM people AS T1 JOIN poker_player AS T2 ON T1.People_ID = T2.People_ID ORDER BY T2.Earnings DESC,1.0,Resultados idênticos (ordered=True).
672,poker_player,Return the names of poker players sorted by their earnings descending.,SELECT T1.Name FROM people AS T1 JOIN poker_player AS T2 ON T1.People_ID  =  T2.People_ID ORDER BY T2.Earnings DESC,SELECT T1.Name FROM poker_player AS T1 JOIN people AS T2 ON T1.People_ID = T2.People_ID ORDER BY T1.Earnings DESC,SELECT T1.Name FROM poker_player AS T1 JOIN people AS T2 ON T1.People_ID = T2.People_ID ORDER BY T1.Earnings DESC,0.0,Falha ao executar a consulta gerada: no such column: T1.Name
673,poker_player,What are different nationalities of people and the corresponding number of people from each nation?,"SELECT Nationality ,  COUNT(*) FROM people GROUP BY Nationality","SELECT T1.Nationality, COUNT(T1.People_ID) FROM people AS T1 JOIN poker_player AS T2 ON T1.People_ID = T2.People_ID GROUP BY T1.Nationality","SELECT T1.Nationality, COUNT(T1.People_ID) FROM people AS T1 JOIN poker_player AS T2 ON T1.People_ID = T2.People_ID GROUP BY T1.Nationality",0.0,"Resultados divergentes (ordered=False). gold=2 linhas, pred=2 linhas."
674,poker_player,How many people are there of each nationality?,"SELECT Nationality ,  COUNT(*) FROM people GROUP BY Nationality","SELECT T1.Nationality, COUNT(T1.People_ID) FROM people AS T1 JOIN poker_player AS T2 ON T1.People_ID = T2.People_ID GROUP BY T1.Nationality","SELECT T1.Nationality, COUNT(T1.People_ID) FROM people AS T1 JOIN poker_player AS T2 ON T1.People_ID = T2.People_ID GROUP BY T1.Nationality",0.0,"Resultados divergentes (ordered=False). gold=2 linhas, pred=2 linhas."
675,poker_player,What is the most common nationality of people?,SELECT Nationality FROM people GROUP BY Nationality ORDER BY COUNT(*) DESC LIMIT 1,"SELECT Nationality, COUNT(*) AS NumberOfPeople FROM people GROUP BY Nationality ORDER BY COUNT(*) DESC LIMIT 1","SELECT Nationality, COUNT(*) AS NumberOfPeople FROM people GROUP BY Nationality ORDER BY COUNT(*) DESC LIMIT 1",0.0,"Resultados divergentes (ordered=True). gold=1 linhas, pred=1 linhas."
676,poker_player,Give the nationality that is most common across all people.,SELECT Nationality FROM people GROUP BY Nationality ORDER BY COUNT(*) DESC LIMIT 1,SELECT Nationality FROM people GROUP BY Nationality ORDER BY COUNT(*) DESC LIMIT 1,SELECT Nationality FROM people GROUP BY Nationality ORDER BY COUNT(*) DESC LIMIT 1,1.0,Resultados idênticos (ordered=True).
677,poker_player,What are the nationalities that are shared by at least two people?,SELECT Nationality FROM people GROUP BY Nationality HAVING COUNT(*)  >=  2,SELECT T1.Nationality FROM people AS T1 JOIN poker_player AS T2 ON T1.People_ID = T2.People_ID GROUP BY T1.Nationality HAVING COUNT(T1.Nationality) > 1,SELECT T1.Nationality FROM people AS T1 JOIN poker_player AS T2 ON T1.People_ID = T2.People_ID GROUP BY T1.Nationality HAVING COUNT(T1.Nationality) > 1,1.0,Resultados idênticos (ordered=False).
678,poker_player,Return the nationalities for which there are two or more people.,SELECT Nationality FROM people GROUP BY Nationality HAVING COUNT(*)  >=  2,SELECT Nationality FROM people GROUP BY Nationality HAVING COUNT(People_ID) > 2,SELECT Nationality FROM people GROUP BY Nationality HAVING COUNT(People_ID) > 2,1.0,Resultados idênticos (ordered=False).
679,poker_player,List the names and birth dates of people in ascending alphabetical order of name.,"SELECT Name ,  Birth_Date FROM people ORDER BY Name ASC","SELECT Name ,  Birth_Date FROM people ORDER BY Name ASC","SELECT Name ,  Birth_Date FROM people ORDER BY Name ASC",1.0,Resultados idênticos (ordered=True).
680,poker_player,"What are the names and birth dates of people, ordered by their names in alphabetical order?","SELECT Name ,  Birth_Date FROM people ORDER BY Name ASC","SELECT Name, Birth_Date FROM people ORDER BY Name ASC","SELECT Name, Birth_Date FROM people ORDER BY Name ASC",1.0,Resultados idênticos (ordered=True).
681,poker_player,"Show names of people whose nationality is not ""Russia"".","SELECT Name FROM people WHERE Nationality != ""Russia""",SELECT Name FROM people WHERE Nationality != 'Russia',SELECT Name FROM people WHERE Nationality != 'Russia',1.0,Resultados idênticos (ordered=False).
682,poker_player,What are the names of people who are not from Russia?,"SELECT Name FROM people WHERE Nationality != ""Russia""",SELECT T1.Name FROM people AS T1 JOIN poker_player AS T2 ON T1.People_ID = T2.People_ID WHERE T1.Nationality != 'Russia',SELECT T1.Name FROM people AS T1 JOIN poker_player AS T2 ON T1.People_ID = T2.People_ID WHERE T1.Nationality != 'Russia',1.0,Resultados idênticos (ordered=False).
683,poker_player,List the names of people that are not poker players.,SELECT Name FROM people WHERE People_ID NOT IN (SELECT People_ID FROM poker_player),SELECT T1.Name FROM people AS T1 LEFT JOIN poker_player AS T2 ON T1.People_ID = T2.People_ID WHERE T2.People_ID IS NULL,SELECT T1.Name FROM people AS T1 LEFT JOIN poker_player AS T2 ON T1.People_ID = T2.People_ID WHERE T2.People_ID IS NULL,1.0,Resultados idênticos (ordered=False).
684,poker_player,What are the names of people who do not play poker?,SELECT Name FROM people WHERE People_ID NOT IN (SELECT People_ID FROM poker_player),SELECT T1.Name FROM people AS T1 LEFT JOIN poker_player AS T2 ON T1.People_ID = T2.People_ID WHERE T2.Poker_Player_ID IS NULL,SELECT T1.Name FROM people AS T1 LEFT JOIN poker_player AS T2 ON T1.People_ID = T2.People_ID WHERE T2.Poker_Player_ID IS NULL,1.0,Resultados idênticos (ordered=False).
685,poker_player,How many distinct nationalities are there?,SELECT count(DISTINCT Nationality) FROM people,SELECT COUNT(DISTINCT Nationality) FROM people,SELECT COUNT(DISTINCT Nationality) FROM people,1.0,Resultados idênticos (ordered=False).
686,poker_player,Count the number of different nationalities.,SELECT count(DISTINCT Nationality) FROM people,SELECT COUNT(DISTINCT Nationality) FROM people,SELECT COUNT(DISTINCT Nationality) FROM people,1.0,Resultados idênticos (ordered=False).
687,voter_1,How many states are there?,SELECT count(*) FROM area_code_state,SELECT COUNT(DISTINCT state) FROM AREA_CODE_STATE,SELECT COUNT(DISTINCT state) FROM AREA_CODE_STATE,0.0,"Resultados divergentes (ordered=False). gold=1 linhas, pred=1 linhas."
688,voter_1,"List the contestant numbers and names, ordered by contestant name descending.","SELECT contestant_number ,  contestant_name FROM contestants ORDER BY contestant_name DESC","SELECT T2.contestant_number, T2.contestant_name FROM VOTES AS T1 JOIN CONTESTANTS AS T2 ON T1.contestant_number = T2.contestant_number ORDER BY T2.contestant_name DESC","SELECT T2.contestant_number, T2.contestant_name FROM VOTES AS T1 JOIN CONTESTANTS AS T2 ON T1.contestant_number = T2.contestant_number ORDER BY T2.contestant_name DESC",0.0,"Resultados divergentes (ordered=True). gold=11 linhas, pred=4 linhas."
689,voter_1,"List the vote ids, phone numbers and states of all votes.","SELECT vote_id ,  phone_number ,  state FROM votes","SELECT T3.vote_id, T3.phone_number, T3.state FROM VOTES AS T3 JOIN AREA_CODE_STATE AS T1 ON T3.state = T1.state","SELECT T3.vote_id, T3.phone_number, T3.state FROM VOTES AS T3 JOIN AREA_CODE_STATE AS T1 ON T3.state = T1.state",0.0,"Resultados divergentes (ordered=False). gold=4 linhas, pred=64 linhas."
690,voter_1,What are the maximum and minimum values of area codes?,"SELECT max(area_code) ,  min(area_code) FROM area_code_state","SELECT MAX(area_code), MIN(area_code) FROM AREA_CODE_STATE","SELECT MAX(area_code), MIN(area_code) FROM AREA_CODE_STATE",1.0,Resultados idênticos (ordered=False).
691,voter_1,What is last date created of votes from the state 'CA'?,SELECT max(created) FROM votes WHERE state  =  'CA',SELECT MAX(created) FROM VOTES WHERE state = 'CA',SELECT MAX(created) FROM VOTES WHERE state = 'CA',1.0,Resultados idênticos (ordered=False).
692,voter_1,What are the names of the contestants whose names are not 'Jessie Alloway',SELECT contestant_name FROM contestants WHERE contestant_name != 'Jessie Alloway',SELECT contestant_name FROM CONTESTANTS WHERE contestant_name != 'Jessie Alloway',SELECT contestant_name FROM CONTESTANTS WHERE contestant_name != 'Jessie Alloway',1.0,Resultados idênticos (ordered=False).
693,voter_1,What are the distinct states and create time of all votes?,"SELECT DISTINCT state ,  created FROM votes","SELECT DISTINCT state, created FROM VOTES","SELECT DISTINCT state, created FROM VOTES",1.0,Resultados idênticos (ordered=False).
694,voter_1,What are the contestant numbers and names of the contestants who had at least two votes?,"SELECT T1.contestant_number , T1.contestant_name FROM contestants AS T1 JOIN votes AS T2 ON T1.contestant_number  =  T2.contestant_number GROUP BY T1.contestant_number HAVING count(*)  >=  2","SELECT T3.contestant_number, T3.contestant_name FROM VOTES AS T1 JOIN CONTESTANTS AS T3 ON T1.contestant_number = T3.contestant_number GROUP BY T1.vote_id HAVING COUNT(T1.vote_id) >= 2","SELECT T3.contestant_number, T3.contestant_name FROM VOTES AS T1 JOIN CONTESTANTS AS T3 ON T1.contestant_number = T3.contestant_number GROUP BY T1.vote_id HAVING COUNT(T1.vote_id) >= 2",0.0,"Resultados divergentes (ordered=False). gold=1 linhas, pred=0 linhas."
695,voter_1,"Of all the contestants who got voted, what is the contestant number and name of the contestant who got least votes?","SELECT T1.contestant_number , T1.contestant_name FROM contestants AS T1 JOIN votes AS T2 ON T1.contestant_number  =  T2.contestant_number GROUP BY T1.contestant_number ORDER BY count(*) ASC LIMIT 1","SELECT T1.contestant_number ,  T1.contestant_name FROM CONTESTANTS AS T1 JOIN VOTES AS T2 ON T1.contestant_number = T2.contestant_number GROUP BY T1.contestant_number ,  T1.contestant_name ORDER BY COUNT(T2.vote_id) ASC LIMIT 1","SELECT T1.contestant_number ,  T1.contestant_name FROM CONTESTANTS AS T1 JOIN VOTES AS T2 ON T1.contestant_number = T2.contestant_number GROUP BY T1.contestant_number ,  T1.contestant_name ORDER BY COUNT(T2.vote_id) ASC LIMIT 1",1.0,Resultados idênticos (ordered=True).
696,voter_1,What are the number of votes from state 'NY' or 'CA'?,SELECT count(*) FROM votes WHERE state  =  'NY' OR state  =  'CA',"SELECT COUNT(*) FROM VOTES WHERE state IN ('NY', 'CA')","SELECT COUNT(*) FROM VOTES WHERE state IN ('NY', 'CA')",1.0,Resultados idênticos (ordered=False).
697,voter_1,How many contestants did not get voted?,SELECT count(*) FROM contestants WHERE contestant_number NOT IN ( SELECT contestant_number FROM votes ),SELECT COUNT(DISTINCT contestant_number) FROM CONTESTANTS WHERE contestant_number NOT IN (SELECT contestant_number FROM VOTES),SELECT COUNT(DISTINCT contestant_number) FROM CONTESTANTS WHERE contestant_number NOT IN (SELECT contestant_number FROM VOTES),1.0,Resultados idênticos (ordered=False).
698,voter_1,What is the area code in which the most voters voted?,SELECT T1.area_code FROM area_code_state AS T1 JOIN votes AS T2 ON T1.state  =  T2.state GROUP BY T1.area_code ORDER BY count(*) DESC LIMIT 1,SELECT T1.area_code FROM AREA_CODE_STATE AS T1 JOIN VOTES AS T2 ON T1.state = T2.state GROUP BY T1.area_code ORDER BY COUNT(T2.vote_id) DESC LIMIT 1,SELECT T1.area_code FROM AREA_CODE_STATE AS T1 JOIN VOTES AS T2 ON T1.state = T2.state GROUP BY T1.area_code ORDER BY COUNT(T2.vote_id) DESC LIMIT 1,1.0,Resultados idênticos (ordered=True).
699,voter_1,"What are the create dates, states, and phone numbers of the votes that were for the contestant named 'Tabatha Gehling'?","SELECT T2.created ,  T2.state ,  T2.phone_number FROM contestants AS T1 JOIN votes AS T2 ON T1.contestant_number  =  T2.contestant_number WHERE T1.contestant_name  =  'Tabatha Gehling'","SELECT V.created, A.state, V.phone_number FROM VOTES V JOIN AREA_CODE_STATE A ON V.state = A.state WHERE V.contestant_number = (SELECT contestant_number FROM CONTESTANTS WHERE contestant_name = 'Tabatha Gehling')","SELECT V.created, A.state, V.phone_number FROM VOTES V JOIN AREA_CODE_STATE A ON V.state = A.state WHERE V.contestant_number = (SELECT contestant_number FROM CONTESTANTS WHERE contestant_name = 'Tabatha Gehling')",0.0,"Resultados divergentes (ordered=False). gold=1 linhas, pred=14 linhas."
700,voter_1,List the area codes in which voters voted both for the contestant 'Tabatha Gehling' and the contestant 'Kelly Clauss'.,SELECT T3.area_code FROM contestants AS T1 JOIN votes AS T2 ON T1.contestant_number  =  T2.contestant_number JOIN area_code_state AS T3 ON T2.state  =  T3.state WHERE T1.contestant_name  =  'Tabatha Gehling' INTERSECT SELECT T3.area_code FROM contestants AS T1 JOIN votes AS T2 ON T1.contestant_number  =  T2.contestant_number JOIN area_code_state AS T3 ON T2.state  =  T3.state WHERE T1.contestant_name  =  'Kelly Clauss',SELECT T1.area_code FROM `AREA_CODE_STATE` AS T1 JOIN `VOTES` AS T2 ON T1.state = T2.state JOIN `VOTES` AS T3 ON T1.state = T3.state AND T3.contestant_number = (SELECT contestant_number FROM `CONTESTANTS` WHERE `contestant_name` = 'Tabatha Gehling') AND T2.contestant_number = (SELECT contestant_number FROM `CONTESTANTS` WHERE `contestant_name` = 'Kelly Clauss'),SELECT T1.area_code FROM `AREA_CODE_STATE` AS T1 JOIN `VOTES` AS T2 ON T1.state = T2.state JOIN `VOTES` AS T3 ON T1.state = T3.state AND T3.contestant_number = (SELECT contestant_number FROM `CONTESTANTS` WHERE `contestant_name` = 'Tabatha Gehling') AND T2.contestant_number = (SELECT contestant_number FROM `CONTESTANTS` WHERE `contestant_name` = 'Kelly Clauss'),1.0,Resultados idênticos (ordered=False).
701,voter_1,Return the names of the contestants whose names contain the substring 'Al' .,"select contestant_name from contestants where contestant_name like ""%al%""",SELECT T1.contestant_name FROM CONTESTANTS AS T1 JOIN VOTES AS T2 ON T1.contestant_number = T2.contestant_number WHERE T1.contestant_name LIKE '%Al%',SELECT T1.contestant_name FROM CONTESTANTS AS T1 JOIN VOTES AS T2 ON T1.contestant_number = T2.contestant_number WHERE T1.contestant_name LIKE '%Al%',0.0,"Resultados divergentes (ordered=False). gold=4 linhas, pred=1 linhas."
702,world_1,What are the names of all the countries that became independent after 1950?,SELECT Name FROM country WHERE IndepYear  >  1950,SELECT Name FROM country WHERE IndepYear < 1950,SELECT Name FROM country WHERE IndepYear < 1950,0.0,"Resultados divergentes (ordered=False). gold=110 linhas, pred=82 linhas."
703,world_1,Give the names of the nations that were founded after 1950.,SELECT Name FROM country WHERE IndepYear  >  1950,SELECT Name FROM country WHERE IndepYear < 1950,SELECT Name FROM country WHERE IndepYear < 1950,0.0,"Resultados divergentes (ordered=False). gold=110 linhas, pred=82 linhas."
704,world_1,How many countries have a republic as their form of government?,"SELECT count(*) FROM country WHERE GovernmentForm  =  ""Republic""",SELECT COUNT(*) FROM country WHERE GovernmentForm = 'Republic',SELECT COUNT(*) FROM country WHERE GovernmentForm = 'Republic',1.0,Resultados idênticos (ordered=False).
705,world_1,How many countries have governments that are republics?,"SELECT count(*) FROM country WHERE GovernmentForm  =  ""Republic""",SELECT COUNT(DISTINCT T1.Code) AS NumCountries FROM country AS T1 JOIN countrygovernmentform AS T2 ON T1.Code = T2.CountryCode WHERE T2.GovernmentForm = 'Republic',SELECT COUNT(DISTINCT T1.Code) AS NumCountries FROM country AS T1 JOIN countrygovernmentform AS T2 ON T1.Code = T2.CountryCode WHERE T2.GovernmentForm = 'Republic',0.0,Falha ao executar a consulta gerada: no such table: countrygovernmentform
706,world_1,What is the total surface area of the countries in the Caribbean region?,"SELECT sum(SurfaceArea) FROM country WHERE Region  =  ""Caribbean""","SELECT SUM(country.SurfaceArea) AS Total_Surface_Area 
FROM country 
JOIN countrylanguage ON country.Code = countrylanguage.CountryCode 
WHERE country.Region = 'Caribbean'","SELECT SUM(country.SurfaceArea) AS Total_Surface_Area 
FROM country 
JOIN countrylanguage ON country.Code = countrylanguage.CountryCode 
WHERE country.Region = 'Caribbean'",0.0,"Resultados divergentes (ordered=False). gold=1 linhas, pred=1 linhas."
707,world_1,How much surface area do the countires in the Carribean cover together?,"SELECT sum(SurfaceArea) FROM country WHERE Region  =  ""Caribbean""",SELECT SUM(country.SurfaceArea) AS Total_Surface_Area FROM country JOIN countrylanguage ON country.Code = countrylanguage.CountryCode WHERE country.Region = 'Caribbean',SELECT SUM(country.SurfaceArea) AS Total_Surface_Area FROM country JOIN countrylanguage ON country.Code = countrylanguage.CountryCode WHERE country.Region = 'Caribbean',0.0,"Resultados divergentes (ordered=False). gold=1 linhas, pred=1 linhas."
708,world_1,Which continent is Anguilla in?,"SELECT Continent FROM country WHERE Name  =  ""Anguilla""",SELECT DISTINCT T1.Continent FROM country AS T1 JOIN city AS T2 ON T1.Code = T2.CountryCode WHERE T2.Name = 'Anguilla',SELECT DISTINCT T1.Continent FROM country AS T1 JOIN city AS T2 ON T1.Code = T2.CountryCode WHERE T2.Name = 'Anguilla',0.0,"Resultados divergentes (ordered=False). gold=1 linhas, pred=0 linhas."
709,world_1,What is the continent name which Anguilla belongs to?,"SELECT Continent FROM country WHERE Name  =  ""Anguilla""",SELECT T1.Continent FROM country AS T1 JOIN city AS T2 ON T1.Code = T2.CountryCode WHERE T2.Name = 'Anguilla',SELECT T1.Continent FROM country AS T1 JOIN city AS T2 ON T1.Code = T2.CountryCode WHERE T2.Name = 'Anguilla',0.0,"Resultados divergentes (ordered=False). gold=1 linhas, pred=0 linhas."
710,world_1,Which region is the city Kabul located in?,"SELECT Region FROM country AS T1 JOIN city AS T2 ON T1.Code  =  T2.CountryCode WHERE T2.Name  =  ""Kabul""",SELECT T2.Region FROM city AS T1 JOIN country AS T2 ON T1.CountryCode = T2.Code WHERE T1.Name = 'Kabul',SELECT T2.Region FROM city AS T1 JOIN country AS T2 ON T1.CountryCode = T2.Code WHERE T1.Name = 'Kabul',1.0,Resultados idênticos (ordered=False).
711,world_1,What region is Kabul in?,"SELECT Region FROM country AS T1 JOIN city AS T2 ON T1.Code  =  T2.CountryCode WHERE T2.Name  =  ""Kabul""",SELECT DISTINCT Region FROM country WHERE Name = 'Kabul',SELECT DISTINCT Region FROM country WHERE Name = 'Kabul',0.0,"Resultados divergentes (ordered=False). gold=1 linhas, pred=0 linhas."
712,world_1,Which language is the most popular in Aruba?,"SELECT T2.Language FROM country AS T1 JOIN countrylanguage AS T2 ON T1.Code  =  T2.CountryCode WHERE T1.Name  =  ""Aruba"" ORDER BY Percentage DESC LIMIT 1",SELECT L.Language FROM country AS C JOIN countrylanguage AS L ON C.Code = L.CountryCode WHERE C.Name = 'Aruba' ORDER BY L.Percentage DESC LIMIT 1;,SELECT L.Language FROM country AS C JOIN countrylanguage AS L ON C.Code = L.CountryCode WHERE C.Name = 'Aruba' ORDER BY L.Percentage DESC LIMIT 1,1.0,Resultados idênticos (ordered=True).
713,world_1,What language is predominantly spoken in Aruba?,"SELECT T2.Language FROM country AS T1 JOIN countrylanguage AS T2 ON T1.Code  =  T2.CountryCode WHERE T1.Name  =  ""Aruba"" ORDER BY Percentage DESC LIMIT 1",SELECT T2.Language FROM country AS T1 JOIN countrylanguage AS T2 ON T1.Code = T2.CountryCode WHERE T1.Name = 'Aruba' AND T2.IsOfficial = 'T' ORDER BY T2.Percentage DESC LIMIT 1;,SELECT T2.Language FROM country AS T1 JOIN countrylanguage AS T2 ON T1.Code = T2.CountryCode WHERE T1.Name = 'Aruba' AND T2.IsOfficial = 'T' ORDER BY T2.Percentage DESC LIMIT 1,0.0,"Resultados divergentes (ordered=True). gold=1 linhas, pred=1 linhas."
714,world_1,What are the population and life expectancies in Brazil?,"SELECT Population ,  LifeExpectancy FROM country WHERE Name  =  ""Brazil""","SELECT T1.Population, T1.LifeExpectancy FROM country AS T1 JOIN countrylanguage AS T2 ON T1.Code = T2.CountryCode WHERE T1.Name = 'Brazil'","SELECT T1.Population, T1.LifeExpectancy FROM country AS T1 JOIN countrylanguage AS T2 ON T1.Code = T2.CountryCode WHERE T1.Name = 'Brazil'",0.0,"Resultados divergentes (ordered=False). gold=1 linhas, pred=5 linhas."
715,world_1,Give me Brazil’s population and life expectancies.,"SELECT Population ,  LifeExpectancy FROM country WHERE Name  =  ""Brazil""","SELECT T1.Population, T1.LifeExpectancy FROM country AS T1 JOIN countrylanguage AS T2 ON T1.Code = T2.CountryCode WHERE T1.Name = 'Brazil'","SELECT T1.Population, T1.LifeExpectancy FROM country AS T1 JOIN countrylanguage AS T2 ON T1.Code = T2.CountryCode WHERE T1.Name = 'Brazil'",0.0,"Resultados divergentes (ordered=False). gold=1 linhas, pred=5 linhas."
716,world_1,What are the region and population of Angola?,"SELECT Population ,  Region FROM country WHERE Name  =  ""Angola""","SELECT T2.Region, T2.Population FROM country AS T2 JOIN countrylanguage AS T1 ON T2.Code = T1.CountryCode WHERE T2.Name = 'Angola'","SELECT T2.Region, T2.Population FROM country AS T2 JOIN countrylanguage AS T1 ON T2.Code = T1.CountryCode WHERE T2.Name = 'Angola'",0.0,"Resultados divergentes (ordered=False). gold=1 linhas, pred=9 linhas."
717,world_1,What region does Angola belong to and what is its population?,"SELECT Population ,  Region FROM country WHERE Name  =  ""Angola""","SELECT T2.Region, T1.Population FROM country AS T1 JOIN countrylanguage AS T3 ON T1.Code = T3.CountryCode JOIN city AS T4 ON T4.CountryCode = T1.Code WHERE T1.Name = 'Angola'","SELECT T2.Region, T1.Population FROM country AS T1 JOIN countrylanguage AS T3 ON T1.Code = T3.CountryCode JOIN city AS T4 ON T4.CountryCode = T1.Code WHERE T1.Name = 'Angola'",0.0,Falha ao executar a consulta gerada: no such column: T2.Region
718,world_1,What is the average expected life expectancy for countries in the region of Central Africa?,"SELECT avg(LifeExpectancy) FROM country WHERE Region  =  ""Central Africa""",SELECT AVG(LifeExpectancy) FROM country WHERE Region = 'Central Africa',SELECT AVG(LifeExpectancy) FROM country WHERE Region = 'Central Africa',1.0,Resultados idênticos (ordered=False).
719,world_1,How long is the people’s average life expectancy in Central Africa?,"SELECT avg(LifeExpectancy) FROM country WHERE Region  =  ""Central Africa""",SELECT AVG(LifeExpectancy) FROM country WHERE Region = 'Central Africa',SELECT AVG(LifeExpectancy) FROM country WHERE Region = 'Central Africa',1.0,Resultados idênticos (ordered=False).
720,world_1,What is the name of country that has the shortest life expectancy in Asia?,"SELECT Name FROM country WHERE Continent  =  ""Asia"" ORDER BY LifeExpectancy LIMIT 1",SELECT Name FROM country WHERE Continent = 'Asia' ORDER BY LifeExpectancy ASC LIMIT 1,SELECT Name FROM country WHERE Continent = 'Asia' ORDER BY LifeExpectancy ASC LIMIT 1,1.0,Resultados idênticos (ordered=True).
721,world_1,Give the name of the country in Asia with the lowest life expectancy.,"SELECT Name FROM country WHERE Continent  =  ""Asia"" ORDER BY LifeExpectancy LIMIT 1",SELECT T1.Name FROM country AS T1 JOIN countrylanguage AS T2 ON T1.Code = T2.CountryCode WHERE T1.Continent = 'Asia' ORDER BY T1.LifeExpectancy LIMIT 1,SELECT T1.Name FROM country AS T1 JOIN countrylanguage AS T2 ON T1.Code = T2.CountryCode WHERE T1.Continent = 'Asia' ORDER BY T1.LifeExpectancy LIMIT 1,1.0,Resultados idênticos (ordered=True).
722,world_1,What is the total population and maximum GNP in Asia?,"SELECT sum(Population) ,  max(GNP) FROM country WHERE Continent  =  ""Asia""","SELECT SUM(c.population), MAX(co.GNP) FROM country AS c JOIN countrylanguage AS co ON c.Code = co.CountryCode WHERE c.Continent = 'Asia'","SELECT SUM(c.population), MAX(co.GNP) FROM country AS c JOIN countrylanguage AS co ON c.Code = co.CountryCode WHERE c.Continent = 'Asia'",0.0,Falha ao executar a consulta gerada: no such column: co.GNP
723,world_1,"How many people live in Asia, and what is the largest GNP among them?","SELECT sum(Population) ,  max(GNP) FROM country WHERE Continent  =  ""Asia""","SELECT COUNT(*), MAX(Country.GNP) FROM country AS Country JOIN countrylanguage AS Language ON Country.Code = Language.CountryCode WHERE Country.Continent = 'Asia' GROUP BY Country.Name","SELECT COUNT(*), MAX(Country.GNP) FROM country AS Country JOIN countrylanguage AS Language ON Country.Code = Language.CountryCode WHERE Country.Continent = 'Asia' GROUP BY Country.Name",0.0,"Resultados divergentes (ordered=False). gold=1 linhas, pred=51 linhas."
724,world_1,What is the average life expectancy in African countries that are republics?,"SELECT avg(LifeExpectancy) FROM country WHERE Continent  =  ""Africa"" AND GovernmentForm  =  ""Republic""",SELECT AVG(LifeExpectancy) FROM country WHERE Continent = 'Africa' AND GovernmentForm = 'Republic',SELECT AVG(LifeExpectancy) FROM country WHERE Continent = 'Africa' AND GovernmentForm = 'Republic',1.0,Resultados idênticos (ordered=False).
725,world_1,Give the average life expectancy for countries in Africa which are republics?,"SELECT avg(LifeExpectancy) FROM country WHERE Continent  =  ""Africa"" AND GovernmentForm  =  ""Republic""",SELECT AVG(LifeExpectancy) FROM country WHERE Continent = 'Africa' AND GovernmentForm = 'Republic',SELECT AVG(LifeExpectancy) FROM country WHERE Continent = 'Africa' AND GovernmentForm = 'Republic',1.0,Resultados idênticos (ordered=False).
726,world_1,What is the total surface area of the continents Asia and Europe?,"SELECT sum(SurfaceArea) FROM country WHERE Continent  =  ""Asia"" OR Continent  =  ""Europe""","SELECT SUM(country.SurfaceArea) AS Total_Surface_Area 
FROM country 
WHERE country.Continent IN ('Asia', 'Europe')","SELECT SUM(country.SurfaceArea) AS Total_Surface_Area 
FROM country 
WHERE country.Continent IN ('Asia', 'Europe')",1.0,Resultados idênticos (ordered=False).
727,world_1,Give the total surface area covered by countries in Asia or Europe.,"SELECT sum(SurfaceArea) FROM country WHERE Continent  =  ""Asia"" OR Continent  =  ""Europe""","SELECT SUM(country.SurfaceArea) AS Total_Surface_Area 
FROM country 
WHERE country.Continent IN ('Asia', 'Europe')","SELECT SUM(country.SurfaceArea) AS Total_Surface_Area 
FROM country 
WHERE country.Continent IN ('Asia', 'Europe')",1.0,Resultados idênticos (ordered=False).
728,world_1,How many people live in Gelderland district?,"SELECT sum(Population) FROM city WHERE District  =  ""Gelderland""",SELECT COUNT(T1.Population) FROM city AS T1 JOIN country AS T2 ON T1.CountryCode = T2.Code WHERE T1.District = 'Gelderland' AND T1.Population > 0,SELECT COUNT(T1.Population) FROM city AS T1 JOIN country AS T2 ON T1.CountryCode = T2.Code WHERE T1.District = 'Gelderland' AND T1.Population > 0,0.0,"Resultados divergentes (ordered=False). gold=1 linhas, pred=1 linhas."
729,world_1,What is the total population of Gelderland district?,"SELECT sum(Population) FROM city WHERE District  =  ""Gelderland""",SELECT SUM(T2.Population) AS Total_Population FROM city AS T1 JOIN country AS T2 ON T1.CountryCode = T2.Code WHERE T1.District = 'Gelderland',SELECT SUM(T2.Population) AS Total_Population FROM city AS T1 JOIN country AS T2 ON T1.CountryCode = T2.Code WHERE T1.District = 'Gelderland',0.0,"Resultados divergentes (ordered=False). gold=1 linhas, pred=1 linhas."
730,world_1,What is the average GNP and total population in all nations whose government is US territory?,"SELECT avg(GNP) ,  sum(population) FROM country WHERE GovernmentForm  =  ""US Territory""","SELECT AVG(Country.GNP), SUM(Country.Population) FROM country AS Country WHERE Country.GovernmentForm = 'US territory'","SELECT AVG(Country.GNP), SUM(Country.Population) FROM country AS Country WHERE Country.GovernmentForm = 'US territory'",0.0,"Resultados divergentes (ordered=False). gold=1 linhas, pred=1 linhas."
731,world_1,Give the mean GNP and total population of nations which are considered US territory.,"SELECT avg(GNP) ,  sum(population) FROM country WHERE GovernmentForm  =  ""US Territory""","SELECT AVG(Country.GNP), SUM(Country.Population) FROM country AS Country WHERE Country.Region = 'US territory'","SELECT AVG(Country.GNP), SUM(Country.Population) FROM country AS Country WHERE Country.Region = 'US territory'",0.0,"Resultados divergentes (ordered=False). gold=1 linhas, pred=1 linhas."
732,world_1,How many unique languages are spoken in the world?,SELECT count(DISTINCT LANGUAGE) FROM countrylanguage,SELECT COUNT(DISTINCT Language) FROM countrylanguage,SELECT COUNT(DISTINCT Language) FROM countrylanguage,1.0,Resultados idênticos (ordered=False).
733,world_1,What is the number of distinct languages used around the world?,SELECT count(DISTINCT LANGUAGE) FROM countrylanguage,SELECT COUNT(DISTINCT Language) FROM countrylanguage,SELECT COUNT(DISTINCT Language) FROM countrylanguage,1.0,Resultados idênticos (ordered=False).
734,world_1,How many type of governments are in Africa?,"SELECT count(DISTINCT GovernmentForm) FROM country WHERE Continent  =  ""Africa""",SELECT COUNT(DISTINCT GovernmentForm) FROM country WHERE Continent = 'Africa',SELECT COUNT(DISTINCT GovernmentForm) FROM country WHERE Continent = 'Africa',1.0,Resultados idênticos (ordered=False).
735,world_1,How many different forms of governments are there in Africa?,"SELECT count(DISTINCT GovernmentForm) FROM country WHERE Continent  =  ""Africa""",SELECT COUNT(DISTINCT GovernmentForm) FROM country WHERE Continent = 'Africa',SELECT COUNT(DISTINCT GovernmentForm) FROM country WHERE Continent = 'Africa',1.0,Resultados idênticos (ordered=False).
736,world_1,What is the total number of languages used in Aruba?,"SELECT COUNT(T2.Language) FROM country AS T1 JOIN countrylanguage AS T2 ON T1.Code  =  T2.CountryCode WHERE T1.Name  =  ""Aruba""",SELECT COUNT(DISTINCT Language) FROM countrylanguage WHERE CountryCode = 'AWB',SELECT COUNT(DISTINCT Language) FROM countrylanguage WHERE CountryCode = 'AWB',0.0,"Resultados divergentes (ordered=False). gold=1 linhas, pred=1 linhas."
737,world_1,How many languages are spoken in Aruba?,"SELECT COUNT(T2.Language) FROM country AS T1 JOIN countrylanguage AS T2 ON T1.Code  =  T2.CountryCode WHERE T1.Name  =  ""Aruba""",SELECT COUNT(DISTINCT Language) AS NumberOfLanguages FROM countrylanguage JOIN country ON countrycode = Code WHERE CountryCode = 'AW' AND IsOfficial = 'T',SELECT COUNT(DISTINCT Language) AS NumberOfLanguages FROM countrylanguage JOIN country ON countrycode = Code WHERE CountryCode = 'AW' AND IsOfficial = 'T',0.0,"Resultados divergentes (ordered=False). gold=1 linhas, pred=1 linhas."
738,world_1,How many official languages does Afghanistan have?,"SELECT COUNT(*) FROM country AS T1 JOIN countrylanguage AS T2 ON T1.Code  =  T2.CountryCode WHERE T1.Name  =  ""Afghanistan"" AND IsOfficial  =  ""T""",SELECT COUNT(DISTINCT Language) FROM countrylanguage WHERE CountryCode = 'AFG' AND IsOfficial = 'T',SELECT COUNT(DISTINCT Language) FROM countrylanguage WHERE CountryCode = 'AFG' AND IsOfficial = 'T',1.0,Resultados idênticos (ordered=False).
739,world_1,How many official languages are spoken in Afghanistan?,"SELECT COUNT(*) FROM country AS T1 JOIN countrylanguage AS T2 ON T1.Code  =  T2.CountryCode WHERE T1.Name  =  ""Afghanistan"" AND IsOfficial  =  ""T""",SELECT COUNT(DISTINCT Language) FROM countrylanguage WHERE CountryCode = 'AFG' AND IsOfficial = 'T',SELECT COUNT(DISTINCT Language) FROM countrylanguage WHERE CountryCode = 'AFG' AND IsOfficial = 'T',1.0,Resultados idênticos (ordered=False).
740,world_1,What is name of the country that speaks the largest number of languages?,SELECT T1.Name FROM country AS T1 JOIN countrylanguage AS T2 ON T1.Code  =  T2.CountryCode GROUP BY T1.Name ORDER BY COUNT(*) DESC LIMIT 1,SELECT T1.Name FROM country AS T1 JOIN countrylanguage AS T2 ON T1.Code = T2.CountryCode GROUP BY T1.Name ORDER BY COUNT(T2.Language) DESC LIMIT 1,SELECT T1.Name FROM country AS T1 JOIN countrylanguage AS T2 ON T1.Code = T2.CountryCode GROUP BY T1.Name ORDER BY COUNT(T2.Language) DESC LIMIT 1,1.0,Resultados idênticos (ordered=True).
741,world_1,Give the name of the nation that uses the greatest amount of languages.,SELECT T1.Name FROM country AS T1 JOIN countrylanguage AS T2 ON T1.Code  =  T2.CountryCode GROUP BY T1.Name ORDER BY COUNT(*) DESC LIMIT 1,SELECT T1.Name FROM country AS T1 JOIN countrylanguage AS T2 ON T1.Code = T2.CountryCode GROUP BY T2.CountryCode ORDER BY COUNT(T2.Language) DESC LIMIT 1,SELECT T1.Name FROM country AS T1 JOIN countrylanguage AS T2 ON T1.Code = T2.CountryCode GROUP BY T2.CountryCode ORDER BY COUNT(T2.Language) DESC LIMIT 1,0.0,"Resultados divergentes (ordered=True). gold=1 linhas, pred=1 linhas."
742,world_1,Which continent has the most diverse languages?,SELECT T1.Continent FROM country AS T1 JOIN countrylanguage AS T2 ON T1.Code  =  T2.CountryCode GROUP BY T1.Continent ORDER BY COUNT(*) DESC LIMIT 1,SELECT C.Continent FROM country AS C JOIN countrylanguage AS CL ON C.Code = CL.CountryCode GROUP BY C.Continent ORDER BY COUNT(DISTINCT CL.Language) DESC LIMIT 1,SELECT C.Continent FROM country AS C JOIN countrylanguage AS CL ON C.Code = CL.CountryCode GROUP BY C.Continent ORDER BY COUNT(DISTINCT CL.Language) DESC LIMIT 1,1.0,Resultados idênticos (ordered=True).
743,world_1,Which continent speaks the most languages?,SELECT T1.Continent FROM country AS T1 JOIN countrylanguage AS T2 ON T1.Code  =  T2.CountryCode GROUP BY T1.Continent ORDER BY COUNT(*) DESC LIMIT 1,"SELECT T2.Continent, COUNT(DISTINCT T1.Language) AS LanguageCount 
FROM countrylanguage AS T1 
JOIN country AS T2 ON T1.CountryCode = T2.Code 
GROUP BY T2.Continent 
ORDER BY LanguageCount DESC LIMIT 1;","SELECT T2.Continent, COUNT(DISTINCT T1.Language) AS LanguageCount 
FROM countrylanguage AS T1 
JOIN country AS T2 ON T1.CountryCode = T2.Code 
GROUP BY T2.Continent 
ORDER BY LanguageCount DESC LIMIT 1",0.0,"Resultados divergentes (ordered=True). gold=1 linhas, pred=1 linhas."
744,world_1,How many countries speak both English and Dutch?,"SELECT COUNT(*) FROM (SELECT T1.Name FROM country AS T1 JOIN countrylanguage AS T2 ON T1.Code  =  T2.CountryCode WHERE T2.Language  =  ""English"" INTERSECT SELECT T1.Name FROM country AS T1 JOIN countrylanguage AS T2 ON T1.Code  =  T2.CountryCode WHERE T2.Language  =  ""Dutch"")",SELECT COUNT(DISTINCT T1.Code) FROM country AS T1 JOIN countrylanguage AS T2 ON T1.Code = T2.CountryCode WHERE T2.Language = 'English' AND T2.IsOfficial = 'T' AND T2.Percentage IS NOT NULL AND T2.Language = 'Dutch' AND T2.IsOfficial = 'T',SELECT COUNT(DISTINCT T1.Code) FROM country AS T1 JOIN countrylanguage AS T2 ON T1.Code = T2.CountryCode WHERE T2.Language = 'English' AND T2.IsOfficial = 'T' AND T2.Percentage IS NOT NULL AND T2.Language = 'Dutch' AND T2.IsOfficial = 'T',0.0,"Resultados divergentes (ordered=False). gold=1 linhas, pred=1 linhas."
745,world_1,What is the number of nations that use English and Dutch?,"SELECT COUNT(*) FROM (SELECT T1.Name FROM country AS T1 JOIN countrylanguage AS T2 ON T1.Code  =  T2.CountryCode WHERE T2.Language  =  ""English"" INTERSECT SELECT T1.Name FROM country AS T1 JOIN countrylanguage AS T2 ON T1.Code  =  T2.CountryCode WHERE T2.Language  =  ""Dutch"")",SELECT COUNT(DISTINCT T1.Code) FROM country AS T1 JOIN countrylanguage AS T2 ON T1.Code = T2.CountryCode WHERE T2.Language = 'English' OR T2.Language = 'Dutch' AND T2.IsOfficial = 'T',SELECT COUNT(DISTINCT T1.Code) FROM country AS T1 JOIN countrylanguage AS T2 ON T1.Code = T2.CountryCode WHERE T2.Language = 'English' OR T2.Language = 'Dutch' AND T2.IsOfficial = 'T',0.0,"Resultados divergentes (ordered=False). gold=1 linhas, pred=1 linhas."
746,world_1,What are the names of nations speak both English and French?,"SELECT T1.Name FROM country AS T1 JOIN countrylanguage AS T2 ON T1.Code  =  T2.CountryCode WHERE T2.Language  =  ""English"" INTERSECT SELECT T1.Name FROM country AS T1 JOIN countrylanguage AS T2 ON T1.Code  =  T2.CountryCode WHERE T2.Language  =  ""French""",SELECT DISTINCT c.Name FROM country AS c JOIN countrylanguage AS cl ON c.Code = cl.CountryCode WHERE cl.Language = 'English' AND cl.IsOfficial = 'T' AND EXISTS (SELECT 1 FROM countrylanguage AS cl2 WHERE cl2.CountryCode = c.Code AND cl2.Language = 'French' AND cl2.IsOfficial = 'T'),SELECT DISTINCT c.Name FROM country AS c JOIN countrylanguage AS cl ON c.Code = cl.CountryCode WHERE cl.Language = 'English' AND cl.IsOfficial = 'T' AND EXISTS (SELECT 1 FROM countrylanguage AS cl2 WHERE cl2.CountryCode = c.Code AND cl2.Language = 'French' AND cl2.IsOfficial = 'T'),0.0,"Resultados divergentes (ordered=False). gold=6 linhas, pred=3 linhas."
747,world_1,Give the names of nations that speak both English and French.,"SELECT T1.Name FROM country AS T1 JOIN countrylanguage AS T2 ON T1.Code  =  T2.CountryCode WHERE T2.Language  =  ""English"" INTERSECT SELECT T1.Name FROM country AS T1 JOIN countrylanguage AS T2 ON T1.Code  =  T2.CountryCode WHERE T2.Language  =  ""French""",SELECT DISTINCT c.Name FROM country AS c JOIN countrylanguage AS cl ON c.Code = cl.CountryCode WHERE cl.Language = 'English' AND cl.IsOfficial = 'T' AND EXISTS (SELECT 1 FROM countrylanguage AS cl2 WHERE cl2.CountryCode = c.Code AND cl2.Language = 'French' AND cl2.IsOfficial = 'T'),SELECT DISTINCT c.Name FROM country AS c JOIN countrylanguage AS cl ON c.Code = cl.CountryCode WHERE cl.Language = 'English' AND cl.IsOfficial = 'T' AND EXISTS (SELECT 1 FROM countrylanguage AS cl2 WHERE cl2.CountryCode = c.Code AND cl2.Language = 'French' AND cl2.IsOfficial = 'T'),0.0,"Resultados divergentes (ordered=False). gold=6 linhas, pred=3 linhas."
748,world_1,What are the names of nations where both English and French are official languages?,"SELECT T1.Name FROM country AS T1 JOIN countrylanguage AS T2 ON T1.Code  =  T2.CountryCode WHERE T2.Language  =  ""English"" AND T2.IsOfficial  =  ""T"" INTERSECT SELECT T1.Name FROM country AS T1 JOIN countrylanguage AS T2 ON T1.Code  =  T2.CountryCode WHERE T2.Language  =  ""French"" AND T2.IsOfficial  =  ""T""",SELECT DISTINCT c.Name FROM country AS c JOIN countrylanguage AS cl ON c.Code = cl.CountryCode WHERE cl.Language = 'English' AND cl.IsOfficial = 'T' AND cl.CountryCode IN (SELECT CountryCode FROM countrylanguage AS cl2 WHERE Language = 'French' AND IsOfficial = 'T'),SELECT DISTINCT c.Name FROM country AS c JOIN countrylanguage AS cl ON c.Code = cl.CountryCode WHERE cl.Language = 'English' AND cl.IsOfficial = 'T' AND cl.CountryCode IN (SELECT CountryCode FROM countrylanguage AS cl2 WHERE Language = 'French' AND IsOfficial = 'T'),1.0,Resultados idênticos (ordered=False).
749,world_1,Give the names of countries with English and French as official languages.,"SELECT T1.Name FROM country AS T1 JOIN countrylanguage AS T2 ON T1.Code  =  T2.CountryCode WHERE T2.Language  =  ""English"" AND T2.IsOfficial  =  ""T"" INTERSECT SELECT T1.Name FROM country AS T1 JOIN countrylanguage AS T2 ON T1.Code  =  T2.CountryCode WHERE T2.Language  =  ""French"" AND T2.IsOfficial  =  ""T""","SELECT c.Name FROM country AS c JOIN countrylanguage AS cl ON c.Code = cl.CountryCode WHERE cl.Language IN ('English', 'French') AND cl.IsOfficial = 'T'","SELECT c.Name FROM country AS c JOIN countrylanguage AS cl ON c.Code = cl.CountryCode WHERE cl.Language IN ('English', 'French') AND cl.IsOfficial = 'T'",0.0,"Resultados divergentes (ordered=False). gold=3 linhas, pred=62 linhas."
750,world_1,What is the number of distinct continents where Chinese is spoken?,"SELECT COUNT( DISTINCT Continent) FROM country AS T1 JOIN countrylanguage AS T2 ON T1.Code  =  T2.CountryCode WHERE T2.Language  =  ""Chinese""",SELECT COUNT(DISTINCT T1.Continent) FROM country AS T1 JOIN countrylanguage AS T2 ON T1.Code = T2.CountryCode WHERE T2.Language = 'Chinese' AND T2.IsOfficial = 'T',SELECT COUNT(DISTINCT T1.Continent) FROM country AS T1 JOIN countrylanguage AS T2 ON T1.Code = T2.CountryCode WHERE T2.Language = 'Chinese' AND T2.IsOfficial = 'T',0.0,"Resultados divergentes (ordered=False). gold=1 linhas, pred=1 linhas."
751,world_1,How many continents speak Chinese?,"SELECT COUNT( DISTINCT Continent) FROM country AS T1 JOIN countrylanguage AS T2 ON T1.Code  =  T2.CountryCode WHERE T2.Language  =  ""Chinese""",SELECT COUNT(DISTINCT T1.Continent) FROM country AS T1 JOIN countrylanguage AS T2 ON T1.Code = T2.CountryCode WHERE T2.Language = 'Chinese' AND T2.IsOfficial = 'T',SELECT COUNT(DISTINCT T1.Continent) FROM country AS T1 JOIN countrylanguage AS T2 ON T1.Code = T2.CountryCode WHERE T2.Language = 'Chinese' AND T2.IsOfficial = 'T',0.0,"Resultados divergentes (ordered=False). gold=1 linhas, pred=1 linhas."
752,world_1,What are the regions that use English or Dutch?,"SELECT DISTINCT T1.Region FROM country AS T1 JOIN countrylanguage AS T2 ON T1.Code  =  T2.CountryCode WHERE T2.Language  =  ""English"" OR T2.Language  =  ""Dutch""","SELECT DISTINCT T1.Region FROM country AS T1 JOIN countrylanguage AS T2 ON T1.Code = T2.CountryCode WHERE T2.Language IN ('English', 'Dutch') AND T2.IsOfficial = 'T'","SELECT DISTINCT T1.Region FROM country AS T1 JOIN countrylanguage AS T2 ON T1.Code = T2.CountryCode WHERE T2.Language IN ('English', 'Dutch') AND T2.IsOfficial = 'T'",0.0,"Resultados divergentes (ordered=False). gold=20 linhas, pred=16 linhas."
753,world_1,Which regions speak Dutch or English?,"SELECT DISTINCT T1.Region FROM country AS T1 JOIN countrylanguage AS T2 ON T1.Code  =  T2.CountryCode WHERE T2.Language  =  ""English"" OR T2.Language  =  ""Dutch""","SELECT DISTINCT T1.Region FROM country AS T1 JOIN countrylanguage AS T2 ON T1.Code = T2.CountryCode WHERE T2.Language IN ('Dutch', 'English') AND T2.IsOfficial = 'T'","SELECT DISTINCT T1.Region FROM country AS T1 JOIN countrylanguage AS T2 ON T1.Code = T2.CountryCode WHERE T2.Language IN ('Dutch', 'English') AND T2.IsOfficial = 'T'",0.0,"Resultados divergentes (ordered=False). gold=20 linhas, pred=16 linhas."
754,world_1,What are the countries where either English or Dutch is the official language ?,"select t1.name from country as t1 join countrylanguage as t2 on t1.code  =  t2.countrycode where t2.language  =  ""english"" and isofficial  =  ""t"" union select t1.name from country as t1 join countrylanguage as t2 on t1.code  =  t2.countrycode where t2.language  =  ""dutch"" and isofficial  =  ""t""","SELECT DISTINCT c.Name FROM country AS c JOIN countrylanguage AS cl ON c.Code = cl.CountryCode WHERE cl.Language IN ('English', 'Dutch') AND cl.IsOfficial = 'T'","SELECT DISTINCT c.Name FROM country AS c JOIN countrylanguage AS cl ON c.Code = cl.CountryCode WHERE cl.Language IN ('English', 'Dutch') AND cl.IsOfficial = 'T'",0.0,"Resultados divergentes (ordered=False). gold=0 linhas, pred=48 linhas."
755,world_1,Which countries have either English or Dutch as an official language?,"SELECT * FROM country AS T1 JOIN countrylanguage AS T2 ON T1.Code  =  T2.CountryCode WHERE T2.Language  =  ""English"" AND IsOfficial  =  ""T"" UNION SELECT * FROM country AS T1 JOIN countrylanguage AS T2 ON T1.Code  =  T2.CountryCode WHERE T2.Language  =  ""Dutch"" AND IsOfficial  =  ""T""","SELECT DISTINCT c.Name FROM country AS c JOIN countrylanguage AS cl ON c.Code = cl.CountryCode WHERE cl.Language IN ('English', 'Dutch') AND cl.IsOfficial = 'T'","SELECT DISTINCT c.Name FROM country AS c JOIN countrylanguage AS cl ON c.Code = cl.CountryCode WHERE cl.Language IN ('English', 'Dutch') AND cl.IsOfficial = 'T'",0.0,"Resultados divergentes (ordered=False). gold=48 linhas, pred=48 linhas."
756,world_1,Which language is the most popular on the Asian continent?,"SELECT T2.Language FROM country AS T1 JOIN countrylanguage AS T2 ON T1.Code  =  T2.CountryCode WHERE T1.Continent  =  ""Asia"" GROUP BY T2.Language ORDER BY COUNT (*) DESC LIMIT 1",SELECT L.Language FROM countrylanguage AS L JOIN country AS C ON L.CountryCode = C.Code WHERE C.Continent = 'Asia' ORDER BY L.Percentage DESC LIMIT 1,SELECT L.Language FROM countrylanguage AS L JOIN country AS C ON L.CountryCode = C.Code WHERE C.Continent = 'Asia' ORDER BY L.Percentage DESC LIMIT 1,0.0,"Resultados divergentes (ordered=True). gold=1 linhas, pred=1 linhas."
757,world_1,What is the language that is used by the largest number of Asian nations?,"SELECT T2.Language FROM country AS T1 JOIN countrylanguage AS T2 ON T1.Code  =  T2.CountryCode WHERE T1.Continent  =  ""Asia"" GROUP BY T2.Language ORDER BY COUNT (*) DESC LIMIT 1",SELECT T2.Language FROM country AS T1 JOIN countrylanguage AS T2 ON T1.Code = T2.CountryCode WHERE T1.Continent = 'Asia' GROUP BY T2.Language ORDER BY COUNT(*) DESC LIMIT 1,SELECT T2.Language FROM country AS T1 JOIN countrylanguage AS T2 ON T1.Code = T2.CountryCode WHERE T1.Continent = 'Asia' GROUP BY T2.Language ORDER BY COUNT(*) DESC LIMIT 1,1.0,Resultados idênticos (ordered=True).
758,world_1,Which languages are spoken by only one country in republic governments?,"SELECT T2.Language FROM country AS T1 JOIN countrylanguage AS T2 ON T1.Code  =  T2.CountryCode WHERE T1.GovernmentForm  =  ""Republic"" GROUP BY T2.Language HAVING COUNT(*)  =  1",SELECT Language FROM countrylanguage WHERE IsOfficial = 'F' GROUP BY Language HAVING COUNT(CountryCode) = 1 AND GovernmentForm = 'Republic',SELECT Language FROM countrylanguage WHERE IsOfficial = 'F' GROUP BY Language HAVING COUNT(CountryCode) = 1 AND GovernmentForm = 'Republic',0.0,Falha ao executar a consulta gerada: no such column: GovernmentForm
759,world_1,What languages are only used by a single country with a republic government?,"SELECT T2.Language FROM country AS T1 JOIN countrylanguage AS T2 ON T1.Code  =  T2.CountryCode WHERE T1.GovernmentForm  =  ""Republic"" GROUP BY T2.Language HAVING COUNT(*)  =  1",SELECT DISTINCT T2.Language FROM countrylanguage AS T2 JOIN country AS T1 ON T1.Code = T2.CountryCode WHERE T1.GovernmentForm = 'Republic' AND T2.IsOfficial = 'F' GROUP BY T2.Language HAVING COUNT(T2.CountryCode) = 1,SELECT DISTINCT T2.Language FROM countrylanguage AS T2 JOIN country AS T1 ON T1.Code = T2.CountryCode WHERE T1.GovernmentForm = 'Republic' AND T2.IsOfficial = 'F' GROUP BY T2.Language HAVING COUNT(T2.CountryCode) = 1,0.0,"Resultados divergentes (ordered=False). gold=258 linhas, pred=242 linhas."
760,world_1,Find the city with the largest population that uses English.,"SELECT T1.Name ,  T1.Population FROM city AS T1 JOIN countrylanguage AS T2 ON T1.CountryCode  =  T2.CountryCode WHERE T2.Language  =  ""English"" ORDER BY T1.Population DESC LIMIT 1",SELECT c.Name FROM city c JOIN country l ON c.CountryCode = l.Code JOIN countrylanguage cl ON l.Code = cl.CountryCode WHERE cl.Language = 'English' AND cl.IsOfficial = 'T' ORDER BY c.Population DESC LIMIT 1,SELECT c.Name FROM city c JOIN country l ON c.CountryCode = l.Code JOIN countrylanguage cl ON l.Code = cl.CountryCode WHERE cl.Language = 'English' AND cl.IsOfficial = 'T' ORDER BY c.Population DESC LIMIT 1,0.0,"Resultados divergentes (ordered=True). gold=1 linhas, pred=1 linhas."
761,world_1,What is the most populace city that speaks English?,"SELECT T1.Name ,  T1.Population FROM city AS T1 JOIN countrylanguage AS T2 ON T1.CountryCode  =  T2.CountryCode WHERE T2.Language  =  ""English"" ORDER BY T1.Population DESC LIMIT 1",SELECT c.Name FROM city c JOIN countrylanguage cl ON c.CountryCode = cl.CountryCode WHERE cl.Language = 'English' ORDER BY c.Population DESC LIMIT 1,SELECT c.Name FROM city c JOIN countrylanguage cl ON c.CountryCode = cl.CountryCode WHERE cl.Language = 'English' ORDER BY c.Population DESC LIMIT 1,0.0,"Resultados divergentes (ordered=True). gold=1 linhas, pred=1 linhas."
762,world_1,"Find the name, population and expected life length of asian country with the largest area?","SELECT Name ,  Population ,  LifeExpectancy FROM country WHERE Continent  =  ""Asia"" ORDER BY SurfaceArea DESC LIMIT 1","SELECT Name, Population, LifeExpectancy FROM country WHERE Continent = 'Asia' ORDER BY SurfaceArea DESC LIMIT 1","SELECT Name, Population, LifeExpectancy FROM country WHERE Continent = 'Asia' ORDER BY SurfaceArea DESC LIMIT 1",1.0,Resultados idênticos (ordered=True).
763,world_1,"What are the name, population, and life expectancy of the largest Asian country by land?","SELECT Name ,  Population ,  LifeExpectancy FROM country WHERE Continent  =  ""Asia"" ORDER BY SurfaceArea DESC LIMIT 1","SELECT Name, Population, LifeExpectancy FROM country WHERE Continent = 'Asia' ORDER BY SurfaceArea DESC LIMIT 1","SELECT Name, Population, LifeExpectancy FROM country WHERE Continent = 'Asia' ORDER BY SurfaceArea DESC LIMIT 1",1.0,Resultados idênticos (ordered=True).
764,world_1,What is average life expectancy in the countries where English is not the official language?,"SELECT avg(LifeExpectancy) FROM country WHERE Name NOT IN (SELECT T1.Name FROM country AS T1 JOIN countrylanguage AS T2 ON T1.Code  =  T2.CountryCode WHERE T2.Language  =  ""English"" AND T2.IsOfficial  =  ""T"")",SELECT AVG(T1.LifeExpectancy) FROM country AS T1 JOIN countrylanguage AS T2 ON T1.Code = T2.CountryCode WHERE T2.Language != 'English',SELECT AVG(T1.LifeExpectancy) FROM country AS T1 JOIN countrylanguage AS T2 ON T1.Code = T2.CountryCode WHERE T2.Language != 'English',0.0,"Resultados divergentes (ordered=False). gold=1 linhas, pred=1 linhas."
765,world_1,Give the mean life expectancy of countries in which English is not the official language.,"SELECT avg(LifeExpectancy) FROM country WHERE Name NOT IN (SELECT T1.Name FROM country AS T1 JOIN countrylanguage AS T2 ON T1.Code  =  T2.CountryCode WHERE T2.Language  =  ""English"" AND T2.IsOfficial  =  ""T"")","SELECT AVG(LifeExpectancy) AS Mean_Life_Expectancy 
FROM country 
WHERE Code NOT IN (SELECT CountryCode FROM countrylanguage WHERE Language = 'English' AND IsOfficial = 'T')","SELECT AVG(LifeExpectancy) AS Mean_Life_Expectancy 
FROM country 
WHERE Code NOT IN (SELECT CountryCode FROM countrylanguage WHERE Language = 'English' AND IsOfficial = 'T')",1.0,Resultados idênticos (ordered=False).
766,world_1,What is the total number of people living in the nations that do not use English?,"SELECT sum(Population) FROM country WHERE Name NOT IN (SELECT T1.Name FROM country AS T1 JOIN countrylanguage AS T2 ON T1.Code  =  T2.CountryCode WHERE T2.Language  =  ""English"")",SELECT SUM(T2.Population) AS Total_People FROM country AS T1 JOIN countrylanguage AS T2 ON T1.Code = T2.CountryCode WHERE T2.Language != 'English',SELECT SUM(T2.Population) AS Total_People FROM country AS T1 JOIN countrylanguage AS T2 ON T1.Code = T2.CountryCode WHERE T2.Language != 'English',0.0,Falha ao executar a consulta gerada: no such column: T2.Population
767,world_1,How many people live in countries that do not speak English?,"SELECT sum(Population) FROM country WHERE Name NOT IN (SELECT T1.Name FROM country AS T1 JOIN countrylanguage AS T2 ON T1.Code  =  T2.CountryCode WHERE T2.Language  =  ""English"")","SELECT COUNT(DISTINCT T1.Code) 
FROM country AS T1 
WHERE T1.Code NOT IN (SELECT T2.CountryCode FROM countrylanguage AS T2 WHERE T2.Language = 'English')","SELECT COUNT(DISTINCT T1.Code) 
FROM country AS T1 
WHERE T1.Code NOT IN (SELECT T2.CountryCode FROM countrylanguage AS T2 WHERE T2.Language = 'English')",0.0,"Resultados divergentes (ordered=False). gold=1 linhas, pred=1 linhas."
768,world_1,What is the official language spoken in the country whose head of state is Beatrix?,"SELECT T2.Language FROM country AS T1 JOIN countrylanguage AS T2 ON T1.Code  =  T2.CountryCode WHERE T1.HeadOfState  =  ""Beatrix"" AND T2.IsOfficial  =  ""T""",SELECT T2.Language FROM country AS T2 JOIN countrylanguage AS T3 ON T2.Code = T3.CountryCode WHERE T2.HeadOfState = 'Beatrix' AND T3.IsOfficial = 'T',SELECT T2.Language FROM country AS T2 JOIN countrylanguage AS T3 ON T2.Code = T3.CountryCode WHERE T2.HeadOfState = 'Beatrix' AND T3.IsOfficial = 'T',0.0,Falha ao executar a consulta gerada: no such column: T2.Language
769,world_1,What is the official language used in the country the name of whose head of state is Beatrix.,"SELECT T2.Language FROM country AS T1 JOIN countrylanguage AS T2 ON T1.Code  =  T2.CountryCode WHERE T1.HeadOfState  =  ""Beatrix"" AND T2.IsOfficial  =  ""T""",SELECT T1.Language FROM countrylanguage AS T1 JOIN country AS T2 ON T1.CountryCode = T2.Code WHERE T2.HeadOfState = 'Beatrix' AND T1.IsOfficial = 'T',SELECT T1.Language FROM countrylanguage AS T1 JOIN country AS T2 ON T1.CountryCode = T2.Code WHERE T2.HeadOfState = 'Beatrix' AND T1.IsOfficial = 'T',1.0,Resultados idênticos (ordered=False).
770,world_1,What is the total number of unique official languages spoken in the countries that are founded before 1930?,"SELECT count(DISTINCT T2.Language) FROM country AS T1 JOIN countrylanguage AS T2 ON T1.Code  =  T2.CountryCode WHERE  IndepYear  <  1930 AND T2.IsOfficial  =  ""T""",SELECT COUNT(DISTINCT T1.Language) FROM country AS T1 JOIN countrylanguage AS T2 ON T1.Code = T2.CountryCode WHERE T1.Continent = 'Asia' AND T1.IndepYear < 1930 AND T2.IsOfficial = 'T',SELECT COUNT(DISTINCT T1.Language) FROM country AS T1 JOIN countrylanguage AS T2 ON T1.Code = T2.CountryCode WHERE T1.Continent = 'Asia' AND T1.IndepYear < 1930 AND T2.IsOfficial = 'T',0.0,Falha ao executar a consulta gerada: no such column: T1.Language
771,world_1,"For the countries founded before 1930, what is the total number of distinct official languages?","SELECT count(DISTINCT T2.Language) FROM country AS T1 JOIN countrylanguage AS T2 ON T1.Code  =  T2.CountryCode WHERE  IndepYear  <  1930 AND T2.IsOfficial  =  ""T""",SELECT COUNT(DISTINCT T1.Language) FROM country AS T1 JOIN countrylanguage AS T2 ON T1.Code = T2.CountryCode WHERE T1.Continent != 'Africa' AND T1.IndepYear < 1930 AND T2.IsOfficial = 'T',SELECT COUNT(DISTINCT T1.Language) FROM country AS T1 JOIN countrylanguage AS T2 ON T1.Code = T2.CountryCode WHERE T1.Continent != 'Africa' AND T1.IndepYear < 1930 AND T2.IsOfficial = 'T',0.0,Falha ao executar a consulta gerada: no such column: T1.Language
772,world_1,What are the countries that have greater surface area than any country in Europe?,"SELECT Name FROM country WHERE SurfaceArea  >  (SELECT min(SurfaceArea) FROM country WHERE Continent  =  ""Europe"")",SELECT C.Name FROM country AS C JOIN countrylanguage AS CL ON C.Code = CL.CountryCode WHERE C.Continent = 'Europe' GROUP BY C.Name HAVING SUM(C.SurfaceArea) > ( SELECT MAX(S.SurfaceArea) FROM country AS S WHERE S.Continent = 'Europe' ),SELECT C.Name FROM country AS C JOIN countrylanguage AS CL ON C.Code = CL.CountryCode WHERE C.Continent = 'Europe' GROUP BY C.Name HAVING SUM(C.SurfaceArea) > ( SELECT MAX(S.SurfaceArea) FROM country AS S WHERE S.Continent = 'Europe' ),0.0,"Resultados divergentes (ordered=False). gold=238 linhas, pred=1 linhas."
773,world_1,Which countries have greater area than that of any country in Europe?,"SELECT Name FROM country WHERE SurfaceArea  >  (SELECT min(SurfaceArea) FROM country WHERE Continent  =  ""Europe"")",SELECT C.Name FROM country AS C JOIN (SELECT CountryCode FROM country WHERE Continent = 'Europe' ORDER BY SurfaceArea DESC LIMIT 1) AS E ON C.Code = E.CountryCode WHERE C.SurfaceArea > E.SurfaceArea,SELECT C.Name FROM country AS C JOIN (SELECT CountryCode FROM country WHERE Continent = 'Europe' ORDER BY SurfaceArea DESC LIMIT 1) AS E ON C.Code = E.CountryCode WHERE C.SurfaceArea > E.SurfaceArea,0.0,Falha ao executar a consulta gerada: no such column: CountryCode
774,world_1,What are the African countries that have a  population less than any country in Asia?,"SELECT Name FROM country WHERE Continent  =  ""Africa""  AND population  <  (SELECT max(population) FROM country WHERE Continent  =  ""Asia"")",SELECT DISTINCT c.Name FROM country AS c JOIN countrylanguage AS cl ON c.Code = cl.CountryCode WHERE cl.IsOfficial = 'F' AND cl.Language = 'French' AND c.Continent = 'Africa' AND c.Population < (SELECT MIN(Population) FROM country WHERE Continent = 'Asia'),SELECT DISTINCT c.Name FROM country AS c JOIN countrylanguage AS cl ON c.Code = cl.CountryCode WHERE cl.IsOfficial = 'F' AND cl.Language = 'French' AND c.Continent = 'Africa' AND c.Population < (SELECT MIN(Population) FROM country WHERE Continent = 'Asia'),0.0,"Resultados divergentes (ordered=False). gold=58 linhas, pred=1 linhas."
775,world_1,Which African countries have a smaller population than that of any country in Asia?,"SELECT Name FROM country WHERE Continent  =  ""Africa""  AND population  <  (SELECT min(population) FROM country WHERE Continent  =  ""Asia"")",SELECT DISTINCT c.Name FROM country AS c JOIN countrylanguage AS cl ON c.Code = cl.CountryCode WHERE cl.IsOfficial = 'F' AND cl.Percentage > 0 AND c.Continent = 'Africa' AND NOT EXISTS (SELECT 1 FROM country AS ca JOIN countrylanguage AS cl2 ON ca.Code = cl2.CountryCode WHERE cl2.IsOfficial = 'F' AND cl2.Percentage > 0 AND ca.Continent = 'Asia' AND ca.Population < c.Population),SELECT DISTINCT c.Name FROM country AS c JOIN countrylanguage AS cl ON c.Code = cl.CountryCode WHERE cl.IsOfficial = 'F' AND cl.Percentage > 0 AND c.Continent = 'Africa' AND NOT EXISTS (SELECT 1 FROM country AS ca JOIN countrylanguage AS cl2 ON ca.Code = cl2.CountryCode WHERE cl2.IsOfficial = 'F' AND cl2.Percentage > 0 AND ca.Continent = 'Asia' AND ca.Population < c.Population),0.0,"Resultados divergentes (ordered=False). gold=5 linhas, pred=3 linhas."
776,world_1,Which Asian countries have a population that is larger than any country in Africa?,"SELECT Name FROM country WHERE Continent  =  ""Asia""  AND population  >  (SELECT max(population) FROM country WHERE Continent  =  ""Africa"")",SELECT c.Name FROM country AS c JOIN countrylanguage AS cl ON c.Code = cl.CountryCode WHERE c.Continent = 'Asia' AND c.Population > (SELECT MAX(c2.Population) FROM country AS c2 JOIN countrylanguage AS cl2 ON c2.Code = cl2.CountryCode WHERE c2.Continent = 'Africa'),SELECT c.Name FROM country AS c JOIN countrylanguage AS cl ON c.Code = cl.CountryCode WHERE c.Continent = 'Asia' AND c.Population > (SELECT MAX(c2.Population) FROM country AS c2 JOIN countrylanguage AS cl2 ON c2.Code = cl2.CountryCode WHERE c2.Continent = 'Africa'),0.0,"Resultados divergentes (ordered=False). gold=6 linhas, pred=54 linhas."
777,world_1,What are the Asian countries which have a population larger than that of any country in Africa?,"SELECT Name FROM country WHERE Continent  =  ""Asia""  AND population  >  (SELECT min(population) FROM country WHERE Continent  =  ""Africa"")",SELECT c.Name FROM country AS c JOIN countrylanguage AS cl ON c.Code = cl.CountryCode WHERE c.Continent = 'Asia' AND c.Population > (SELECT MAX(cp.Population) FROM country AS cp WHERE cp.Continent = 'Africa'),SELECT c.Name FROM country AS c JOIN countrylanguage AS cl ON c.Code = cl.CountryCode WHERE c.Continent = 'Asia' AND c.Population > (SELECT MAX(cp.Population) FROM country AS cp WHERE cp.Continent = 'Africa'),0.0,"Resultados divergentes (ordered=False). gold=51 linhas, pred=54 linhas."
778,world_1,What are the country codes for countries that do not speak English?,"SELECT CountryCode FROM countrylanguage EXCEPT SELECT CountryCode FROM countrylanguage WHERE LANGUAGE  =  ""English""",SELECT DISTINCT CountryCode FROM country WHERE LocalName NOT LIKE '%english%',SELECT DISTINCT CountryCode FROM country WHERE LocalName NOT LIKE '%english%',0.0,Falha ao executar a consulta gerada: no such column: CountryCode
779,world_1,Return the country codes for countries that do not speak English.,"SELECT CountryCode FROM countrylanguage EXCEPT SELECT CountryCode FROM countrylanguage WHERE LANGUAGE  =  ""English""",SELECT DISTINCT CountryCode FROM country WHERE LocalName NOT LIKE '%English%',SELECT DISTINCT CountryCode FROM country WHERE LocalName NOT LIKE '%English%',0.0,Falha ao executar a consulta gerada: no such column: CountryCode
780,world_1,What are the country codes of countries where people use languages other than English?,"SELECT DISTINCT CountryCode FROM countrylanguage WHERE LANGUAGE != ""English""",SELECT DISTINCT T1.Code FROM country AS T1 JOIN countrylanguage AS T2 ON T1.Code = T2.CountryCode WHERE T2.Language != 'English',SELECT DISTINCT T1.Code FROM country AS T1 JOIN countrylanguage AS T2 ON T1.Code = T2.CountryCode WHERE T2.Language != 'English',1.0,Resultados idênticos (ordered=False).
781,world_1,Give the country codes for countries in which people speak langauges that are not English.,"SELECT DISTINCT CountryCode FROM countrylanguage WHERE LANGUAGE != ""English""",SELECT DISTINCT T1.Code FROM country AS T1 JOIN countrylanguage AS T2 ON T1.Code = T2.CountryCode WHERE T2.Language != 'English' AND T2.IsOfficial = 'F',SELECT DISTINCT T1.Code FROM country AS T1 JOIN countrylanguage AS T2 ON T1.Code = T2.CountryCode WHERE T2.Language != 'English' AND T2.IsOfficial = 'F',0.0,"Resultados divergentes (ordered=False). gold=223 linhas, pred=193 linhas."
782,world_1,What are the codes of the countries that do not speak English and whose government forms are not Republic?,"SELECT Code FROM country WHERE GovernmentForm != ""Republic"" EXCEPT SELECT CountryCode FROM countrylanguage WHERE LANGUAGE  =  ""English""",SELECT DISTINCT CountryCode FROM country WHERE Language != 'English' AND GovernmentForm != 'Republic',SELECT DISTINCT CountryCode FROM country WHERE Language != 'English' AND GovernmentForm != 'Republic',0.0,Falha ao executar a consulta gerada: no such column: CountryCode
783,world_1,Return the codes of countries that do not speak English and do not have Republics for governments.,"SELECT Code FROM country WHERE GovernmentForm != ""Republic"" EXCEPT SELECT CountryCode FROM countrylanguage WHERE LANGUAGE  =  ""English""",SELECT DISTINCT c.Code FROM country AS c WHERE c.GovernmentForm != 'Republic' AND c.Code NOT IN (SELECT cl.CountryCode FROM countrylanguage AS cl WHERE cl.Language = 'English'),SELECT DISTINCT c.Code FROM country AS c WHERE c.GovernmentForm != 'Republic' AND c.Code NOT IN (SELECT cl.CountryCode FROM countrylanguage AS cl WHERE cl.Language = 'English'),1.0,Resultados idênticos (ordered=False).
784,world_1,Which cities are in European countries where English is not the official language?,SELECT DISTINCT T2.Name FROM country AS T1 JOIN city AS T2 ON T2.CountryCode  =  T1.Code WHERE T1.Continent  =  'Europe' AND T1.Name NOT IN (SELECT T3.Name FROM country AS T3 JOIN countrylanguage AS T4 ON T3.Code  =  T4.CountryCode WHERE T4.IsOfficial  =  'T' AND T4.Language  =  'English'),SELECT c.Name FROM city c JOIN country co ON c.CountryCode = co.Code WHERE co.Continent = 'Europe' AND c.Capital IS NOT NULL AND EXISTS (SELECT 1 FROM countrylanguage cl WHERE cl.CountryCode = c.CountryCode AND cl.Language = 'English' AND cl.IsOfficial = 'F') AND c.Capital != co.Capital,SELECT c.Name FROM city c JOIN country co ON c.CountryCode = co.Code WHERE co.Continent = 'Europe' AND c.Capital IS NOT NULL AND EXISTS (SELECT 1 FROM countrylanguage cl WHERE cl.CountryCode = c.CountryCode AND cl.Language = 'English' AND cl.IsOfficial = 'F') AND c.Capital != co.Capital,0.0,Falha ao executar a consulta gerada: no such column: c.Capital
785,world_1,What are the names of cities in Europe for which English is not the official language?,SELECT DISTINCT T2.Name FROM country AS T1 JOIN city AS T2 ON T2.CountryCode  =  T1.Code WHERE T1.Continent  =  'Europe' AND T1.Name NOT IN (SELECT T3.Name FROM country AS T3 JOIN countrylanguage AS T4 ON T3.Code  =  T4.CountryCode WHERE T4.IsOfficial  =  'T' AND T4.Language  =  'English'),SELECT DISTINCT c.Name FROM city AS c JOIN countrylanguage AS cl ON c.CountryCode = cl.CountryCode WHERE cl.Language = 'English' AND cl.IsOfficial = 'F' AND c.Continent = 'Europe',SELECT DISTINCT c.Name FROM city AS c JOIN countrylanguage AS cl ON c.CountryCode = cl.CountryCode WHERE cl.Language = 'English' AND cl.IsOfficial = 'F' AND c.Continent = 'Europe',0.0,Falha ao executar a consulta gerada: no such column: c.Continent
786,world_1,Which unique cities are in Asian countries where Chinese is the official language ?,"select distinct t3.name from country as t1 join countrylanguage as t2 on t1.code  =  t2.countrycode join city as t3 on t1.code  =  t3.countrycode where t2.isofficial  =  't' and t2.language  =  'chinese' and t1.continent  =  ""asia""",SELECT DISTINCT c.Name FROM city c JOIN country co ON c.CountryCode = co.Code JOIN countrylanguage cl ON co.Code = cl.CountryCode WHERE cl.Language = 'Chinese' AND cl.IsOfficial = 'T' AND co.Continent = 'Asia',SELECT DISTINCT c.Name FROM city c JOIN country co ON c.CountryCode = co.Code JOIN countrylanguage cl ON co.Code = cl.CountryCode WHERE cl.Language = 'Chinese' AND cl.IsOfficial = 'T' AND co.Continent = 'Asia',0.0,"Resultados divergentes (ordered=False). gold=0 linhas, pred=359 linhas."
787,world_1,Return the different names of cities that are in Asia and for which Chinese is the official language.,"SELECT DISTINCT T3.Name FROM country AS T1 JOIN countrylanguage AS T2 ON T1.Code  =  T2.CountryCode JOIN city AS T3 ON T1.Code  =  T3.CountryCode WHERE T2.IsOfficial  =  'T' AND T2.Language  =  'Chinese' AND T1.Continent  =  ""Asia""",SELECT DISTINCT c.Name FROM city AS c JOIN countrylanguage AS cl ON c.CountryCode = cl.CountryCode WHERE cl.Language = 'Chinese' AND c.Continent = 'Asia',SELECT DISTINCT c.Name FROM city AS c JOIN countrylanguage AS cl ON c.CountryCode = cl.CountryCode WHERE cl.Language = 'Chinese' AND c.Continent = 'Asia',0.0,Falha ao executar a consulta gerada: no such column: c.Continent
788,world_1,"What are the name, independence year, and surface area of the country with the smallest population?","SELECT Name ,  SurfaceArea ,  IndepYear FROM country ORDER BY Population LIMIT 1","SELECT Name, IndepYear, SurfaceArea FROM country WHERE Population = (SELECT MIN(Population) FROM country)","SELECT Name, IndepYear, SurfaceArea FROM country WHERE Population = (SELECT MIN(Population) FROM country)",0.0,"Resultados divergentes (ordered=True). gold=1 linhas, pred=7 linhas."
789,world_1,"Give the name, year of independence, and surface area of the country that has the lowest population.","SELECT Name ,  SurfaceArea ,  IndepYear FROM country ORDER BY Population LIMIT 1","SELECT Name, IndepYear, SurfaceArea FROM country WHERE Population = (SELECT MIN(Population) FROM country)","SELECT Name, IndepYear, SurfaceArea FROM country WHERE Population = (SELECT MIN(Population) FROM country)",0.0,"Resultados divergentes (ordered=True). gold=1 linhas, pred=7 linhas."
790,world_1,"What are the population, name and leader of the country with the largest area?","SELECT Name ,  population ,  HeadOfState FROM country ORDER BY SurfaceArea DESC LIMIT 1","SELECT T1.Population, T1.Name, T2.HeadOfState FROM country AS T1 JOIN countrylanguage AS T3 ON T1.Code = T3.CountryCode JOIN people AS T2 ON T2.People_ID = T1.Capital WHERE T1.SurfaceArea = (SELECT MAX(SurfaceArea) FROM country)","SELECT T1.Population, T1.Name, T2.HeadOfState FROM country AS T1 JOIN countrylanguage AS T3 ON T1.Code = T3.CountryCode JOIN people AS T2 ON T2.People_ID = T1.Capital WHERE T1.SurfaceArea = (SELECT MAX(SurfaceArea) FROM country)",0.0,Falha ao executar a consulta gerada: no such table: people
791,world_1,"Give the name, population, and head of state for the country that has the largest area.","SELECT Name ,  population ,  HeadOfState FROM country ORDER BY SurfaceArea DESC LIMIT 1","SELECT Name, Population, HeadOfState FROM country WHERE SurfaceArea = (SELECT MAX(SurfaceArea) FROM country)","SELECT Name, Population, HeadOfState FROM country WHERE SurfaceArea = (SELECT MAX(SurfaceArea) FROM country)",1.0,Resultados idênticos (ordered=True).
792,world_1,Return the country name and the numbers of languages spoken for each country that speaks at least 3 languages.,"SELECT COUNT(T2.Language) ,  T1.Name FROM country AS T1 JOIN countrylanguage AS T2 ON T1.Code  =  T2.CountryCode GROUP BY T1.Name HAVING COUNT(*)  >  2","SELECT c.Name, COUNT(DISTINCT cl.Language) AS NumberOfLanguagesSpoken FROM country c JOIN countrylanguage cl ON c.Code = cl.CountryCode GROUP BY c.Name HAVING COUNT(DISTINCT cl.Language) >= 3","SELECT c.Name, COUNT(DISTINCT cl.Language) AS NumberOfLanguagesSpoken FROM country c JOIN countrylanguage cl ON c.Code = cl.CountryCode GROUP BY c.Name HAVING COUNT(DISTINCT cl.Language) >= 3",0.0,"Resultados divergentes (ordered=False). gold=149 linhas, pred=149 linhas."
793,world_1,"What are the names of countries that speak more than 2 languages, as well as how many languages they speak?","SELECT COUNT(T2.Language) ,  T1.Name FROM country AS T1 JOIN countrylanguage AS T2 ON T1.Code  =  T2.CountryCode GROUP BY T1.Name HAVING COUNT(*)  >  2","SELECT C.Name, COUNT(DISTINCT L.Language) AS LanguageCount 
FROM country C 
JOIN countrylanguage L ON C.Code = L.CountryCode 
GROUP BY C.Name 
HAVING COUNT(DISTINCT L.Language) > 2","SELECT C.Name, COUNT(DISTINCT L.Language) AS LanguageCount 
FROM country C 
JOIN countrylanguage L ON C.Code = L.CountryCode 
GROUP BY C.Name 
HAVING COUNT(DISTINCT L.Language) > 2",0.0,"Resultados divergentes (ordered=False). gold=149 linhas, pred=149 linhas."
794,world_1,Find the number of cities in each district whose population is greater than the average population of cities?,"SELECT count(*) ,  District FROM city WHERE Population  >  (SELECT avg(Population) FROM city) GROUP BY District","SELECT T2.District, COUNT(T1.ID) 
FROM city AS T1 
JOIN country AS T2 ON T1.CountryCode = T2.Code 
WHERE T1.Population > (SELECT AVG(Population) FROM city) 
GROUP BY T2.District","SELECT T2.District, COUNT(T1.ID) 
FROM city AS T1 
JOIN country AS T2 ON T1.CountryCode = T2.Code 
WHERE T1.Population > (SELECT AVG(Population) FROM city) 
GROUP BY T2.District",0.0,Falha ao executar a consulta gerada: no such column: T2.District
795,world_1,How many cities in each district have a population that is above the average population across all cities?,"SELECT count(*) ,  District FROM city WHERE Population  >  (SELECT avg(Population) FROM city) GROUP BY District","SELECT C.District, COUNT(C.ID) 
FROM city C 
WHERE C.Population > (SELECT AVG(P.Population) FROM city P) 
GROUP BY C.District","SELECT C.District, COUNT(C.ID) 
FROM city C 
WHERE C.Population > (SELECT AVG(P.Population) FROM city P) 
GROUP BY C.District",0.0,"Resultados divergentes (ordered=False). gold=539 linhas, pred=539 linhas."
796,world_1,Find the government form name and total population for each government form whose average life expectancy is longer than 72.,"SELECT sum(Population) ,  GovernmentForm FROM country GROUP BY GovernmentForm HAVING avg(LifeExpectancy)  >  72","SELECT T2.GovernmentForm, SUM(T1.Population) AS Total_Population FROM country AS T1 JOIN countrylanguage AS T3 ON T1.Code = T3.CountryCode JOIN people AS T4 ON T1.Code = T4.CountryCode WHERE T3.IsOfficial = 'T' AND T4.LifeExpectancy > 72 GROUP BY T2.GovernmentForm","SELECT T2.GovernmentForm, SUM(T1.Population) AS Total_Population FROM country AS T1 JOIN countrylanguage AS T3 ON T1.Code = T3.CountryCode JOIN people AS T4 ON T1.Code = T4.CountryCode WHERE T3.IsOfficial = 'T' AND T4.LifeExpectancy > 72 GROUP BY T2.GovernmentForm",0.0,Falha ao executar a consulta gerada: no such table: people
797,world_1,What are the different government forms and what is the total population of each for government forms that have an average life expectancy greater than 72?,"SELECT sum(Population) ,  GovernmentForm FROM country GROUP BY GovernmentForm HAVING avg(LifeExpectancy)  >  72","SELECT T2.GovernmentForm, SUM(T1.Population) AS Total_Population FROM countrylanguage AS T1 JOIN country AS T2 ON T1.CountryCode = T2.Code GROUP BY T2.GovernmentForm HAVING AVG(T2.LifeExpectancy) > 72","SELECT T2.GovernmentForm, SUM(T1.Population) AS Total_Population FROM countrylanguage AS T1 JOIN country AS T2 ON T1.CountryCode = T2.Code GROUP BY T2.GovernmentForm HAVING AVG(T2.LifeExpectancy) > 72",0.0,Falha ao executar a consulta gerada: no such column: T1.Population
798,world_1,Find the average life expectancy and total population for each continent where the average life expectancy is shorter than 72?,"SELECT sum(Population) ,  avg(LifeExpectancy) ,  Continent FROM country GROUP BY Continent HAVING avg(LifeExpectancy)  <  72","SELECT C.Continent, AVG(CLE.LifeExpectancy) AS Average_Life_Expectancy, SUM(C.Population) AS Total_Population
FROM country C
JOIN countrylanguage CLE ON C.Code = CLE.CountryCode
GROUP BY C.Continent
HAVING AVG(CLE.LifeExpectancy) < 72","SELECT C.Continent, AVG(CLE.LifeExpectancy) AS Average_Life_Expectancy, SUM(C.Population) AS Total_Population
FROM country C
JOIN countrylanguage CLE ON C.Code = CLE.CountryCode
GROUP BY C.Continent
HAVING AVG(CLE.LifeExpectancy) < 72",0.0,Falha ao executar a consulta gerada: no such column: CLE.LifeExpectancy
799,world_1,"What are the different continents and the total popuation and average life expectancy corresponding to each, for continents that have an average life expectancy less than 72?","SELECT sum(Population) ,  avg(LifeExpectancy) ,  Continent FROM country GROUP BY Continent HAVING avg(LifeExpectancy)  <  72","SELECT T1.Continent , SUM(T1.Population) , AVG(T1.LifeExpectancy) FROM country AS T1 JOIN countrylanguage AS T2 ON T1.Code = T2.CountryCode WHERE T1.LifeExpectancy < 72 GROUP BY T1.Continent","SELECT T1.Continent , SUM(T1.Population) , AVG(T1.LifeExpectancy) FROM country AS T1 JOIN countrylanguage AS T2 ON T1.Code = T2.CountryCode WHERE T1.LifeExpectancy < 72 GROUP BY T1.Continent",0.0,"Resultados divergentes (ordered=False). gold=4 linhas, pred=6 linhas."
800,world_1,What are the names and areas of countries with the top 5 largest area?,"SELECT Name ,  SurfaceArea FROM country ORDER BY SurfaceArea DESC LIMIT 5","SELECT T1.Name, T1.SurfaceArea FROM country AS T1 JOIN ( SELECT CountryCode, MAX(SurfaceArea) AS MaxSurfaceArea FROM country GROUP BY CountryCode ORDER BY MaxSurfaceArea DESC LIMIT 5 ) AS T2 ON T1.Code = T2.CountryCode ORDER BY T2.MaxSurfaceArea DESC","SELECT T1.Name, T1.SurfaceArea FROM country AS T1 JOIN ( SELECT CountryCode, MAX(SurfaceArea) AS MaxSurfaceArea FROM country GROUP BY CountryCode ORDER BY MaxSurfaceArea DESC LIMIT 5 ) AS T2 ON T1.Code = T2.CountryCode ORDER BY T2.MaxSurfaceArea DESC",0.0,Falha ao executar a consulta gerada: no such column: CountryCode
801,world_1,Return the names and surface areas of the 5 largest countries.,"SELECT Name ,  SurfaceArea FROM country ORDER BY SurfaceArea DESC LIMIT 5","SELECT Name, SurfaceArea FROM country ORDER BY SurfaceArea DESC LIMIT 5","SELECT Name, SurfaceArea FROM country ORDER BY SurfaceArea DESC LIMIT 5",1.0,Resultados idênticos (ordered=True).
802,world_1,What are names of countries with the top 3 largest population?,SELECT Name FROM country ORDER BY Population DESC LIMIT 3,"SELECT T1.Name FROM country AS T1 JOIN (SELECT CountryCode, Population FROM country ORDER BY Population DESC LIMIT 3) AS T2 ON T1.Code = T2.CountryCode ORDER BY T1.Name ASC","SELECT T1.Name FROM country AS T1 JOIN (SELECT CountryCode, Population FROM country ORDER BY Population DESC LIMIT 3) AS T2 ON T1.Code = T2.CountryCode ORDER BY T1.Name ASC",0.0,Falha ao executar a consulta gerada: no such column: CountryCode
803,world_1,Return the names of the 3 most populated countries.,SELECT Name FROM country ORDER BY Population DESC LIMIT 3,SELECT Name FROM country ORDER BY Population DESC LIMIT 3,SELECT Name FROM country ORDER BY Population DESC LIMIT 3,1.0,Resultados idênticos (ordered=True).
804,world_1,What are the names of the nations with the 3 lowest populations?,SELECT Name FROM country ORDER BY Population ASC LIMIT 3,SELECT Name FROM country WHERE Population IN (SELECT TOP 3 Population FROM country ORDER BY Population ASC) ORDER BY Population ASC,SELECT Name FROM country WHERE Population IN (SELECT TOP 3 Population FROM country ORDER BY Population ASC) ORDER BY Population ASC,0.0,"Falha ao executar a consulta gerada: near ""3"": syntax error"
805,world_1,Return the names of the 3 countries with the fewest people.,SELECT Name FROM country ORDER BY Population ASC LIMIT 3,"SELECT T2.Name FROM country AS T2 JOIN (SELECT CountryCode, COUNT(*) AS Population FROM countrylanguage GROUP BY CountryCode ORDER BY Population LIMIT 3) AS T1 ON T1.CountryCode = T2.Code ORDER BY T2.Name ASC LIMIT 3","SELECT T2.Name FROM country AS T2 JOIN (SELECT CountryCode, COUNT(*) AS Population FROM countrylanguage GROUP BY CountryCode ORDER BY Population LIMIT 3) AS T1 ON T1.CountryCode = T2.Code ORDER BY T2.Name ASC LIMIT 3",0.0,"Resultados divergentes (ordered=True). gold=3 linhas, pred=3 linhas."
806,world_1,how many countries are in Asia?,"SELECT count(*) FROM country WHERE continent  =  ""Asia""",SELECT COUNT(*) FROM country WHERE Continent = 'Asia',SELECT COUNT(*) FROM country WHERE Continent = 'Asia',1.0,Resultados idênticos (ordered=False).
807,world_1,Count the number of countries in Asia.,"SELECT count(*) FROM country WHERE continent  =  ""Asia""",SELECT COUNT(*) FROM country WHERE Continent = 'Asia',SELECT COUNT(*) FROM country WHERE Continent = 'Asia',1.0,Resultados idênticos (ordered=False).
808,world_1,What are the names of the countries that are in the continent of Europe and have a population of 80000?,"SELECT Name FROM country WHERE continent  =  ""Europe"" AND Population  =  ""80000""",SELECT DISTINCT c.Name FROM country AS c JOIN countrylanguage AS cl ON c.Code = cl.CountryCode WHERE c.Continent = 'Europe' AND c.Population = 80000,SELECT DISTINCT c.Name FROM country AS c JOIN countrylanguage AS cl ON c.Code = cl.CountryCode WHERE c.Continent = 'Europe' AND c.Population = 80000,1.0,Resultados idênticos (ordered=False).
809,world_1,Give the names of countries that are in Europe and have a population equal to 80000.,"SELECT Name FROM country WHERE continent  =  ""Europe"" AND Population  =  ""80000""",SELECT T1.Name FROM country AS T1 JOIN countrylanguage AS T2 ON T1.Code = T2.CountryCode WHERE T1.Continent = 'Europe' AND T1.Population = 80000,SELECT T1.Name FROM country AS T1 JOIN countrylanguage AS T2 ON T1.Code = T2.CountryCode WHERE T1.Continent = 'Europe' AND T1.Population = 80000,1.0,Resultados idênticos (ordered=False).
810,world_1,What is the total population and average area of countries in the continent of North America whose area is bigger than 3000 ?,"select sum(population) ,  avg(surfacearea) from country where continent  =  ""north america"" and surfacearea  >  3000","SELECT SUM(c.Population), AVG(co.SurfaceArea) FROM country AS c JOIN countrylanguage AS cl ON c.Code = cl.CountryCode JOIN country AS co ON c.Code = co.Code WHERE co.Continent = 'North America' AND co.SurfaceArea > 3000","SELECT SUM(c.Population), AVG(co.SurfaceArea) FROM country AS c JOIN countrylanguage AS cl ON c.Code = cl.CountryCode JOIN country AS co ON c.Code = co.Code WHERE co.Continent = 'North America' AND co.SurfaceArea > 3000",0.0,"Resultados divergentes (ordered=False). gold=1 linhas, pred=1 linhas."
811,world_1,Give the total population and average surface area corresponding to countries in North America that have a surface area greater than 3000 .,"select sum(population) ,  avg(surfacearea) from country where continent  =  ""north america"" and surfacearea  >  3000","SELECT SUM(country.Population), AVG(city.SurfaceArea) FROM country 
JOIN city ON country.Code = city.CountryCode 
WHERE country.Continent = 'North America' AND city.SurfaceArea > 3000","SELECT SUM(country.Population), AVG(city.SurfaceArea) FROM country 
JOIN city ON country.Code = city.CountryCode 
WHERE country.Continent = 'North America' AND city.SurfaceArea > 3000",0.0,Falha ao executar a consulta gerada: no such column: city.SurfaceArea
812,world_1,What are the cities whose population is between 160000 and 900000?,SELECT name FROM city WHERE Population BETWEEN 160000 AND 900000,SELECT Name FROM city WHERE Population BETWEEN 160000 AND 900000,SELECT Name FROM city WHERE Population BETWEEN 160000 AND 900000,1.0,Resultados idênticos (ordered=False).
813,world_1,Return the names of cities that have a population between 160000 and 900000 .,select name from city where population between 160000 and 900000,SELECT Name FROM city WHERE Population BETWEEN 160000 AND 900000,SELECT Name FROM city WHERE Population BETWEEN 160000 AND 900000,1.0,Resultados idênticos (ordered=False).
814,world_1,Which language is spoken by the largest number of countries?,SELECT LANGUAGE FROM countrylanguage GROUP BY LANGUAGE ORDER BY count(*) DESC LIMIT 1,"SELECT T2.Language , SUM(T1.Percentage) AS TotalSpeakers FROM countrylanguage AS T1 JOIN country AS T2 ON T1.CountryCode = T2.Code GROUP BY T1.Language ORDER BY TotalSpeakers DESC LIMIT 1","SELECT T2.Language , SUM(T1.Percentage) AS TotalSpeakers FROM countrylanguage AS T1 JOIN country AS T2 ON T1.CountryCode = T2.Code GROUP BY T1.Language ORDER BY TotalSpeakers DESC LIMIT 1",0.0,Falha ao executar a consulta gerada: no such column: T2.Language
815,world_1,Give the language that is spoken in the most countries.,SELECT LANGUAGE FROM countrylanguage GROUP BY LANGUAGE ORDER BY count(*) DESC LIMIT 1,SELECT Language FROM countrylanguage GROUP BY Language ORDER BY COUNT(*) DESC LIMIT 1,SELECT Language FROM countrylanguage GROUP BY Language ORDER BY COUNT(*) DESC LIMIT 1,1.0,Resultados idênticos (ordered=True).
816,world_1,What is the language spoken by the largest percentage of people in each country?,"SELECT LANGUAGE ,  CountryCode ,  max(Percentage) FROM countrylanguage GROUP BY CountryCode","SELECT C.Name AS CountryName, CL.Language, CL.Percentage 
FROM country AS C 
JOIN countrylanguage AS CL ON C.Code = CL.CountryCode 
WHERE CL.Percentage = (SELECT MAX(Percentage) FROM countrylanguage) 
GROUP BY C.Name, CL.Language, CL.Percentage","SELECT C.Name AS CountryName, CL.Language, CL.Percentage 
FROM country AS C 
JOIN countrylanguage AS CL ON C.Code = CL.CountryCode 
WHERE CL.Percentage = (SELECT MAX(Percentage) FROM countrylanguage) 
GROUP BY C.Name, CL.Language, CL.Percentage",0.0,"Resultados divergentes (ordered=False). gold=233 linhas, pred=13 linhas."
817,world_1,"What are the country codes of the different countries, and what are the languages spoken by the greatest percentage of people for each?","SELECT LANGUAGE ,  CountryCode ,  max(Percentage) FROM countrylanguage GROUP BY CountryCode","SELECT T1.Code, T3.Language FROM country AS T1 JOIN countrylanguage AS T3 ON T1.Code = T3.CountryCode ORDER BY T3.Percentage DESC LIMIT 1","SELECT T1.Code, T3.Language FROM country AS T1 JOIN countrylanguage AS T3 ON T1.Code = T3.CountryCode ORDER BY T3.Percentage DESC LIMIT 1",0.0,"Resultados divergentes (ordered=False). gold=233 linhas, pred=1 linhas."
818,world_1,What is the total number of countries where Spanish is spoken by the largest percentage of people?,"SELECT count(*) ,   max(Percentage) FROM countrylanguage WHERE LANGUAGE  =  ""Spanish"" GROUP BY CountryCode",SELECT COUNT(DISTINCT T1.Code) AS Total_Countries FROM country AS T1 JOIN countrylanguage AS T2 ON T1.Code = T2.CountryCode WHERE T2.Language = 'Spanish' AND T2.IsOfficial = 'T' ORDER BY T2.Percentage DESC LIMIT 1,SELECT COUNT(DISTINCT T1.Code) AS Total_Countries FROM country AS T1 JOIN countrylanguage AS T2 ON T1.Code = T2.CountryCode WHERE T2.Language = 'Spanish' AND T2.IsOfficial = 'T' ORDER BY T2.Percentage DESC LIMIT 1,0.0,"Resultados divergentes (ordered=False). gold=28 linhas, pred=1 linhas."
819,world_1,Count the number of countries for which Spanish is the predominantly spoken language.,"SELECT count(*) ,   max(Percentage) FROM countrylanguage WHERE LANGUAGE  =  ""Spanish"" GROUP BY CountryCode",SELECT COUNT(DISTINCT T1.Code) AS NumCountries FROM country AS T1 JOIN countrylanguage AS T2 ON T1.Code = T2.CountryCode WHERE T2.Language = 'Spanish' AND T2.IsOfficial = 'T' AND T2.Percentage > 50.0,SELECT COUNT(DISTINCT T1.Code) AS NumCountries FROM country AS T1 JOIN countrylanguage AS T2 ON T1.Code = T2.CountryCode WHERE T2.Language = 'Spanish' AND T2.IsOfficial = 'T' AND T2.Percentage > 50.0,0.0,"Resultados divergentes (ordered=False). gold=28 linhas, pred=1 linhas."
820,world_1,What are the codes of countries where Spanish is spoken by the largest percentage of people?,"SELECT CountryCode ,  max(Percentage) FROM countrylanguage WHERE LANGUAGE  =  ""Spanish"" GROUP BY CountryCode",SELECT T1.Code FROM country AS T1 JOIN countrylanguage AS T2 ON T1.Code = T2.CountryCode WHERE T2.Language = 'Spanish' AND T2.IsOfficial = 'T' ORDER BY T2.Percentage DESC LIMIT 1,SELECT T1.Code FROM country AS T1 JOIN countrylanguage AS T2 ON T1.Code = T2.CountryCode WHERE T2.Language = 'Spanish' AND T2.IsOfficial = 'T' ORDER BY T2.Percentage DESC LIMIT 1,0.0,"Resultados divergentes (ordered=False). gold=28 linhas, pred=1 linhas."
821,world_1,Return the codes of countries for which Spanish is the predominantly spoken language.,"SELECT CountryCode ,  max(Percentage) FROM countrylanguage WHERE LANGUAGE  =  ""Spanish"" GROUP BY CountryCode",SELECT T1.Code FROM country AS T1 JOIN countrylanguage AS T2 ON T1.Code = T2.CountryCode WHERE T2.Language = 'Spanish' AND T2.IsOfficial = 'T' ORDER BY T1.Code ASC,SELECT T1.Code FROM country AS T1 JOIN countrylanguage AS T2 ON T1.Code = T2.CountryCode WHERE T2.Language = 'Spanish' AND T2.IsOfficial = 'T' ORDER BY T1.Code ASC,0.0,"Resultados divergentes (ordered=False). gold=28 linhas, pred=20 linhas."
822,orchestra,How many conductors are there?,SELECT count(*) FROM conductor,SELECT count(*) FROM conductor,SELECT count(*) FROM conductor,1.0,Resultados idênticos (ordered=False).
823,orchestra,Count the number of conductors.,SELECT count(*) FROM conductor,SELECT COUNT(DISTINCT Conductor_ID) FROM conductor,SELECT COUNT(DISTINCT Conductor_ID) FROM conductor,1.0,Resultados idênticos (ordered=False).
824,orchestra,List the names of conductors in ascending order of age.,SELECT Name FROM conductor ORDER BY Age ASC,SELECT Name FROM conductor ORDER BY Age ASC,SELECT Name FROM conductor ORDER BY Age ASC,1.0,Resultados idênticos (ordered=True).
825,orchestra,"What are the names of conductors, ordered by age?",SELECT Name FROM conductor ORDER BY Age ASC,SELECT T1.Name FROM conductor AS T1 ORDER BY T1.Age,SELECT T1.Name FROM conductor AS T1 ORDER BY T1.Age,1.0,Resultados idênticos (ordered=True).
826,orchestra,"What are the names of conductors whose nationalities are not ""USA""?",SELECT Name FROM conductor WHERE Nationality != 'USA',SELECT T1.Name FROM conductor AS T1 JOIN orchestra AS T2 ON T1.Conductor_ID = T2.Conductor_ID WHERE T1.Nationality != 'USA',SELECT T1.Name FROM conductor AS T1 JOIN orchestra AS T2 ON T1.Conductor_ID = T2.Conductor_ID WHERE T1.Nationality != 'USA',1.0,Resultados idênticos (ordered=False).
827,orchestra,"Return the names of conductors that do not have the nationality ""USA"".",SELECT Name FROM conductor WHERE Nationality != 'USA',SELECT DISTINCT T1.Name FROM conductor AS T1 LEFT JOIN orchestra AS T2 ON T1.Conductor_ID = T2.Conductor_ID WHERE T2.Nationality != 'USA' AND T2.Conductor_ID IS NOT NULL,SELECT DISTINCT T1.Name FROM conductor AS T1 LEFT JOIN orchestra AS T2 ON T1.Conductor_ID = T2.Conductor_ID WHERE T2.Nationality != 'USA' AND T2.Conductor_ID IS NOT NULL,0.0,Falha ao executar a consulta gerada: no such column: T2.Nationality
828,orchestra,What are the record companies of orchestras in descending order of years in which they were founded?,SELECT Record_Company FROM orchestra ORDER BY Year_of_Founded DESC,SELECT T2.Record_Company FROM orchestra AS T2 JOIN performance AS T1 ON T2.Orchestra_ID = T1.Orchestra_ID ORDER BY T2.Year_of_Founded DESC,SELECT T2.Record_Company FROM orchestra AS T2 JOIN performance AS T1 ON T2.Orchestra_ID = T1.Orchestra_ID ORDER BY T2.Year_of_Founded DESC,0.0,"Resultados divergentes (ordered=True). gold=12 linhas, pred=11 linhas."
829,orchestra,"Return the record companies of orchestras, sorted descending by the years in which they were founded.",SELECT Record_Company FROM orchestra ORDER BY Year_of_Founded DESC,SELECT T2.Record_Company FROM orchestra AS T2 JOIN conductor AS T1 ON T1.Conductor_ID = T2.Conductor_ID ORDER BY T2.Year_of_Founded DESC,SELECT T2.Record_Company FROM orchestra AS T2 JOIN conductor AS T1 ON T1.Conductor_ID = T2.Conductor_ID ORDER BY T2.Year_of_Founded DESC,1.0,Resultados idênticos (ordered=True).
830,orchestra,What is the average attendance of shows?,SELECT avg(Attendance) FROM SHOW,SELECT AVG(Attendance) FROM show,SELECT AVG(Attendance) FROM show,1.0,Resultados idênticos (ordered=False).
831,orchestra,Return the average attendance across all shows.,SELECT avg(Attendance) FROM SHOW,SELECT AVG(Attendance) FROM show,SELECT AVG(Attendance) FROM show,1.0,Resultados idênticos (ordered=False).
832,orchestra,"What are the maximum and minimum share of performances whose type is not ""Live final"".","SELECT max(SHARE) ,  min(SHARE) FROM performance WHERE TYPE != ""Live final""","SELECT MAX(T1.Share), MIN(T1.Share) FROM performance AS T1 JOIN show AS T2 ON T1.Performance_ID = T2.Performance_ID WHERE T1.Type != 'Live final'","SELECT MAX(T1.Share), MIN(T1.Share) FROM performance AS T1 JOIN show AS T2 ON T1.Performance_ID = T2.Performance_ID WHERE T1.Type != 'Live final'",0.0,"Resultados divergentes (ordered=False). gold=1 linhas, pred=1 linhas."
833,orchestra,"Return the maximum and minimum shares for performances that do not have the type ""Live final"".","SELECT max(SHARE) ,  min(SHARE) FROM performance WHERE TYPE != ""Live final""","SELECT MAX(T1.Share), MIN(T1.Share) FROM performance AS T1 WHERE T1.Type != 'Live final'","SELECT MAX(T1.Share), MIN(T1.Share) FROM performance AS T1 WHERE T1.Type != 'Live final'",1.0,Resultados idênticos (ordered=False).
834,orchestra,How many different nationalities do conductors have?,SELECT count(DISTINCT Nationality) FROM conductor,SELECT COUNT(DISTINCT Nationality) FROM conductor,SELECT COUNT(DISTINCT Nationality) FROM conductor,1.0,Resultados idênticos (ordered=False).
835,orchestra,Count the number of different nationalities of conductors.,SELECT count(DISTINCT Nationality) FROM conductor,SELECT COUNT(DISTINCT Nationality) FROM conductor,SELECT COUNT(DISTINCT Nationality) FROM conductor,1.0,Resultados idênticos (ordered=False).
836,orchestra,List names of conductors in descending order of years of work.,SELECT Name FROM conductor ORDER BY Year_of_Work DESC,SELECT Name FROM conductor ORDER BY Year_of_Work DESC,SELECT Name FROM conductor ORDER BY Year_of_Work DESC,1.0,Resultados idênticos (ordered=True).
837,orchestra,"What are the names of conductors, sorted descending by the number of years they have worked?",SELECT Name FROM conductor ORDER BY Year_of_Work DESC,SELECT T1.Name FROM conductor AS T1 JOIN orchestra AS T2 ON T1.Conductor_ID = T2.Conductor_ID ORDER BY T2.Year_of_Work DESC,SELECT T1.Name FROM conductor AS T1 JOIN orchestra AS T2 ON T1.Conductor_ID = T2.Conductor_ID ORDER BY T2.Year_of_Work DESC,0.0,Falha ao executar a consulta gerada: no such column: T2.Year_of_Work
838,orchestra,List the name of the conductor with the most years of work.,SELECT Name FROM conductor ORDER BY Year_of_Work DESC LIMIT 1,SELECT T1.Name FROM conductor AS T1 JOIN orchestra AS T2 ON T1.Conductor_ID = T2.Conductor_ID GROUP BY T1.Conductor_ID ORDER BY T2.Year_of_Work DESC LIMIT 1,SELECT T1.Name FROM conductor AS T1 JOIN orchestra AS T2 ON T1.Conductor_ID = T2.Conductor_ID GROUP BY T1.Conductor_ID ORDER BY T2.Year_of_Work DESC LIMIT 1,0.0,Falha ao executar a consulta gerada: no such column: T2.Year_of_Work
839,orchestra,What is the name of the conductor who has worked the greatest number of years?,SELECT Name FROM conductor ORDER BY Year_of_Work DESC LIMIT 1,"SELECT T1.Name FROM conductor AS T1 JOIN (SELECT Conductor_ID, SUM(Year_of_Work) AS Total_Years_Worked FROM conductor GROUP BY Conductor_ID ORDER BY Total_Years_Worked DESC LIMIT 1) AS T2 ON T1.Conductor_ID = T2.Conductor_ID LIMIT 1","SELECT T1.Name FROM conductor AS T1 JOIN (SELECT Conductor_ID, SUM(Year_of_Work) AS Total_Years_Worked FROM conductor GROUP BY Conductor_ID ORDER BY Total_Years_Worked DESC LIMIT 1) AS T2 ON T1.Conductor_ID = T2.Conductor_ID LIMIT 1",1.0,Resultados idênticos (ordered=True).
840,orchestra,Show the names of conductors and the orchestras they have conducted.,"SELECT T1.Name ,  T2.Orchestra FROM conductor AS T1 JOIN orchestra AS T2 ON T1.Conductor_ID  =  T2.Conductor_ID","SELECT T1.Name, T2.Orchestra FROM conductor AS T1 JOIN orchestra AS T2 ON T1.Conductor_ID = T2.Conductor_ID","SELECT T1.Name, T2.Orchestra FROM conductor AS T1 JOIN orchestra AS T2 ON T1.Conductor_ID = T2.Conductor_ID",1.0,Resultados idênticos (ordered=False).
841,orchestra,What are the names of conductors as well as the corresonding orchestras that they have conducted?,"SELECT T1.Name ,  T2.Orchestra FROM conductor AS T1 JOIN orchestra AS T2 ON T1.Conductor_ID  =  T2.Conductor_ID","SELECT T1.Name, T2.Orchestra FROM conductor AS T1 JOIN orchestra AS T2 ON T1.Conductor_ID = T2.Conductor_ID","SELECT T1.Name, T2.Orchestra FROM conductor AS T1 JOIN orchestra AS T2 ON T1.Conductor_ID = T2.Conductor_ID",1.0,Resultados idênticos (ordered=False).
842,orchestra,Show the names of conductors that have conducted more than one orchestras.,SELECT T1.Name FROM conductor AS T1 JOIN orchestra AS T2 ON T1.Conductor_ID  =  T2.Conductor_ID GROUP BY T2.Conductor_ID HAVING COUNT(*)  >  1,SELECT DISTINCT c.Name FROM conductor c JOIN orchestra o ON c.Conductor_ID = o.Conductor_ID GROUP BY c.Conductor_ID HAVING COUNT(o.Orchestra_ID) > 1,SELECT DISTINCT c.Name FROM conductor c JOIN orchestra o ON c.Conductor_ID = o.Conductor_ID GROUP BY c.Conductor_ID HAVING COUNT(o.Orchestra_ID) > 1,1.0,Resultados idênticos (ordered=False).
843,orchestra,What are the names of conductors who have conducted at more than one orchestra?,SELECT T1.Name FROM conductor AS T1 JOIN orchestra AS T2 ON T1.Conductor_ID  =  T2.Conductor_ID GROUP BY T2.Conductor_ID HAVING COUNT(*)  >  1,SELECT DISTINCT c.Name FROM conductor c JOIN orchestra o ON c.Conductor_ID = o.Conductor_ID GROUP BY c.Conductor_ID HAVING COUNT(o.Orchestra_ID) > 1,SELECT DISTINCT c.Name FROM conductor c JOIN orchestra o ON c.Conductor_ID = o.Conductor_ID GROUP BY c.Conductor_ID HAVING COUNT(o.Orchestra_ID) > 1,1.0,Resultados idênticos (ordered=False).
844,orchestra,Show the name of the conductor that has conducted the most number of orchestras.,SELECT T1.Name FROM conductor AS T1 JOIN orchestra AS T2 ON T1.Conductor_ID  =  T2.Conductor_ID GROUP BY T2.Conductor_ID ORDER BY COUNT(*) DESC LIMIT 1,SELECT C.Name FROM conductor C JOIN orchestra O ON C.Conductor_ID = O.Conductor_ID GROUP BY C.Conductor_ID ORDER BY COUNT(O.Orchestra_ID) DESC LIMIT 1,SELECT C.Name FROM conductor C JOIN orchestra O ON C.Conductor_ID = O.Conductor_ID GROUP BY C.Conductor_ID ORDER BY COUNT(O.Orchestra_ID) DESC LIMIT 1,1.0,Resultados idênticos (ordered=True).
845,orchestra,What is the name of the conductor who has conducted the most orchestras?,SELECT T1.Name FROM conductor AS T1 JOIN orchestra AS T2 ON T1.Conductor_ID  =  T2.Conductor_ID GROUP BY T2.Conductor_ID ORDER BY COUNT(*) DESC LIMIT 1,SELECT T1.Name FROM conductor AS T1 JOIN orchestra AS T2 ON T1.Conductor_ID = T2.Conductor_ID GROUP BY T1.Name ORDER BY COUNT(T2.Orchestra_ID) DESC LIMIT 1,SELECT T1.Name FROM conductor AS T1 JOIN orchestra AS T2 ON T1.Conductor_ID = T2.Conductor_ID GROUP BY T1.Name ORDER BY COUNT(T2.Orchestra_ID) DESC LIMIT 1,0.0,"Resultados divergentes (ordered=True). gold=1 linhas, pred=1 linhas."
846,orchestra,Please show the name of the conductor that has conducted orchestras founded after 2008.,SELECT T1.Name FROM conductor AS T1 JOIN orchestra AS T2 ON T1.Conductor_ID  =  T2.Conductor_ID WHERE Year_of_Founded  >  2008,SELECT DISTINCT T1.Name FROM conductor AS T1 JOIN orchestra AS T2 ON T1.Conductor_ID = T2.Conductor_ID WHERE T2.Year_of_Founded > 2008,SELECT DISTINCT T1.Name FROM conductor AS T1 JOIN orchestra AS T2 ON T1.Conductor_ID = T2.Conductor_ID WHERE T2.Year_of_Founded > 2008,1.0,Resultados idênticos (ordered=False).
847,orchestra,What are the names of conductors who have conducted orchestras founded after the year 2008?,SELECT T1.Name FROM conductor AS T1 JOIN orchestra AS T2 ON T1.Conductor_ID  =  T2.Conductor_ID WHERE Year_of_Founded  >  2008,SELECT DISTINCT c.Name FROM conductor c JOIN orchestra o ON c.Conductor_ID = o.Conductor_ID WHERE YEAR(o.Year_of_Founded) > 2008,SELECT DISTINCT c.Name FROM conductor c JOIN orchestra o ON c.Conductor_ID = o.Conductor_ID WHERE YEAR(o.Year_of_Founded) > 2008,0.0,Falha ao executar a consulta gerada: no such function: YEAR
848,orchestra,Please show the different record companies and the corresponding number of orchestras.,"SELECT Record_Company ,  COUNT(*) FROM orchestra GROUP BY Record_Company","SELECT T2.Record_Company, COUNT(T1.Orchestra_ID) AS Number_of_orchestras FROM orchestra AS T1 JOIN conductor AS T2 ON T1.Conductor_ID = T2.Conductor_ID GROUP BY T2.Record_Company","SELECT T2.Record_Company, COUNT(T1.Orchestra_ID) AS Number_of_orchestras FROM orchestra AS T1 JOIN conductor AS T2 ON T1.Conductor_ID = T2.Conductor_ID GROUP BY T2.Record_Company",0.0,Falha ao executar a consulta gerada: no such column: T2.Record_Company
849,orchestra,How many orchestras does each record company manage?,"SELECT Record_Company ,  COUNT(*) FROM orchestra GROUP BY Record_Company","SELECT T2.Record_Company , COUNT(T1.Orchestra_ID) FROM orchestra AS T2 JOIN show AS T1 ON T2.Orchestra_ID = T1.Performance_ID GROUP BY T2.Record_Company","SELECT T2.Record_Company , COUNT(T1.Orchestra_ID) FROM orchestra AS T2 JOIN show AS T1 ON T2.Orchestra_ID = T1.Performance_ID GROUP BY T2.Record_Company",0.0,Falha ao executar a consulta gerada: no such column: T1.Orchestra_ID
850,orchestra,Please show the record formats of orchestras in ascending order of count.,SELECT Major_Record_Format FROM orchestra GROUP BY Major_Record_Format ORDER BY COUNT(*) ASC,SELECT Major_Record_Format FROM orchestra ORDER BY Major_Record_Format ASC,SELECT Major_Record_Format FROM orchestra ORDER BY Major_Record_Format ASC,0.0,"Resultados divergentes (ordered=True). gold=3 linhas, pred=12 linhas."
851,orchestra,"What are the major record formats of orchestras, sorted by their frequency?",SELECT Major_Record_Format FROM orchestra GROUP BY Major_Record_Format ORDER BY COUNT(*) ASC,"SELECT Major_Record_Format, COUNT(*) AS Frequency FROM orchestra GROUP BY Major_Record_Format ORDER BY Frequency DESC","SELECT Major_Record_Format, COUNT(*) AS Frequency FROM orchestra GROUP BY Major_Record_Format ORDER BY Frequency DESC",0.0,"Resultados divergentes (ordered=True). gold=3 linhas, pred=3 linhas."
852,orchestra,List the record company shared by the most number of orchestras.,SELECT Record_Company FROM orchestra GROUP BY Record_Company ORDER BY COUNT(*) DESC LIMIT 1,"SELECT T2.Record_Company FROM orchestra AS T2 JOIN (SELECT Orchestra_ID, COUNT(Record_Company) AS Count FROM show GROUP BY Record_Company ORDER BY Count DESC LIMIT 1) AS T1 ON T2.Orchestra_ID = T1.Orchestra_ID","SELECT T2.Record_Company FROM orchestra AS T2 JOIN (SELECT Orchestra_ID, COUNT(Record_Company) AS Count FROM show GROUP BY Record_Company ORDER BY Count DESC LIMIT 1) AS T1 ON T2.Orchestra_ID = T1.Orchestra_ID",0.0,Falha ao executar a consulta gerada: no such column: Orchestra_ID
853,orchestra,What is the record company used by the greatest number of orchestras?,SELECT Record_Company FROM orchestra GROUP BY Record_Company ORDER BY COUNT(*) DESC LIMIT 1,"SELECT T2.Record_Company, COUNT(T1.Orchestra_ID) AS Orchestra_Count 
FROM orchestra AS T1 
JOIN conductor AS T2 
ON T1.Conductor_ID = T2.Conductor_ID 
GROUP BY T2.Record_Company 
ORDER BY Orchestra_Count DESC LIMIT 1;","SELECT T2.Record_Company, COUNT(T1.Orchestra_ID) AS Orchestra_Count 
FROM orchestra AS T1 
JOIN conductor AS T2 
ON T1.Conductor_ID = T2.Conductor_ID 
GROUP BY T2.Record_Company 
ORDER BY Orchestra_Count DESC LIMIT 1",0.0,Falha ao executar a consulta gerada: no such column: T2.Record_Company
854,orchestra,List the names of orchestras that have no performance.,SELECT Orchestra FROM orchestra WHERE Orchestra_ID NOT IN (SELECT Orchestra_ID FROM performance),SELECT O.Orchestra FROM orchestra O LEFT JOIN performance P ON O.Orchestra_ID = P.Orchestra_ID WHERE P.Orchestra_ID IS NULL,SELECT O.Orchestra FROM orchestra O LEFT JOIN performance P ON O.Orchestra_ID = P.Orchestra_ID WHERE P.Orchestra_ID IS NULL,1.0,Resultados idênticos (ordered=False).
855,orchestra,What are the orchestras that do not have any performances?,SELECT Orchestra FROM orchestra WHERE Orchestra_ID NOT IN (SELECT Orchestra_ID FROM performance),SELECT Orchestra FROM orchestra WHERE Orchestra NOT IN (SELECT DISTINCT Orchestra_ID FROM performance),SELECT Orchestra FROM orchestra WHERE Orchestra NOT IN (SELECT DISTINCT Orchestra_ID FROM performance),0.0,"Resultados divergentes (ordered=False). gold=1 linhas, pred=12 linhas."
856,orchestra,Show the record companies shared by orchestras founded before 2003 and after 2003.,SELECT Record_Company FROM orchestra WHERE Year_of_Founded  <  2003 INTERSECT SELECT Record_Company FROM orchestra WHERE Year_of_Founded  >  2003,SELECT T1.Record_Company FROM orchestra AS T1 JOIN performance AS T2 ON T1.Orchestra_ID = T2.Orchestra_ID JOIN show AS T3 ON T2.Performance_ID = T3.Performance_ID WHERE T1.Year_of_Founded < 2003 OR T1.Year_of_Founded > 2003 GROUP BY T1.Record_Company,SELECT T1.Record_Company FROM orchestra AS T1 JOIN performance AS T2 ON T1.Orchestra_ID = T2.Orchestra_ID JOIN show AS T3 ON T2.Performance_ID = T3.Performance_ID WHERE T1.Year_of_Founded < 2003 OR T1.Year_of_Founded > 2003 GROUP BY T1.Record_Company,0.0,"Resultados divergentes (ordered=False). gold=1 linhas, pred=4 linhas."
857,orchestra,What are the record companies that are used by both orchestras founded before 2003 and those founded after 2003?,SELECT Record_Company FROM orchestra WHERE Year_of_Founded  <  2003 INTERSECT SELECT Record_Company FROM orchestra WHERE Year_of_Founded  >  2003,SELECT T1.Record_Company FROM orchestra AS T1 JOIN orchestra AS T2 ON T1.Orchestra_ID = T2.Orchestra_ID WHERE T1.Year_of_Founded < 2003 AND T2.Year_of_Founded > 2003 GROUP BY T1.Record_Company,SELECT T1.Record_Company FROM orchestra AS T1 JOIN orchestra AS T2 ON T1.Orchestra_ID = T2.Orchestra_ID WHERE T1.Year_of_Founded < 2003 AND T2.Year_of_Founded > 2003 GROUP BY T1.Record_Company,0.0,"Resultados divergentes (ordered=False). gold=1 linhas, pred=0 linhas."
858,orchestra,"Find the number of orchestras whose record format is ""CD"" or ""DVD"".","SELECT COUNT(*) FROM orchestra WHERE Major_Record_Format  =  ""CD"" OR Major_Record_Format  =  ""DVD""","SELECT COUNT(DISTINCT Orchestra_ID) FROM orchestra WHERE Major_Record_Format IN ('CD', 'DVD')","SELECT COUNT(DISTINCT Orchestra_ID) FROM orchestra WHERE Major_Record_Format IN ('CD', 'DVD')",1.0,Resultados idênticos (ordered=False).
859,orchestra,Count the number of orchestras that have CD or DVD as their record format.,"SELECT COUNT(*) FROM orchestra WHERE Major_Record_Format  =  ""CD"" OR Major_Record_Format  =  ""DVD""","SELECT COUNT(DISTINCT O.Orchestra_ID) FROM orchestra O WHERE O.Major_Record_Format IN ('CD', 'DVD')","SELECT COUNT(DISTINCT O.Orchestra_ID) FROM orchestra O WHERE O.Major_Record_Format IN ('CD', 'DVD')",1.0,Resultados idênticos (ordered=False).
860,orchestra,Show the years in which orchestras that have given more than one performance are founded.,SELECT Year_of_Founded FROM orchestra AS T1 JOIN performance AS T2 ON T1.Orchestra_ID  =  T2.Orchestra_ID GROUP BY T2.Orchestra_ID HAVING COUNT(*)  >  1,SELECT DISTINCT T2.Year_of_Founded FROM orchestra AS T2 JOIN performance AS T1 ON T2.Orchestra_ID = T1.Orchestra_ID GROUP BY T2.Orchestra_ID HAVING COUNT(T1.Performance_ID) > 1,SELECT DISTINCT T2.Year_of_Founded FROM orchestra AS T2 JOIN performance AS T1 ON T2.Orchestra_ID = T1.Orchestra_ID GROUP BY T2.Orchestra_ID HAVING COUNT(T1.Performance_ID) > 1,1.0,Resultados idênticos (ordered=False).
861,orchestra,What are years of founding for orchestras that have had more than a single performance?,SELECT Year_of_Founded FROM orchestra AS T1 JOIN performance AS T2 ON T1.Orchestra_ID  =  T2.Orchestra_ID GROUP BY T2.Orchestra_ID HAVING COUNT(*)  >  1,SELECT T2.Year_of_Founded FROM orchestra AS T2 JOIN performance AS T1 ON T2.Orchestra_ID = T1.Orchestra_ID GROUP BY T2.Orchestra_ID HAVING COUNT(T1.Performance_ID) > 1,SELECT T2.Year_of_Founded FROM orchestra AS T2 JOIN performance AS T1 ON T2.Orchestra_ID = T1.Orchestra_ID GROUP BY T2.Orchestra_ID HAVING COUNT(T1.Performance_ID) > 1,1.0,Resultados idênticos (ordered=False).
862,network_1,How many high schoolers are there?,SELECT count(*) FROM Highschooler,SELECT COUNT(DISTINCT ID) FROM Highschooler,SELECT COUNT(DISTINCT ID) FROM Highschooler,1.0,Resultados idênticos (ordered=False).
863,network_1,Count the number of high schoolers.,SELECT count(*) FROM Highschooler,SELECT COUNT(DISTINCT ID) FROM Highschooler,SELECT COUNT(DISTINCT ID) FROM Highschooler,1.0,Resultados idênticos (ordered=False).
864,network_1,Show the names and grades of each high schooler.,"SELECT name ,  grade FROM Highschooler","SELECT H.name, H.grade FROM Highschooler AS H GROUP BY H.name, H.grade","SELECT H.name, H.grade FROM Highschooler AS H GROUP BY H.name, H.grade",1.0,Resultados idênticos (ordered=False).
865,network_1,What are the names and grades for each high schooler?,"SELECT name ,  grade FROM Highschooler","SELECT H.name, H.grade FROM Highschooler AS H JOIN Likes AS L1 ON H.ID = L1.student_id JOIN Highschooler AS S ON L1.liked_id = S.ID","SELECT H.name, H.grade FROM Highschooler AS H JOIN Likes AS L1 ON H.ID = L1.student_id JOIN Highschooler AS S ON L1.liked_id = S.ID",0.0,"Resultados divergentes (ordered=False). gold=16 linhas, pred=10 linhas."
866,network_1,Show all the grades of the high schoolers.,SELECT grade FROM Highschooler,SELECT DISTINCT grade FROM Highschooler,SELECT DISTINCT grade FROM Highschooler,0.0,"Resultados divergentes (ordered=False). gold=16 linhas, pred=4 linhas."
867,network_1,What is the grade of each high schooler?,SELECT grade FROM Highschooler,SELECT H.grade FROM Highschooler AS H JOIN Likes AS L ON H.ID = L.student_id,SELECT H.grade FROM Highschooler AS H JOIN Likes AS L ON H.ID = L.student_id,0.0,"Resultados divergentes (ordered=False). gold=16 linhas, pred=10 linhas."
868,network_1,What grade is Kyle in?,"SELECT grade FROM Highschooler WHERE name  =  ""Kyle""",SELECT T2.grade FROM Highschooler AS T2 JOIN Likes AS T1 ON T2.ID = T1.student_id WHERE T2.name = 'Kyle',SELECT T2.grade FROM Highschooler AS T2 JOIN Likes AS T1 ON T2.ID = T1.student_id WHERE T2.name = 'Kyle',1.0,Resultados idênticos (ordered=False).
869,network_1,Return the grade for the high schooler named Kyle.,"SELECT grade FROM Highschooler WHERE name  =  ""Kyle""",SELECT T2.grade FROM Highschooler AS T2 JOIN Likes AS T1 ON T2.ID = T1.liked_id WHERE T2.name = 'Kyle',SELECT T2.grade FROM Highschooler AS T2 JOIN Likes AS T1 ON T2.ID = T1.liked_id WHERE T2.name = 'Kyle',1.0,Resultados idênticos (ordered=False).
870,network_1,Show the names of all high schoolers in grade 10.,SELECT name FROM Highschooler WHERE grade  =  10,SELECT name FROM Highschooler WHERE grade = 10,SELECT name FROM Highschooler WHERE grade = 10,1.0,Resultados idênticos (ordered=False).
871,network_1,What are the names of all high schoolers in grade 10?,SELECT name FROM Highschooler WHERE grade  =  10,SELECT T2.name FROM Highschooler AS T2 JOIN Likes AS T1 ON T2.ID = T1.student_id WHERE T2.grade = 10,SELECT T2.name FROM Highschooler AS T2 JOIN Likes AS T1 ON T2.ID = T1.student_id WHERE T2.grade = 10,0.0,"Resultados divergentes (ordered=False). gold=4 linhas, pred=2 linhas."
872,network_1,Show the ID of the high schooler named Kyle.,"SELECT ID FROM Highschooler WHERE name  =  ""Kyle""",SELECT ID FROM Highschooler WHERE name = 'Kyle',SELECT ID FROM Highschooler WHERE name = 'Kyle',1.0,Resultados idênticos (ordered=False).
873,network_1,What is Kyle's id?,"SELECT ID FROM Highschooler WHERE name  =  ""Kyle""",SELECT ID FROM Highschooler WHERE name = 'Kyle',SELECT ID FROM Highschooler WHERE name = 'Kyle',1.0,Resultados idênticos (ordered=False).
874,network_1,How many high schoolers are there in grade 9 or 10?,SELECT count(*) FROM Highschooler WHERE grade  =  9 OR grade  =  10,"SELECT COUNT(*) FROM Highschooler WHERE grade IN (9, 10)","SELECT COUNT(*) FROM Highschooler WHERE grade IN (9, 10)",1.0,Resultados idênticos (ordered=False).
875,network_1,Count the number of high schoolers in grades 9 or 10.,SELECT count(*) FROM Highschooler WHERE grade  =  9 OR grade  =  10,"SELECT COUNT(*) FROM Highschooler WHERE grade IN (9, 10)","SELECT COUNT(*) FROM Highschooler WHERE grade IN (9, 10)",1.0,Resultados idênticos (ordered=False).
876,network_1,Show the number of high schoolers for each grade.,"SELECT grade ,  count(*) FROM Highschooler GROUP BY grade","SELECT H.grade , COUNT(H.ID) FROM Highschooler AS H JOIN Likes AS L ON H.ID = L.student_id GROUP BY H.grade","SELECT H.grade , COUNT(H.ID) FROM Highschooler AS H JOIN Likes AS L ON H.ID = L.student_id GROUP BY H.grade",0.0,"Resultados divergentes (ordered=False). gold=4 linhas, pred=4 linhas."
877,network_1,How many high schoolers are in each grade?,"SELECT grade ,  count(*) FROM Highschooler GROUP BY grade","SELECT H.grade , COUNT(H.ID) FROM Highschooler AS H JOIN Likes AS L ON H.ID = L.student_id GROUP BY H.grade","SELECT H.grade , COUNT(H.ID) FROM Highschooler AS H JOIN Likes AS L ON H.ID = L.student_id GROUP BY H.grade",0.0,"Resultados divergentes (ordered=False). gold=4 linhas, pred=4 linhas."
878,network_1,Which grade has the most high schoolers?,SELECT grade FROM Highschooler GROUP BY grade ORDER BY count(*) DESC LIMIT 1,SELECT T2.grade FROM Highschooler AS T2 JOIN Likes AS T1 ON T2.ID = T1.student_id GROUP BY T2.grade ORDER BY COUNT(T1.liked_id) DESC LIMIT 1,SELECT T2.grade FROM Highschooler AS T2 JOIN Likes AS T1 ON T2.ID = T1.student_id GROUP BY T2.grade ORDER BY COUNT(T1.liked_id) DESC LIMIT 1,0.0,"Resultados divergentes (ordered=True). gold=1 linhas, pred=1 linhas."
879,network_1,Return the grade that has the greatest number of high schoolers.,SELECT grade FROM Highschooler GROUP BY grade ORDER BY count(*) DESC LIMIT 1,"(SELECT HS.grade FROM (SELECT HS.grade, COUNT(HS.ID) AS num FROM Highschooler HS JOIN Likes L ON HS.ID = L.student_id GROUP BY HS.grade) HS WHERE HS.num = (SELECT MAX(num) FROM (SELECT COUNT(HS.ID) AS num FROM Highschooler HS JOIN Likes L ON HS.ID = L.student_id GROUP BY HS.grade) HS))","SELECT HS.grade FROM (SELECT HS.grade, COUNT(HS.ID) AS num FROM Highschooler HS JOIN Likes L ON HS.ID = L.student_id GROUP BY HS.grade) HS WHERE HS.num = (SELECT MAX(num) FROM (SELECT COUNT(HS.ID) AS num FROM Highschooler HS JOIN Likes L ON HS.ID = L.student_id GROUP BY HS.grade) HS))",0.0,"Falha ao executar a consulta gerada: near "")"": syntax error"
880,network_1,Show me all grades that have at least 4 students.,SELECT grade FROM Highschooler GROUP BY grade HAVING count(*)  >=  4,SELECT H.grade FROM Highschooler H JOIN Likes L ON H.ID = L.student_id GROUP BY H.grade HAVING COUNT(DISTINCT L.liked_id) >= 4,SELECT H.grade FROM Highschooler H JOIN Likes L ON H.ID = L.student_id GROUP BY H.grade HAVING COUNT(DISTINCT L.liked_id) >= 4,0.0,"Resultados divergentes (ordered=False). gold=4 linhas, pred=1 linhas."
881,network_1,Which grades have 4 or more high schoolers?,SELECT grade FROM Highschooler GROUP BY grade HAVING count(*)  >=  4,SELECT H.grade FROM Highschooler H JOIN Likes L ON H.ID = L.student_id GROUP BY H.grade HAVING COUNT(DISTINCT L.liked_id) >= 4,SELECT H.grade FROM Highschooler H JOIN Likes L ON H.ID = L.student_id GROUP BY H.grade HAVING COUNT(DISTINCT L.liked_id) >= 4,0.0,"Resultados divergentes (ordered=False). gold=4 linhas, pred=1 linhas."
882,network_1,Show the student IDs and numbers of friends corresponding to each.,"SELECT student_id ,  count(*) FROM Friend GROUP BY student_id","SELECT H.ID, COUNT(F.student_id) AS Number_of_Friends FROM Highschooler H LEFT JOIN Friend F ON H.ID = F.student_id GROUP BY H.ID","SELECT H.ID, COUNT(F.student_id) AS Number_of_Friends FROM Highschooler H LEFT JOIN Friend F ON H.ID = F.student_id GROUP BY H.ID",0.0,"Resultados divergentes (ordered=False). gold=14 linhas, pred=16 linhas."
883,network_1,How many friends does each student have?,"SELECT student_id ,  count(*) FROM Friend GROUP BY student_id","SELECT F.student_id, COUNT(DISTINCT F.friend_id) as NumberOfFriends
FROM Friend F
JOIN Highschooler H ON F.student_id = H.ID
GROUP BY F.student_id;","SELECT F.student_id, COUNT(DISTINCT F.friend_id) as NumberOfFriends
FROM Friend F
JOIN Highschooler H ON F.student_id = H.ID
GROUP BY F.student_id",1.0,Resultados idênticos (ordered=False).
884,network_1,Show the names of high school students and their corresponding number of friends.,"SELECT T2.name ,  count(*) FROM Friend AS T1 JOIN Highschooler AS T2 ON T1.student_id  =  T2.id GROUP BY T1.student_id","SELECT H.name, COUNT(F.student_id) as Number_of_Friends FROM Highschooler H LEFT JOIN Friend F ON H.ID = F.student_id GROUP BY H.name","SELECT H.name, COUNT(F.student_id) as Number_of_Friends FROM Highschooler H LEFT JOIN Friend F ON H.ID = F.student_id GROUP BY H.name",0.0,"Resultados divergentes (ordered=False). gold=14 linhas, pred=14 linhas."
885,network_1,What are the names of the high schoolers and how many friends does each have?,"SELECT T2.name ,  count(*) FROM Friend AS T1 JOIN Highschooler AS T2 ON T1.student_id  =  T2.id GROUP BY T1.student_id","SELECT H.name, COUNT(F.student_id) as Number_of_Friends FROM Highschooler H LEFT JOIN Friend F ON H.ID = F.student_id GROUP BY H.name","SELECT H.name, COUNT(F.student_id) as Number_of_Friends FROM Highschooler H LEFT JOIN Friend F ON H.ID = F.student_id GROUP BY H.name",0.0,"Resultados divergentes (ordered=False). gold=14 linhas, pred=14 linhas."
886,network_1,What is the name of the high schooler who has the greatest number of friends?,SELECT T2.name FROM Friend AS T1 JOIN Highschooler AS T2 ON T1.student_id  =  T2.id GROUP BY T1.student_id ORDER BY count(*) DESC LIMIT 1,SELECT H1.name FROM Highschooler AS H1 JOIN Friend AS F1 ON H1.ID = F1.student_id GROUP BY H1.ID ORDER BY COUNT(F1.friend_id) DESC LIMIT 1,SELECT H1.name FROM Highschooler AS H1 JOIN Friend AS F1 ON H1.ID = F1.student_id GROUP BY H1.ID ORDER BY COUNT(F1.friend_id) DESC LIMIT 1,1.0,Resultados idênticos (ordered=True).
887,network_1,Return the name of the high school student with the most friends.,SELECT T2.name FROM Friend AS T1 JOIN Highschooler AS T2 ON T1.student_id  =  T2.id GROUP BY T1.student_id ORDER BY count(*) DESC LIMIT 1,SELECT H1.name FROM Highschooler AS H1 JOIN Friend AS F1 ON H1.ID = F1.student_id GROUP BY H1.ID ORDER BY COUNT(F1.friend_id) DESC LIMIT 1,SELECT H1.name FROM Highschooler AS H1 JOIN Friend AS F1 ON H1.ID = F1.student_id GROUP BY H1.ID ORDER BY COUNT(F1.friend_id) DESC LIMIT 1,1.0,Resultados idênticos (ordered=True).
888,network_1,Show the names of high schoolers who have at least 3 friends.,SELECT T2.name FROM Friend AS T1 JOIN Highschooler AS T2 ON T1.student_id  =  T2.id GROUP BY T1.student_id HAVING count(*)  >=  3,SELECT H1.name FROM Highschooler AS H1 JOIN Friend AS F1 ON H1.ID = F1.student_id GROUP BY H1.name HAVING COUNT(DISTINCT F1.friend_id) >= 3,SELECT H1.name FROM Highschooler AS H1 JOIN Friend AS F1 ON H1.ID = F1.student_id GROUP BY H1.name HAVING COUNT(DISTINCT F1.friend_id) >= 3,0.0,"Resultados divergentes (ordered=False). gold=1 linhas, pred=3 linhas."
889,network_1,What are the names of high schoolers who have 3 or more friends?,SELECT T2.name FROM Friend AS T1 JOIN Highschooler AS T2 ON T1.student_id  =  T2.id GROUP BY T1.student_id HAVING count(*)  >=  3,SELECT H1.name FROM Highschooler AS H1 JOIN Friend AS F1 ON H1.ID = F1.student_id GROUP BY H1.name HAVING COUNT(DISTINCT F1.friend_id) >= 3,SELECT H1.name FROM Highschooler AS H1 JOIN Friend AS F1 ON H1.ID = F1.student_id GROUP BY H1.name HAVING COUNT(DISTINCT F1.friend_id) >= 3,0.0,"Resultados divergentes (ordered=False). gold=1 linhas, pred=3 linhas."
890,network_1,Show the names of all of the high schooler Kyle's friends.,"SELECT T3.name FROM Friend AS T1 JOIN Highschooler AS T2 ON T1.student_id  =  T2.id JOIN Highschooler AS T3 ON T1.friend_id  =  T3.id WHERE T2.name  =  ""Kyle""",SELECT T2.name FROM Highschooler AS T1 JOIN Friend AS T3 ON T1.ID = T3.student_id JOIN Highschooler AS T2 ON T3.friend_id = T2.ID WHERE T1.name = 'Kyle',SELECT T2.name FROM Highschooler AS T1 JOIN Friend AS T3 ON T1.ID = T3.student_id JOIN Highschooler AS T2 ON T3.friend_id = T2.ID WHERE T1.name = 'Kyle',1.0,Resultados idênticos (ordered=False).
891,network_1,Return the names of friends of the high school student Kyle.,"SELECT T3.name FROM Friend AS T1 JOIN Highschooler AS T2 ON T1.student_id  =  T2.id JOIN Highschooler AS T3 ON T1.friend_id  =  T3.id WHERE T2.name  =  ""Kyle""",SELECT T1.name FROM Highschooler AS T1 JOIN Friend AS T2 ON T1.ID = T2.student_id WHERE T1.name = 'Kyle' JOIN Highschooler AS T3 ON T2.friend_id = T3.ID,SELECT T1.name FROM Highschooler AS T1 JOIN Friend AS T2 ON T1.ID = T2.student_id WHERE T1.name = 'Kyle' JOIN Highschooler AS T3 ON T2.friend_id = T3.ID,0.0,"Falha ao executar a consulta gerada: near ""JOIN"": syntax error"
892,network_1,How many friends does the high school student Kyle have?,"SELECT count(*) FROM Friend AS T1 JOIN Highschooler AS T2 ON T1.student_id  =  T2.id WHERE T2.name  =  ""Kyle""",SELECT COUNT(DISTINCT friend_id) FROM Friend WHERE student_id = (SELECT ID FROM Highschooler WHERE name = 'Kyle'),SELECT COUNT(DISTINCT friend_id) FROM Friend WHERE student_id = (SELECT ID FROM Highschooler WHERE name = 'Kyle'),1.0,Resultados idênticos (ordered=False).
893,network_1,Count the number of friends Kyle has.,"SELECT count(*) FROM Friend AS T1 JOIN Highschooler AS T2 ON T1.student_id  =  T2.id WHERE T2.name  =  ""Kyle""",SELECT COUNT(DISTINCT friend_id) FROM Friend WHERE student_id = (SELECT ID FROM Highschooler WHERE name = 'Kyle'),SELECT COUNT(DISTINCT friend_id) FROM Friend WHERE student_id = (SELECT ID FROM Highschooler WHERE name = 'Kyle'),1.0,Resultados idênticos (ordered=False).
894,network_1,Show ids of all students who do not have any friends.,SELECT id FROM Highschooler EXCEPT SELECT student_id FROM Friend,SELECT student_id FROM Highschooler WHERE student_id NOT IN (SELECT DISTINCT student_id FROM Friend),SELECT student_id FROM Highschooler WHERE student_id NOT IN (SELECT DISTINCT student_id FROM Friend),0.0,Falha ao executar a consulta gerada: no such column: student_id
895,network_1,What are the ids of high school students who do not have friends?,SELECT id FROM Highschooler EXCEPT SELECT student_id FROM Friend,SELECT ID FROM Highschooler WHERE ID NOT IN (SELECT student_id FROM Likes) EXCEPT SELECT friend_id FROM Friend,SELECT ID FROM Highschooler WHERE ID NOT IN (SELECT student_id FROM Likes) EXCEPT SELECT friend_id FROM Friend,0.0,"Resultados divergentes (ordered=False). gold=2 linhas, pred=1 linhas."
896,network_1,Show names of all high school students who do not have any friends.,SELECT name FROM Highschooler EXCEPT SELECT T2.name FROM Friend AS T1 JOIN Highschooler AS T2 ON T1.student_id  =  T2.id,SELECT H.name FROM Highschooler H WHERE H.ID NOT IN (SELECT F.student_id FROM Friend F),SELECT H.name FROM Highschooler H WHERE H.ID NOT IN (SELECT F.student_id FROM Friend F),1.0,Resultados idênticos (ordered=False).
897,network_1,What are the names of students who have no friends?,SELECT name FROM Highschooler EXCEPT SELECT T2.name FROM Friend AS T1 JOIN Highschooler AS T2 ON T1.student_id  =  T2.id,SELECT H.name FROM Highschooler H WHERE H.ID NOT IN (SELECT F.student_id FROM Friend F),SELECT H.name FROM Highschooler H WHERE H.ID NOT IN (SELECT F.student_id FROM Friend F),1.0,Resultados idênticos (ordered=False).
898,network_1,Show the ids of high schoolers who have friends and are also liked by someone else.,SELECT student_id FROM Friend INTERSECT SELECT liked_id FROM Likes,SELECT DISTINCT T1.ID FROM Highschooler AS T1 JOIN Friend AS T2 ON T1.ID = T2.student_id JOIN Likes AS T3 ON T1.ID = T3.liked_id WHERE T2.student_id IS NOT NULL AND T3.student_id IS NOT NULL,SELECT DISTINCT T1.ID FROM Highschooler AS T1 JOIN Friend AS T2 ON T1.ID = T2.student_id JOIN Likes AS T3 ON T1.ID = T3.liked_id WHERE T2.student_id IS NOT NULL AND T3.student_id IS NOT NULL,1.0,Resultados idênticos (ordered=False).
899,network_1,What are the ids of students who both have friends and are liked?,SELECT student_id FROM Friend INTERSECT SELECT liked_id FROM Likes,SELECT T1.student_id FROM Highschooler AS T1 JOIN Friend AS T2 ON T1.ID = T2.student_id JOIN Likes AS T3 ON T1.ID = T3.liked_id GROUP BY T1.student_id HAVING COUNT(T2.friend_id) > 0 AND COUNT(T3.liked_id) > 0,SELECT T1.student_id FROM Highschooler AS T1 JOIN Friend AS T2 ON T1.ID = T2.student_id JOIN Likes AS T3 ON T1.ID = T3.liked_id GROUP BY T1.student_id HAVING COUNT(T2.friend_id) > 0 AND COUNT(T3.liked_id) > 0,0.0,Falha ao executar a consulta gerada: no such column: T1.student_id
900,network_1,Show name of all students who have some friends and also are liked by someone else.,SELECT T2.name FROM Friend AS T1 JOIN Highschooler AS T2 ON T1.student_id  =  T2.id INTERSECT SELECT T2.name FROM Likes AS T1 JOIN Highschooler AS T2 ON T1.liked_id  =  T2.id,"SELECT H1.name FROM Highschooler AS H1
JOIN Friend AS F1 ON H1.ID = F1.student_id
WHERE F1.friend_id IN (SELECT student_id FROM Likes)","SELECT H1.name FROM Highschooler AS H1
JOIN Friend AS F1 ON H1.ID = F1.student_id
WHERE F1.friend_id IN (SELECT student_id FROM Likes)",0.0,"Resultados divergentes (ordered=False). gold=8 linhas, pred=14 linhas."
901,network_1,What are the names of high schoolers who both have friends and are liked?,SELECT T2.name FROM Friend AS T1 JOIN Highschooler AS T2 ON T1.student_id  =  T2.id INTERSECT SELECT T2.name FROM Likes AS T1 JOIN Highschooler AS T2 ON T1.liked_id  =  T2.id,SELECT H1.name FROM Highschooler AS H1 JOIN Friend AS F1 ON H1.ID = F1.student_id JOIN Highschooler AS H2 ON F1.friend_id = H2.ID JOIN Likes AS L1 ON H1.ID = L1.student_id WHERE H2.ID IS NOT NULL AND H1.ID IS NOT NULL,SELECT H1.name FROM Highschooler AS H1 JOIN Friend AS F1 ON H1.ID = F1.student_id JOIN Highschooler AS H2 ON F1.friend_id = H2.ID JOIN Likes AS L1 ON H1.ID = L1.student_id WHERE H2.ID IS NOT NULL AND H1.ID IS NOT NULL,0.0,"Resultados divergentes (ordered=False). gold=8 linhas, pred=12 linhas."
902,network_1,Count the number of likes for each student id.,"SELECT student_id ,  count(*) FROM Likes GROUP BY student_id","SELECT student_id, COUNT(liked_id) FROM Likes GROUP BY student_id","SELECT student_id, COUNT(liked_id) FROM Likes GROUP BY student_id",1.0,Resultados idênticos (ordered=False).
903,network_1,How many likes correspond to each student id?,"SELECT student_id ,  count(*) FROM Likes GROUP BY student_id","SELECT T1.student_id, COUNT(T2.liked_id) FROM Likes AS T1 JOIN Highschooler AS T2 ON T1.liked_id = T2.ID GROUP BY T1.student_id","SELECT T1.student_id, COUNT(T2.liked_id) FROM Likes AS T1 JOIN Highschooler AS T2 ON T1.liked_id = T2.ID GROUP BY T1.student_id",0.0,Falha ao executar a consulta gerada: no such column: T2.liked_id
904,network_1,"Show the names of high schoolers who have likes, and numbers of likes for each.","SELECT T2.name ,  count(*) FROM Likes AS T1 JOIN Highschooler AS T2 ON T1.student_id  =  T2.id GROUP BY T1.student_id","SELECT H.name, COUNT(L.liked_id) as NumberOfLikes FROM Highschooler H LEFT JOIN Likes L ON H.ID = L.student_id GROUP BY H.name","SELECT H.name, COUNT(L.liked_id) as NumberOfLikes FROM Highschooler H LEFT JOIN Likes L ON H.ID = L.student_id GROUP BY H.name",0.0,"Resultados divergentes (ordered=False). gold=10 linhas, pred=14 linhas."
905,network_1,"What are the names of high schoolers who have likes, and how many likes does each have?","SELECT T2.name ,  count(*) FROM Likes AS T1 JOIN Highschooler AS T2 ON T1.student_id  =  T2.id GROUP BY T1.student_id","SELECT H.name, COUNT(L.liked_id) as Like_Count FROM Highschooler H LEFT JOIN Likes L ON H.ID = L.student_id GROUP BY H.name","SELECT H.name, COUNT(L.liked_id) as Like_Count FROM Highschooler H LEFT JOIN Likes L ON H.ID = L.student_id GROUP BY H.name",0.0,"Resultados divergentes (ordered=False). gold=10 linhas, pred=14 linhas."
906,network_1,What is the name of the high schooler who has the greatest number of likes?,SELECT T2.name FROM Likes AS T1 JOIN Highschooler AS T2 ON T1.student_id  =  T2.id GROUP BY T1.student_id ORDER BY count(*) DESC LIMIT 1,SELECT H1.name FROM Highschooler AS H1 JOIN Likes AS L1 ON H1.ID = L1.student_id GROUP BY H1.ID ORDER BY COUNT(L1.liked_id) DESC LIMIT 1,SELECT H1.name FROM Highschooler AS H1 JOIN Likes AS L1 ON H1.ID = L1.student_id GROUP BY H1.ID ORDER BY COUNT(L1.liked_id) DESC LIMIT 1,1.0,Resultados idênticos (ordered=True).
907,network_1,Give the name of the student with the most likes.,SELECT T2.name FROM Likes AS T1 JOIN Highschooler AS T2 ON T1.student_id  =  T2.id GROUP BY T1.student_id ORDER BY count(*) DESC LIMIT 1,SELECT H1.name FROM Highschooler AS H1 JOIN Likes AS L1 ON H1.ID = L1.student_id GROUP BY H1.ID ORDER BY COUNT(L1.liked_id) DESC LIMIT 1,SELECT H1.name FROM Highschooler AS H1 JOIN Likes AS L1 ON H1.ID = L1.student_id GROUP BY H1.ID ORDER BY COUNT(L1.liked_id) DESC LIMIT 1,1.0,Resultados idênticos (ordered=True).
908,network_1,Show the names of students who have at least 2 likes.,SELECT T2.name FROM Likes AS T1 JOIN Highschooler AS T2 ON T1.student_id  =  T2.id GROUP BY T1.student_id HAVING count(*)  >=  2,SELECT H1.name FROM Highschooler AS H1 JOIN Likes AS L1 ON H1.ID = L1.student_id GROUP BY H1.name HAVING COUNT(DISTINCT L1.liked_id) >= 2,SELECT H1.name FROM Highschooler AS H1 JOIN Likes AS L1 ON H1.ID = L1.student_id GROUP BY H1.name HAVING COUNT(DISTINCT L1.liked_id) >= 2,0.0,"Resultados divergentes (ordered=False). gold=0 linhas, pred=1 linhas."
909,network_1,What are the names of students who have 2 or more likes?,SELECT T2.name FROM Likes AS T1 JOIN Highschooler AS T2 ON T1.student_id  =  T2.id GROUP BY T1.student_id HAVING count(*)  >=  2,SELECT H1.name FROM Highschooler AS H1 JOIN Likes AS L1 ON H1.ID = L1.student_id GROUP BY H1.name HAVING COUNT(DISTINCT L1.liked_id) >= 2,SELECT H1.name FROM Highschooler AS H1 JOIN Likes AS L1 ON H1.ID = L1.student_id GROUP BY H1.name HAVING COUNT(DISTINCT L1.liked_id) >= 2,0.0,"Resultados divergentes (ordered=False). gold=0 linhas, pred=1 linhas."
910,network_1,Show the names of students who have a grade higher than 5 and have at least 2 friends.,SELECT T2.name FROM Friend AS T1 JOIN Highschooler AS T2 ON T1.student_id  =  T2.id WHERE T2.grade  >  5 GROUP BY T1.student_id HAVING count(*)  >=  2,SELECT H.name FROM Highschooler H JOIN Friend F ON H.ID = F.student_id WHERE H.grade > 5 GROUP BY H.ID HAVING COUNT(DISTINCT F.friend_id) >= 2,SELECT H.name FROM Highschooler H JOIN Friend F ON H.ID = F.student_id WHERE H.grade > 5 GROUP BY H.ID HAVING COUNT(DISTINCT F.friend_id) >= 2,1.0,Resultados idênticos (ordered=False).
911,network_1,What are the names of high schoolers who have a grade of over 5 and have 2 or more friends?,SELECT T2.name FROM Friend AS T1 JOIN Highschooler AS T2 ON T1.student_id  =  T2.id WHERE T2.grade  >  5 GROUP BY T1.student_id HAVING count(*)  >=  2,SELECT H.name FROM Highschooler H JOIN Friend F ON H.ID = F.student_id WHERE H.grade > 5 GROUP BY H.ID HAVING COUNT(DISTINCT F.friend_id) >= 2,SELECT H.name FROM Highschooler H JOIN Friend F ON H.ID = F.student_id WHERE H.grade > 5 GROUP BY H.ID HAVING COUNT(DISTINCT F.friend_id) >= 2,1.0,Resultados idênticos (ordered=False).
912,network_1,How many likes does Kyle have?,"SELECT count(*) FROM Likes AS T1 JOIN Highschooler AS T2 ON T1.student_id  =  T2.id WHERE T2.name  =  ""Kyle""",SELECT COUNT(DISTINCT liked_id) FROM Likes WHERE student_id = (SELECT ID FROM Highschooler WHERE name = 'Kyle'),SELECT COUNT(DISTINCT liked_id) FROM Likes WHERE student_id = (SELECT ID FROM Highschooler WHERE name = 'Kyle'),1.0,Resultados idênticos (ordered=False).
913,network_1,Return the number of likes that the high schooler named Kyle has.,"SELECT count(*) FROM Likes AS T1 JOIN Highschooler AS T2 ON T1.student_id  =  T2.id WHERE T2.name  =  ""Kyle""",SELECT COUNT(DISTINCT liked_id) AS LikeCount FROM Likes WHERE student_id = (SELECT ID FROM Highschooler WHERE name = 'Kyle'),SELECT COUNT(DISTINCT liked_id) AS LikeCount FROM Likes WHERE student_id = (SELECT ID FROM Highschooler WHERE name = 'Kyle'),1.0,Resultados idênticos (ordered=False).
914,network_1,Find the average grade of all students who have some friends.,SELECT avg(grade) FROM Highschooler WHERE id IN (SELECT T1.student_id FROM Friend AS T1 JOIN Highschooler AS T2 ON T1.student_id  =  T2.id),SELECT AVG(H.grade) FROM Highschooler H WHERE EXISTS (SELECT 1 FROM Friend F JOIN Highschooler S ON F.student_id = S.ID WHERE F.friend_id = H.ID),SELECT AVG(H.grade) FROM Highschooler H WHERE EXISTS (SELECT 1 FROM Friend F JOIN Highschooler S ON F.student_id = S.ID WHERE F.friend_id = H.ID),0.0,"Resultados divergentes (ordered=False). gold=1 linhas, pred=1 linhas."
915,network_1,What is the average grade of students who have friends?,SELECT avg(grade) FROM Highschooler WHERE id IN (SELECT T1.student_id FROM Friend AS T1 JOIN Highschooler AS T2 ON T1.student_id  =  T2.id),SELECT AVG(H.grade) FROM Highschooler H JOIN Highschooler F ON H.ID = F.friend_id WHERE F.student_id IN (SELECT student_id FROM Likes),SELECT AVG(H.grade) FROM Highschooler H JOIN Highschooler F ON H.ID = F.friend_id WHERE F.student_id IN (SELECT student_id FROM Likes),0.0,Falha ao executar a consulta gerada: no such column: F.student_id
916,network_1,Find the minimum grade of students who have no friends.,SELECT min(grade) FROM Highschooler WHERE id NOT IN (SELECT T1.student_id FROM Friend AS T1 JOIN Highschooler AS T2 ON T1.student_id  =  T2.id),SELECT MIN(H.grade) FROM Highschooler H WHERE H.ID NOT IN (SELECT F.student_id FROM Friend F),SELECT MIN(H.grade) FROM Highschooler H WHERE H.ID NOT IN (SELECT F.student_id FROM Friend F),1.0,Resultados idênticos (ordered=False).
917,network_1,What is the lowest grade of students who do not have any friends?,SELECT min(grade) FROM Highschooler WHERE id NOT IN (SELECT T1.student_id FROM Friend AS T1 JOIN Highschooler AS T2 ON T1.student_id  =  T2.id),SELECT MIN(H.grade) FROM Highschooler H WHERE H.ID NOT IN (SELECT F.student_id FROM Friend F),SELECT MIN(H.grade) FROM Highschooler H WHERE H.ID NOT IN (SELECT F.student_id FROM Friend F),1.0,Resultados idênticos (ordered=False).
918,dog_kennels,Which states have both owners and professionals living there?,SELECT state FROM Owners INTERSECT SELECT state FROM Professionals,SELECT DISTINCT T1.state FROM Owners AS T1 JOIN Professionals AS T2 ON T1.owner_id = T2.professional_id WHERE T1.state IS NOT NULL,SELECT DISTINCT T1.state FROM Owners AS T1 JOIN Professionals AS T2 ON T1.owner_id = T2.professional_id WHERE T1.state IS NOT NULL,0.0,"Resultados divergentes (ordered=False). gold=3 linhas, pred=14 linhas."
919,dog_kennels,Find the states where both owners and professionals live.,SELECT state FROM Owners INTERSECT SELECT state FROM Professionals,SELECT DISTINCT T2.state FROM Owners AS T1 JOIN Professionals AS T2 ON T1.email_address = T2.email_address WHERE T2.state IS NOT NULL,SELECT DISTINCT T2.state FROM Owners AS T1 JOIN Professionals AS T2 ON T1.email_address = T2.email_address WHERE T2.state IS NOT NULL,0.0,"Resultados divergentes (ordered=False). gold=3 linhas, pred=0 linhas."
920,dog_kennels,What is the average age of the dogs who have gone through any treatments?,SELECT avg(age) FROM Dogs WHERE dog_id IN ( SELECT dog_id FROM Treatments ),SELECT AVG(age) FROM Dogs WHERE dog_id IN (SELECT dog_id FROM Treatments),SELECT AVG(age) FROM Dogs WHERE dog_id IN (SELECT dog_id FROM Treatments),1.0,Resultados idênticos (ordered=False).
921,dog_kennels,Find the average age of the dogs who went through treatments.,SELECT avg(age) FROM Dogs WHERE dog_id IN ( SELECT dog_id FROM Treatments ),SELECT AVG(D.age) FROM Dogs AS D JOIN Treatments AS T ON D.dog_id = T.dog_id WHERE T.treatment_id IS NOT NULL,SELECT AVG(D.age) FROM Dogs AS D JOIN Treatments AS T ON D.dog_id = T.dog_id WHERE T.treatment_id IS NOT NULL,0.0,"Resultados divergentes (ordered=False). gold=1 linhas, pred=1 linhas."
922,dog_kennels,"Which professionals live in the state of Indiana or have done treatment on more than 2 treatments? List his or her id, last name and cell phone.","SELECT professional_id ,  last_name ,  cell_number FROM Professionals WHERE state  =  'Indiana' UNION SELECT T1.professional_id ,  T1.last_name ,  T1.cell_number FROM Professionals AS T1 JOIN Treatments AS T2 ON T1.professional_id  =  T2.professional_id GROUP BY T1.professional_id HAVING count(*)  >  2","SELECT T3.professional_id ,  T3.last_name ,  T3.cell_number FROM Treatments AS T1 JOIN Professionals AS T3 ON T1.professional_id = T3.professional_id WHERE T3.state IN ('IN') OR T1.professional_id IN (SELECT professional_id FROM Treatments GROUP BY professional_id HAVING COUNT(treatment_id) > 2) GROUP BY T3.professional_id ,  T3.last_name ,  T3.cell_number","SELECT T3.professional_id ,  T3.last_name ,  T3.cell_number FROM Treatments AS T1 JOIN Professionals AS T3 ON T1.professional_id = T3.professional_id WHERE T3.state IN ('IN') OR T1.professional_id IN (SELECT professional_id FROM Treatments GROUP BY professional_id HAVING COUNT(treatment_id) > 2) GROUP BY T3.professional_id ,  T3.last_name ,  T3.cell_number",0.0,"Resultados divergentes (ordered=False). gold=3 linhas, pred=1 linhas."
923,dog_kennels,"Find the id, last name and cell phone of the professionals who live in the state of Indiana or have performed more than two treatments.","SELECT professional_id ,  last_name ,  cell_number FROM Professionals WHERE state  =  'Indiana' UNION SELECT T1.professional_id ,  T1.last_name ,  T1.cell_number FROM Professionals AS T1 JOIN Treatments AS T2 ON T1.professional_id  =  T2.professional_id GROUP BY T1.professional_id HAVING count(*)  >  2","SELECT P.professional_id, P.last_name, P.cell_number FROM Professionals AS P JOIN Treatments AS T ON P.professional_id = T.professional_id WHERE P.state IN ('IN', 'IN') GROUP BY P.professional_id HAVING COUNT(T.treatment_id) > 2","SELECT P.professional_id, P.last_name, P.cell_number FROM Professionals AS P JOIN Treatments AS T ON P.professional_id = T.professional_id WHERE P.state IN ('IN', 'IN') GROUP BY P.professional_id HAVING COUNT(T.treatment_id) > 2",0.0,"Resultados divergentes (ordered=False). gold=3 linhas, pred=0 linhas."
924,dog_kennels,Which dogs have not cost their owner more than 1000 for treatment ? List the dog names .,select name from dogs where dog_id not in ( select dog_id from treatments group by dog_id having sum(cost_of_treatment)  >  1000 ),SELECT T1.name FROM Dogs AS T1 JOIN Treatments AS T2 ON T1.dog_id = T2.dog_id WHERE T2.cost_of_treatment <= 1000,SELECT T1.name FROM Dogs AS T1 JOIN Treatments AS T2 ON T1.dog_id = T2.dog_id WHERE T2.cost_of_treatment <= 1000,0.0,"Resultados divergentes (ordered=False). gold=12 linhas, pred=15 linhas."
925,dog_kennels,What are the names of the dogs for which the owner has not spend more than 1000 for treatment ?,select name from dogs where dog_id not in ( select dog_id from treatments group by dog_id having sum(cost_of_treatment)  >  1000 ),SELECT DISTINCT T1.name FROM Dogs AS T1 JOIN Treatments AS T2 ON T1.dog_id = T2.dog_id WHERE T2.cost_of_treatment <= 1000 AND T1.owner_id IN (SELECT owner_id FROM Owners WHERE owner_id NOT IN (SELECT owner_id FROM Treatments WHERE cost_of_treatment > 1000)),SELECT DISTINCT T1.name FROM Dogs AS T1 JOIN Treatments AS T2 ON T1.dog_id = T2.dog_id WHERE T2.cost_of_treatment <= 1000 AND T1.owner_id IN (SELECT owner_id FROM Owners WHERE owner_id NOT IN (SELECT owner_id FROM Treatments WHERE cost_of_treatment > 1000)),0.0,"Resultados divergentes (ordered=False). gold=12 linhas, pred=9 linhas."
926,dog_kennels,Which first names are used for professionals or owners but are not used as dog names?,SELECT first_name FROM Professionals UNION SELECT first_name FROM Owners EXCEPT SELECT name FROM Dogs,"SELECT DISTINCT T1.first_name FROM Owners AS T1 
EXCEPT 
SELECT DISTINCT T2.name FROM Dogs AS T2","SELECT DISTINCT T1.first_name FROM Owners AS T1 
EXCEPT 
SELECT DISTINCT T2.name FROM Dogs AS T2",0.0,"Resultados divergentes (ordered=False). gold=30 linhas, pred=15 linhas."
927,dog_kennels,Find the first names that are used for professionals or owners but are not used as dog names.,SELECT first_name FROM Professionals UNION SELECT first_name FROM Owners EXCEPT SELECT name FROM Dogs,"SELECT DISTINCT first_name FROM Owners 
UNION
SELECT DISTINCT first_name FROM Professionals 
EXCEPT
SELECT DISTINCT name FROM Dogs","SELECT DISTINCT first_name FROM Owners 
UNION
SELECT DISTINCT first_name FROM Professionals 
EXCEPT
SELECT DISTINCT name FROM Dogs",1.0,Resultados idênticos (ordered=False).
928,dog_kennels,"Which professional did not operate any treatment on dogs? List the professional's id, role and email.","SELECT professional_id ,  role_code ,  email_address FROM Professionals EXCEPT SELECT T1.professional_id ,  T1.role_code ,  T1.email_address FROM Professionals AS T1 JOIN Treatments AS T2 ON T1.professional_id  =  T2.professional_id","SELECT T3.professional_id , T3.first_name , T3.last_name , T3.email_address FROM Professionals AS T3 LEFT JOIN Treatments AS T1 ON T3.professional_id = T1.professional_id LEFT JOIN Dogs AS T2 ON T1.dog_id = T2.dog_id WHERE T1.professional_id IS NULL","SELECT T3.professional_id , T3.first_name , T3.last_name , T3.email_address FROM Professionals AS T3 LEFT JOIN Treatments AS T1 ON T3.professional_id = T1.professional_id LEFT JOIN Dogs AS T2 ON T1.dog_id = T2.dog_id WHERE T1.professional_id IS NULL",0.0,"Resultados divergentes (ordered=False). gold=7 linhas, pred=7 linhas."
929,dog_kennels,"Give me the id, role and email of the professionals who did not perform any treatment on dogs.","SELECT professional_id ,  role_code ,  email_address FROM Professionals EXCEPT SELECT T1.professional_id ,  T1.role_code ,  T1.email_address FROM Professionals AS T1 JOIN Treatments AS T2 ON T1.professional_id  =  T2.professional_id","SELECT professional_id, first_name, last_name, email_address FROM Professionals WHERE professional_id NOT IN (SELECT DISTINCT professional_id FROM Treatments)","SELECT professional_id, first_name, last_name, email_address FROM Professionals WHERE professional_id NOT IN (SELECT DISTINCT professional_id FROM Treatments)",0.0,"Resultados divergentes (ordered=False). gold=7 linhas, pred=7 linhas."
930,dog_kennels,"Which owner owns the most dogs? List the owner id, first name and last name.","SELECT T1.owner_id ,  T2.first_name ,  T2.last_name FROM Dogs AS T1 JOIN Owners AS T2 ON T1.owner_id  =  T2.owner_id GROUP BY T1.owner_id ORDER BY count(*) DESC LIMIT 1","SELECT T3.owner_id, T3.first_name, T3.last_name FROM Treatments AS T1 JOIN Dogs AS T2 ON T1.dog_id = T2.dog_id JOIN Owners AS T3 ON T2.owner_id = T3.owner_id GROUP BY T3.owner_id ORDER BY COUNT(T2.dog_id) DESC LIMIT 1","SELECT T3.owner_id, T3.first_name, T3.last_name FROM Treatments AS T1 JOIN Dogs AS T2 ON T1.dog_id = T2.dog_id JOIN Owners AS T3 ON T2.owner_id = T3.owner_id GROUP BY T3.owner_id ORDER BY COUNT(T2.dog_id) DESC LIMIT 1",1.0,Resultados idênticos (ordered=True).
931,dog_kennels,"Return the owner id, first name and last name of the owner who has the most dogs.","SELECT T1.owner_id ,  T2.first_name ,  T2.last_name FROM Dogs AS T1 JOIN Owners AS T2 ON T1.owner_id  =  T2.owner_id GROUP BY T1.owner_id ORDER BY count(*) DESC LIMIT 1","SELECT T3.owner_id, T3.first_name, T3.last_name FROM Dogs AS T1 JOIN Owners AS T3 ON T1.owner_id = T3.owner_id GROUP BY T3.owner_id ORDER BY COUNT(T1.dog_id) DESC LIMIT 1","SELECT T3.owner_id, T3.first_name, T3.last_name FROM Dogs AS T1 JOIN Owners AS T3 ON T1.owner_id = T3.owner_id GROUP BY T3.owner_id ORDER BY COUNT(T1.dog_id) DESC LIMIT 1",1.0,Resultados idênticos (ordered=True).
932,dog_kennels,"Which professionals have done at least two treatments? List the professional's id, role, and first name.","SELECT T1.professional_id ,  T1.role_code ,  T1.first_name FROM Professionals AS T1 JOIN Treatments AS T2 ON T1.professional_id  =  T2.professional_id GROUP BY T1.professional_id HAVING count(*)  >=  2","SELECT T3.professional_id, T3.role_code, T3.first_name FROM Treatments AS T1 JOIN Professionals AS T3 ON T1.professional_id = T3.professional_id GROUP BY T1.professional_id HAVING COUNT(T1.treatment_id) >= 2","SELECT T3.professional_id, T3.role_code, T3.first_name FROM Treatments AS T1 JOIN Professionals AS T3 ON T1.professional_id = T3.professional_id GROUP BY T1.professional_id HAVING COUNT(T1.treatment_id) >= 2",1.0,Resultados idênticos (ordered=False).
933,dog_kennels,"What are the id, role, and first name of the professionals who have performed two or more treatments?","SELECT T1.professional_id ,  T1.role_code ,  T1.first_name FROM Professionals AS T1 JOIN Treatments AS T2 ON T1.professional_id  =  T2.professional_id GROUP BY T1.professional_id HAVING count(*)  >=  2","SELECT T3.professional_id , T3.first_name , T3.role_code FROM Treatments AS T1 JOIN Professionals AS T3 ON T1.professional_id = T3.professional_id GROUP BY T1.professional_id HAVING COUNT(T1.treatment_id) >= 2","SELECT T3.professional_id , T3.first_name , T3.role_code FROM Treatments AS T1 JOIN Professionals AS T3 ON T1.professional_id = T3.professional_id GROUP BY T1.professional_id HAVING COUNT(T1.treatment_id) >= 2",0.0,"Resultados divergentes (ordered=False). gold=6 linhas, pred=6 linhas."
934,dog_kennels,What is the name of the breed with the most dogs?,SELECT T1.breed_name FROM Breeds AS T1 JOIN Dogs AS T2 ON T1.breed_code  =  T2.breed_code GROUP BY T1.breed_name ORDER BY count(*) DESC LIMIT 1,SELECT B.breed_name FROM Breeds B JOIN Dogs D ON B.breed_code = D.breed_code GROUP BY B.breed_name ORDER BY COUNT(D.dog_id) DESC LIMIT 1,SELECT B.breed_name FROM Breeds B JOIN Dogs D ON B.breed_code = D.breed_code GROUP BY B.breed_name ORDER BY COUNT(D.dog_id) DESC LIMIT 1,1.0,Resultados idênticos (ordered=True).
935,dog_kennels,Which breed do the most dogs have? Give me the breed name.,SELECT T1.breed_name FROM Breeds AS T1 JOIN Dogs AS T2 ON T1.breed_code  =  T2.breed_code GROUP BY T1.breed_name ORDER BY count(*) DESC LIMIT 1,SELECT T1.breed_name FROM Breeds AS T1 JOIN Dogs AS T2 ON T1.breed_code = T2.breed_code GROUP BY T1.breed_name ORDER BY COUNT(T2.dog_id) DESC LIMIT 1,SELECT T1.breed_name FROM Breeds AS T1 JOIN Dogs AS T2 ON T1.breed_code = T2.breed_code GROUP BY T1.breed_name ORDER BY COUNT(T2.dog_id) DESC LIMIT 1,1.0,Resultados idênticos (ordered=True).
936,dog_kennels,Which owner has paid for the most treatments on his or her dogs? List the owner id and last name.,"SELECT T1.owner_id ,  T1.last_name FROM Owners AS T1 JOIN Dogs AS T2 ON T1.owner_id  =  T2.owner_id JOIN Treatments AS T3 ON T2.dog_id  =  T3.dog_id GROUP BY T1.owner_id ORDER BY count(*) DESC LIMIT 1","SELECT T3.owner_id, T3.last_name FROM Treatments AS T1 JOIN Dogs AS T2 ON T1.dog_id = T2.dog_id JOIN Owners AS T3 ON T2.owner_id = T3.owner_id GROUP BY T3.owner_id, T3.last_name ORDER BY COUNT(*) DESC LIMIT 1","SELECT T3.owner_id, T3.last_name FROM Treatments AS T1 JOIN Dogs AS T2 ON T1.dog_id = T2.dog_id JOIN Owners AS T3 ON T2.owner_id = T3.owner_id GROUP BY T3.owner_id, T3.last_name ORDER BY COUNT(*) DESC LIMIT 1",1.0,Resultados idênticos (ordered=True).
937,dog_kennels,Tell me the owner id and last name of the owner who spent the most on treatments of his or her dogs.,"SELECT T1.owner_id ,  T1.last_name FROM Owners AS T1 JOIN Dogs AS T2 ON T1.owner_id  =  T2.owner_id JOIN Treatments AS T3 ON T2.dog_id  =  T3.dog_id GROUP BY T1.owner_id ORDER BY count(*) DESC LIMIT 1","SELECT T3.owner_id, T3.last_name FROM Treatments AS T1 JOIN Dogs AS T2 ON T1.dog_id = T2.dog_id AND T2.owner_id = T1.professional_id JOIN Owners AS T3 ON T3.owner_id = T2.owner_id GROUP BY T3.owner_id, T3.last_name ORDER BY SUM(T1.cost_of_treatment) DESC LIMIT 1","SELECT T3.owner_id, T3.last_name FROM Treatments AS T1 JOIN Dogs AS T2 ON T1.dog_id = T2.dog_id AND T2.owner_id = T1.professional_id JOIN Owners AS T3 ON T3.owner_id = T2.owner_id GROUP BY T3.owner_id, T3.last_name ORDER BY SUM(T1.cost_of_treatment) DESC LIMIT 1",0.0,"Resultados divergentes (ordered=True). gold=1 linhas, pred=0 linhas."
938,dog_kennels,What is the description of the treatment type that costs the least money in total?,SELECT T1.treatment_type_description FROM Treatment_types AS T1 JOIN Treatments AS T2 ON T1.treatment_type_code  =  T2.treatment_type_code GROUP BY T1.treatment_type_code ORDER BY sum(cost_of_treatment) ASC LIMIT 1,"SELECT TT.treatment_type_description FROM Treatment_Types TT 
JOIN (SELECT treatment_type_code, MIN(cost_of_treatment) as min_cost 
      FROM Treatments GROUP BY treatment_type_code) T 
ON TT.treatment_type_code = T.treatment_type_code 
WHERE TT.treatment_type_code = T.treatment_type_code ORDER BY T.min_cost ASC LIMIT 1","SELECT TT.treatment_type_description FROM Treatment_Types TT 
JOIN (SELECT treatment_type_code, MIN(cost_of_treatment) as min_cost 
      FROM Treatments GROUP BY treatment_type_code) T 
ON TT.treatment_type_code = T.treatment_type_code 
WHERE TT.treatment_type_code = T.treatment_type_code ORDER BY T.min_cost ASC LIMIT 1",1.0,Resultados idênticos (ordered=True).
939,dog_kennels,Give me the description of the treatment type whose total cost is the lowest.,SELECT T1.treatment_type_description FROM Treatment_types AS T1 JOIN Treatments AS T2 ON T1.treatment_type_code  =  T2.treatment_type_code GROUP BY T1.treatment_type_code ORDER BY sum(cost_of_treatment) ASC LIMIT 1,"SELECT TT.treatment_type_description FROM Treatment_Types TT 
JOIN (SELECT treatment_type_code, MIN(cost_of_treatment) as min_cost 
      FROM Treatments GROUP BY treatment_type_code) TCT 
ON TT.treatment_type_code = TCT.treatment_type_code 
WHERE TCT.min_cost = Treatments.cost_of_treatment LIMIT 1","SELECT TT.treatment_type_description FROM Treatment_Types TT 
JOIN (SELECT treatment_type_code, MIN(cost_of_treatment) as min_cost 
      FROM Treatments GROUP BY treatment_type_code) TCT 
ON TT.treatment_type_code = TCT.treatment_type_code 
WHERE TCT.min_cost = Treatments.cost_of_treatment LIMIT 1",0.0,Falha ao executar a consulta gerada: no such column: Treatments.cost_of_treatment
940,dog_kennels,Which owner has paid the largest amount of money in total for their dogs? Show the owner id and zip code.,"SELECT T1.owner_id ,  T1.zip_code FROM Owners AS T1 JOIN Dogs AS T2 ON T1.owner_id  =  T2.owner_id JOIN Treatments AS T3 ON T2.dog_id  =  T3.dog_id GROUP BY T1.owner_id ORDER BY sum(T3.cost_of_treatment) DESC LIMIT 1","SELECT T3.owner_id, T3.zip_code FROM Treatments AS T1 JOIN Dogs AS T2 ON T1.dog_id = T2.dog_id AND T1.professional_id = T2.owner_id GROUP BY T3.owner_id ORDER BY SUM(T1.cost_of_treatment) DESC LIMIT 1","SELECT T3.owner_id, T3.zip_code FROM Treatments AS T1 JOIN Dogs AS T2 ON T1.dog_id = T2.dog_id AND T1.professional_id = T2.owner_id GROUP BY T3.owner_id ORDER BY SUM(T1.cost_of_treatment) DESC LIMIT 1",0.0,Falha ao executar a consulta gerada: no such column: T3.owner_id
941,dog_kennels,Find the owner id and zip code of the owner who spent the most money in total for his or her dogs.,"SELECT T1.owner_id ,  T1.zip_code FROM Owners AS T1 JOIN Dogs AS T2 ON T1.owner_id  =  T2.owner_id JOIN Treatments AS T3 ON T2.dog_id  =  T3.dog_id GROUP BY T1.owner_id ORDER BY sum(T3.cost_of_treatment) DESC LIMIT 1","SELECT T3.owner_id, T3.zip_code FROM Treatments AS T1 JOIN Dogs AS T2 ON T1.dog_id = T2.dog_id AND T2.owner_id = T1.professional_id JOIN Owners AS T3 ON T3.owner_id = T2.owner_id GROUP BY T3.owner_id ORDER BY SUM(T1.cost_of_treatment) DESC LIMIT 1","SELECT T3.owner_id, T3.zip_code FROM Treatments AS T1 JOIN Dogs AS T2 ON T1.dog_id = T2.dog_id AND T2.owner_id = T1.professional_id JOIN Owners AS T3 ON T3.owner_id = T2.owner_id GROUP BY T3.owner_id ORDER BY SUM(T1.cost_of_treatment) DESC LIMIT 1",0.0,"Resultados divergentes (ordered=True). gold=1 linhas, pred=0 linhas."
942,dog_kennels,Which professionals have done at least two types of treatments? List the professional id and cell phone.,"SELECT T1.professional_id ,  T1.cell_number FROM Professionals AS T1 JOIN Treatments AS T2 ON T1.professional_id  =  T2.professional_id GROUP BY T1.professional_id HAVING count(*)  >=  2","SELECT T3.professional_id, T3.cell_number FROM Treatments AS T1 JOIN Professionals AS T3 ON T1.professional_id = T3.professional_id GROUP BY T3.professional_id, T3.cell_number HAVING COUNT(DISTINCT T1.treatment_type_code) >= 2","SELECT T3.professional_id, T3.cell_number FROM Treatments AS T1 JOIN Professionals AS T3 ON T1.professional_id = T3.professional_id GROUP BY T3.professional_id, T3.cell_number HAVING COUNT(DISTINCT T1.treatment_type_code) >= 2",0.0,"Resultados divergentes (ordered=False). gold=6 linhas, pred=4 linhas."
943,dog_kennels,Find the id and cell phone of the professionals who operate two or more types of treatments.,"SELECT T1.professional_id ,  T1.cell_number FROM Professionals AS T1 JOIN Treatments AS T2 ON T1.professional_id  =  T2.professional_id GROUP BY T1.professional_id HAVING count(*)  >=  2","SELECT T3.professional_id, T3.cell_number FROM Treatments AS T1 JOIN Professionals AS T3 ON T1.professional_id = T3.professional_id GROUP BY T3.professional_id HAVING COUNT(DISTINCT T1.treatment_type_code) > 2","SELECT T3.professional_id, T3.cell_number FROM Treatments AS T1 JOIN Professionals AS T3 ON T1.professional_id = T3.professional_id GROUP BY T3.professional_id HAVING COUNT(DISTINCT T1.treatment_type_code) > 2",0.0,"Resultados divergentes (ordered=False). gold=6 linhas, pred=0 linhas."
944,dog_kennels,What are the first name and last name of the professionals who have done treatment with cost below average?,"SELECT DISTINCT T1.first_name ,  T1.last_name FROM Professionals AS T1 JOIN Treatments AS T2 WHERE cost_of_treatment  <  ( SELECT avg(cost_of_treatment) FROM Treatments )","SELECT T3.first_name, T3.last_name FROM Treatments AS T1 JOIN Professionals AS T3 ON T1.professional_id = T3.professional_id WHERE T1.cost_of_treatment < (SELECT AVG(T1.cost_of_treatment) FROM Treatments AS T1)","SELECT T3.first_name, T3.last_name FROM Treatments AS T1 JOIN Professionals AS T3 ON T1.professional_id = T3.professional_id WHERE T1.cost_of_treatment < (SELECT AVG(T1.cost_of_treatment) FROM Treatments AS T1)",0.0,"Resultados divergentes (ordered=False). gold=15 linhas, pred=8 linhas."
945,dog_kennels,Which professionals have operated a treatment that costs less than the average? Give me theor first names and last names.,"SELECT DISTINCT T1.first_name ,  T1.last_name FROM Professionals AS T1 JOIN Treatments AS T2 WHERE cost_of_treatment  <  ( SELECT avg(cost_of_treatment) FROM Treatments )","SELECT T3.first_name, T3.last_name FROM Treatments AS T1 JOIN Professionals AS T3 ON T1.professional_id = T3.professional_id WHERE T1.cost_of_treatment < (SELECT AVG(T1.cost_of_treatment) FROM Treatments AS T1) GROUP BY T3.professional_id","SELECT T3.first_name, T3.last_name FROM Treatments AS T1 JOIN Professionals AS T3 ON T1.professional_id = T3.professional_id WHERE T1.cost_of_treatment < (SELECT AVG(T1.cost_of_treatment) FROM Treatments AS T1) GROUP BY T3.professional_id",0.0,"Resultados divergentes (ordered=False). gold=15 linhas, pred=5 linhas."
946,dog_kennels,"List the date of each treatment, together with the first name of the professional who operated it.","SELECT T1.date_of_treatment ,  T2.first_name FROM Treatments AS T1 JOIN Professionals AS T2 ON T1.professional_id  =  T2.professional_id","SELECT T2.date_of_treatment, T3.first_name FROM Treatments AS T1 JOIN Professionals AS T3 ON T1.professional_id = T3.professional_id JOIN Dogs AS T4 ON T1.dog_id = T4.dog_id","SELECT T2.date_of_treatment, T3.first_name FROM Treatments AS T1 JOIN Professionals AS T3 ON T1.professional_id = T3.professional_id JOIN Dogs AS T4 ON T1.dog_id = T4.dog_id",0.0,Falha ao executar a consulta gerada: no such column: T2.date_of_treatment
947,dog_kennels,What are the date and the operating professional's first name of each treatment?,"SELECT T1.date_of_treatment ,  T2.first_name FROM Treatments AS T1 JOIN Professionals AS T2 ON T1.professional_id  =  T2.professional_id","SELECT T1.date_of_treatment, T3.first_name FROM Treatments AS T1 JOIN Professionals AS T3 ON T1.professional_id = T3.professional_id","SELECT T1.date_of_treatment, T3.first_name FROM Treatments AS T1 JOIN Professionals AS T3 ON T1.professional_id = T3.professional_id",1.0,Resultados idênticos (ordered=False).
948,dog_kennels,List the cost of each treatment and the corresponding treatment type description.,"SELECT T1.cost_of_treatment ,  T2.treatment_type_description FROM Treatments AS T1 JOIN treatment_types AS T2 ON T1.treatment_type_code  =  T2.treatment_type_code","SELECT T1.treatment_id ,  T1.cost_of_treatment ,  T3.treatment_type_description FROM Treatments AS T1 JOIN Treatment_Types AS T3 ON T1.treatment_type_code = T3.treatment_type_code","SELECT T1.treatment_id ,  T1.cost_of_treatment ,  T3.treatment_type_description FROM Treatments AS T1 JOIN Treatment_Types AS T3 ON T1.treatment_type_code = T3.treatment_type_code",0.0,"Resultados divergentes (ordered=False). gold=15 linhas, pred=15 linhas."
949,dog_kennels,What are the cost and treatment type description of each treatment?,"SELECT T1.cost_of_treatment ,  T2.treatment_type_description FROM Treatments AS T1 JOIN treatment_types AS T2 ON T1.treatment_type_code  =  T2.treatment_type_code","SELECT T1.cost_of_treatment, T2.treatment_type_description FROM Treatments AS T1 JOIN Treatment_Types AS T2 ON T1.treatment_type_code = T2.treatment_type_code","SELECT T1.cost_of_treatment, T2.treatment_type_description FROM Treatments AS T1 JOIN Treatment_Types AS T2 ON T1.treatment_type_code = T2.treatment_type_code",1.0,Resultados idênticos (ordered=False).
950,dog_kennels,"List each owner's first name, last name, and the size of his for her dog.","SELECT T1.first_name ,  T1.last_name ,  T2.size_code FROM Owners AS T1 JOIN Dogs AS T2 ON T1.owner_id  =  T2.owner_id","SELECT O.first_name, O.last_name, D.size_code FROM Owners O JOIN Dogs D ON O.owner_id = D.owner_id","SELECT O.first_name, O.last_name, D.size_code FROM Owners O JOIN Dogs D ON O.owner_id = D.owner_id",1.0,Resultados idênticos (ordered=False).
951,dog_kennels,"What are each owner's first name, last name, and the size of their dog?","SELECT T1.first_name ,  T1.last_name ,  T2.size_code FROM Owners AS T1 JOIN Dogs AS T2 ON T1.owner_id  =  T2.owner_id","SELECT O.first_name, O.last_name, D.size_code FROM Owners O JOIN Dogs D ON O.owner_id = D.owner_id","SELECT O.first_name, O.last_name, D.size_code FROM Owners O JOIN Dogs D ON O.owner_id = D.owner_id",1.0,Resultados idênticos (ordered=False).
952,dog_kennels,List pairs of the owner's first name and the dogs's name.,"SELECT T1.first_name ,  T2.name FROM Owners AS T1 JOIN Dogs AS T2 ON T1.owner_id  =  T2.owner_id","SELECT O.first_name, D.name FROM Owners O JOIN Dogs D ON O.owner_id = D.owner_id","SELECT O.first_name, D.name FROM Owners O JOIN Dogs D ON O.owner_id = D.owner_id",1.0,Resultados idênticos (ordered=False).
953,dog_kennels,What are each owner's first name and their dogs's name?,"SELECT T1.first_name ,  T2.name FROM Owners AS T1 JOIN Dogs AS T2 ON T1.owner_id  =  T2.owner_id","SELECT O.first_name, D.name FROM Owners O JOIN Dogs D ON O.owner_id = D.owner_id","SELECT O.first_name, D.name FROM Owners O JOIN Dogs D ON O.owner_id = D.owner_id",1.0,Resultados idênticos (ordered=False).
954,dog_kennels,List the names of the dogs of the rarest breed and the treatment dates of them.,"SELECT T1.name ,  T2.date_of_treatment FROM Dogs AS T1 JOIN Treatments AS T2 ON T1.dog_id  =  T2.dog_id WHERE T1.breed_code  =  ( SELECT breed_code FROM Dogs GROUP BY breed_code ORDER BY count(*) ASC LIMIT 1 )","SELECT T3.name, T4.date_of_treatment FROM Dogs AS T3 JOIN Treatments AS T4 ON T3.dog_id = T4.dog_id JOIN Breeds AS T5 ON T3.breed_code = T5.breed_code WHERE T5.breed_name = (SELECT T6.breed_name FROM Breeds AS T6 GROUP BY T6.breed_name ORDER BY COUNT(*) LIMIT 1)","SELECT T3.name, T4.date_of_treatment FROM Dogs AS T3 JOIN Treatments AS T4 ON T3.dog_id = T4.dog_id JOIN Breeds AS T5 ON T3.breed_code = T5.breed_code WHERE T5.breed_name = (SELECT T6.breed_name FROM Breeds AS T6 GROUP BY T6.breed_name ORDER BY COUNT(*) LIMIT 1)",0.0,"Resultados divergentes (ordered=True). gold=5 linhas, pred=5 linhas."
955,dog_kennels,Which dogs are of the rarest breed? Show their names and treatment dates.,"SELECT T1.name ,  T2.date_of_treatment FROM Dogs AS T1 JOIN Treatments AS T2 ON T1.dog_id  =  T2.dog_id WHERE T1.breed_code  =  ( SELECT breed_code FROM Dogs GROUP BY breed_code ORDER BY count(*) ASC LIMIT 1 )","SELECT T3.name, T4.date_of_treatment FROM Dogs AS T3 JOIN Treatments AS T4 ON T3.dog_id = T4.dog_id JOIN Breeds AS T1 ON T3.breed_code = T1.breed_code WHERE T1.breed_code IN (SELECT breed_code FROM Breeds GROUP BY breed_code ORDER BY COUNT(*) DESC LIMIT 1) JOIN Professionals AS T2 ON T4.professional_id = T2.professional_id GROUP BY T3.name, T4.date_of_treatment","SELECT T3.name, T4.date_of_treatment FROM Dogs AS T3 JOIN Treatments AS T4 ON T3.dog_id = T4.dog_id JOIN Breeds AS T1 ON T3.breed_code = T1.breed_code WHERE T1.breed_code IN (SELECT breed_code FROM Breeds GROUP BY breed_code ORDER BY COUNT(*) DESC LIMIT 1) JOIN Professionals AS T2 ON T4.professional_id = T2.professional_id GROUP BY T3.name, T4.date_of_treatment",0.0,"Falha ao executar a consulta gerada: near ""JOIN"": syntax error"
956,dog_kennels,Which dogs are owned by someone who lives in Virginia? List the owner's first name and the dog's name.,"SELECT T1.first_name ,  T2.name FROM Owners AS T1 JOIN Dogs AS T2 ON T1.owner_id  =  T2.owner_id WHERE T1.state  =  'Virginia'","SELECT T3.first_name, T1.name FROM Dogs AS T1 JOIN Owners AS T3 ON T1.owner_id = T3.owner_id WHERE T3.state = 'VA'","SELECT T3.first_name, T1.name FROM Dogs AS T1 JOIN Owners AS T3 ON T1.owner_id = T3.owner_id WHERE T3.state = 'VA'",0.0,"Resultados divergentes (ordered=False). gold=1 linhas, pred=0 linhas."
957,dog_kennels,Find the first names of owners living in Virginia and the names of dogs they own.,"SELECT T1.first_name ,  T2.name FROM Owners AS T1 JOIN Dogs AS T2 ON T1.owner_id  =  T2.owner_id WHERE T1.state  =  'Virginia'","SELECT O.first_name, D.name FROM Owners O JOIN Dogs D ON O.owner_id = D.owner_id WHERE O.state = 'VA'","SELECT O.first_name, D.name FROM Owners O JOIN Dogs D ON O.owner_id = D.owner_id WHERE O.state = 'VA'",0.0,"Resultados divergentes (ordered=False). gold=1 linhas, pred=0 linhas."
958,dog_kennels,What are the arriving date and the departing date of the dogs who have gone through a treatment?,"SELECT DISTINCT T1.date_arrived ,  T1.date_departed FROM Dogs AS T1 JOIN Treatments AS T2 ON T1.dog_id  =  T2.dog_id","SELECT T1.date_of_arrived, T1.date_of_departed FROM Dogs AS T1 JOIN Treatments AS T2 ON T1.dog_id = T2.dog_id","SELECT T1.date_of_arrived, T1.date_of_departed FROM Dogs AS T1 JOIN Treatments AS T2 ON T1.dog_id = T2.dog_id",0.0,Falha ao executar a consulta gerada: no such column: T1.date_of_arrived
959,dog_kennels,Find the arriving date and the departing date of the dogs that received a treatment.,"SELECT DISTINCT T1.date_arrived ,  T1.date_departed FROM Dogs AS T1 JOIN Treatments AS T2 ON T1.dog_id  =  T2.dog_id","SELECT T1.date_of_arrived, T1.date_departed FROM Dogs AS T1 JOIN Treatments AS T2 ON T1.dog_id = T2.dog_id WHERE T2.date_of_treatment IS NOT NULL","SELECT T1.date_of_arrived, T1.date_departed FROM Dogs AS T1 JOIN Treatments AS T2 ON T1.dog_id = T2.dog_id WHERE T2.date_of_treatment IS NOT NULL",0.0,Falha ao executar a consulta gerada: no such column: T1.date_of_arrived
960,dog_kennels,List the last name of the owner owning the youngest dog.,SELECT T1.last_name FROM Owners AS T1 JOIN Dogs AS T2 ON T1.owner_id  =  T2.owner_id WHERE T2.age  =  ( SELECT max(age) FROM Dogs ),SELECT T3.last_name FROM Owners AS T3 JOIN Dogs AS T1 ON T3.owner_id = T1.owner_id WHERE T1.age = (SELECT MAX(age) FROM Dogs),SELECT T3.last_name FROM Owners AS T3 JOIN Dogs AS T1 ON T3.owner_id = T1.owner_id WHERE T1.age = (SELECT MAX(age) FROM Dogs),1.0,Resultados idênticos (ordered=False).
961,dog_kennels,Who owns the youngest dog? Give me his or her last name.,SELECT T1.last_name FROM Owners AS T1 JOIN Dogs AS T2 ON T1.owner_id  =  T2.owner_id WHERE T2.age  =  ( SELECT max(age) FROM Dogs ),SELECT T3.last_name FROM Dogs AS T1 JOIN Owners AS T3 ON T1.owner_id = T3.owner_id WHERE T1.age = (SELECT MIN(age) FROM Dogs),SELECT T3.last_name FROM Dogs AS T1 JOIN Owners AS T3 ON T1.owner_id = T3.owner_id WHERE T1.age = (SELECT MIN(age) FROM Dogs),0.0,"Resultados divergentes (ordered=False). gold=3 linhas, pred=1 linhas."
962,dog_kennels,List the emails of the professionals who live in the state of Hawaii or the state of Wisconsin.,SELECT email_address FROM Professionals WHERE state  =  'Hawaii' OR state  =  'Wisconsin',"SELECT email_address FROM Professionals WHERE state IN ('Hawaii', 'Wisconsin')","SELECT email_address FROM Professionals WHERE state IN ('Hawaii', 'Wisconsin')",1.0,Resultados idênticos (ordered=False).
963,dog_kennels,What are the emails of the professionals living in either the state of Hawaii or the state of Wisconsin?,SELECT email_address FROM Professionals WHERE state  =  'Hawaii' OR state  =  'Wisconsin',"SELECT email_address FROM Professionals WHERE state IN ('Hawaii', 'Wisconsin')","SELECT email_address FROM Professionals WHERE state IN ('Hawaii', 'Wisconsin')",1.0,Resultados idênticos (ordered=False).
964,dog_kennels,What are the arriving date and the departing date of all the dogs?,"SELECT date_arrived ,  date_departed FROM Dogs","SELECT `date_arrived`, `date_departed` FROM `Dogs`","SELECT `date_arrived`, `date_departed` FROM `Dogs`",1.0,Resultados idênticos (ordered=False).
965,dog_kennels,List the arrival date and the departure date for all the dogs.,"SELECT date_arrived ,  date_departed FROM Dogs","SELECT `date_arrived`, `date_departed` FROM `Dogs`","SELECT `date_arrived`, `date_departed` FROM `Dogs`",1.0,Resultados idênticos (ordered=False).
966,dog_kennels,How many dogs went through any treatments?,SELECT count(DISTINCT dog_id) FROM Treatments,SELECT COUNT(DISTINCT dog_id) FROM Treatments,SELECT COUNT(DISTINCT dog_id) FROM Treatments,1.0,Resultados idênticos (ordered=False).
967,dog_kennels,Count the number of dogs that went through a treatment.,SELECT count(DISTINCT dog_id) FROM Treatments,SELECT COUNT(*) FROM Treatments,SELECT COUNT(*) FROM Treatments,0.0,"Resultados divergentes (ordered=False). gold=1 linhas, pred=1 linhas."
968,dog_kennels,How many professionals have performed any treatment to dogs?,SELECT count(DISTINCT professional_id) FROM Treatments,SELECT COUNT(DISTINCT professional_id) FROM Treatments,SELECT COUNT(DISTINCT professional_id) FROM Treatments,1.0,Resultados idênticos (ordered=False).
969,dog_kennels,Find the number of professionals who have ever treated dogs.,SELECT count(DISTINCT professional_id) FROM Treatments,SELECT COUNT(DISTINCT professional_id) FROM Treatments,SELECT COUNT(DISTINCT professional_id) FROM Treatments,1.0,Resultados idênticos (ordered=False).
970,dog_kennels,"Which professionals live in a city containing the substring 'West'? List his or her role, street, city and state.","SELECT role_code ,  street ,  city ,  state FROM professionals WHERE city LIKE '%West%'","SELECT T3.role_code , T3.first_name , T3.street , T3.city , T3.state FROM Professionals AS T3 JOIN Owners AS T1 ON T3.owner_id = T1.owner_id WHERE T1.city LIKE '%West%'","SELECT T3.role_code , T3.first_name , T3.street , T3.city , T3.state FROM Professionals AS T3 JOIN Owners AS T1 ON T3.owner_id = T1.owner_id WHERE T1.city LIKE '%West%'",0.0,Falha ao executar a consulta gerada: no such column: T3.owner_id
971,dog_kennels,"Find the role, street, city and state of the professionals living in a city that contains the substring 'West'.","SELECT role_code ,  street ,  city ,  state FROM professionals WHERE city LIKE '%West%'","SELECT T1.role_code ,  T1.first_name ,  T1.street ,  T1.city ,  T1.state FROM Professionals AS T1 JOIN Owners AS T2 ON T1.owner_id = T2.owner_id WHERE T2.city LIKE '%West%'","SELECT T1.role_code ,  T1.first_name ,  T1.street ,  T1.city ,  T1.state FROM Professionals AS T1 JOIN Owners AS T2 ON T1.owner_id = T2.owner_id WHERE T2.city LIKE '%West%'",0.0,Falha ao executar a consulta gerada: no such column: T1.owner_id
972,dog_kennels,"Which owners live in the state whose name contains the substring 'North'? List his first name, last name and email.","SELECT first_name ,  last_name ,  email_address FROM Owners WHERE state LIKE '%North%'","SELECT T3.first_name, T3.last_name, T3.email_address FROM Owners AS T1 JOIN Professionals AS T2 ON T1.owner_id = T2.professional_id JOIN Owners AS T3 ON T2.owner_id = T3.owner_id WHERE T1.state LIKE '%North%'","SELECT T3.first_name, T3.last_name, T3.email_address FROM Owners AS T1 JOIN Professionals AS T2 ON T1.owner_id = T2.professional_id JOIN Owners AS T3 ON T2.owner_id = T3.owner_id WHERE T1.state LIKE '%North%'",0.0,Falha ao executar a consulta gerada: no such column: T2.owner_id
973,dog_kennels,"Return the first name, last name and email of the owners living in a state whose name contains the substring 'North'.","SELECT first_name ,  last_name ,  email_address FROM Owners WHERE state LIKE '%North%'","SELECT first_name, last_name, email_address FROM Owners WHERE state LIKE '%North%'","SELECT first_name, last_name, email_address FROM Owners WHERE state LIKE '%North%'",1.0,Resultados idênticos (ordered=False).
974,dog_kennels,How many dogs have an age below the average?,SELECT count(*) FROM Dogs WHERE age  <  ( SELECT avg(age) FROM Dogs ),"SELECT COUNT(*) FROM Dogs WHERE age < (SELECT AVG(IIF(T.date_of_treatment IS NOT NULL, T.cost_of_treatment, 0)) FROM Treatments AS T GROUP BY T.dog_id)","SELECT COUNT(*) FROM Dogs WHERE age < (SELECT AVG(IIF(T.date_of_treatment IS NOT NULL, T.cost_of_treatment, 0)) FROM Treatments AS T GROUP BY T.dog_id)",0.0,"Resultados divergentes (ordered=False). gold=1 linhas, pred=1 linhas."
975,dog_kennels,Count the number of dogs of an age below the average.,SELECT count(*) FROM Dogs WHERE age  <  ( SELECT avg(age) FROM Dogs ),SELECT COUNT(*) FROM Dogs WHERE age < (SELECT AVG(age) FROM Dogs),SELECT COUNT(*) FROM Dogs WHERE age < (SELECT AVG(age) FROM Dogs),1.0,Resultados idênticos (ordered=False).
976,dog_kennels,How much does the most recent treatment cost?,SELECT cost_of_treatment FROM Treatments ORDER BY date_of_treatment DESC LIMIT 1,SELECT MAX(cost_of_treatment) FROM Treatments WHERE date_of_treatment = (SELECT MAX(date_of_treatment) FROM Treatments),SELECT MAX(cost_of_treatment) FROM Treatments WHERE date_of_treatment = (SELECT MAX(date_of_treatment) FROM Treatments),1.0,Resultados idênticos (ordered=True).
977,dog_kennels,Show me the cost of the most recently performed treatment.,SELECT cost_of_treatment FROM Treatments ORDER BY date_of_treatment DESC LIMIT 1,"SELECT MAX(date_of_treatment), MAX(cost_of_treatment) FROM Treatments ORDER BY date_of_treatment DESC LIMIT 1","SELECT MAX(date_of_treatment), MAX(cost_of_treatment) FROM Treatments ORDER BY date_of_treatment DESC LIMIT 1",0.0,"Resultados divergentes (ordered=True). gold=1 linhas, pred=1 linhas."
978,dog_kennels,How many dogs have not gone through any treatment?,SELECT count(*) FROM Dogs WHERE dog_id NOT IN ( SELECT dog_id FROM Treatments ),SELECT COUNT(*) FROM Dogs WHERE dog_id NOT IN (SELECT DISTINCT dog_id FROM Treatments),SELECT COUNT(*) FROM Dogs WHERE dog_id NOT IN (SELECT DISTINCT dog_id FROM Treatments),1.0,Resultados idênticos (ordered=False).
979,dog_kennels,Tell me the number of dogs that have not received any treatment .,select count(*) from dogs where dog_id not in ( select dog_id from treatments ),SELECT COUNT(*) FROM Dogs WHERE dog_id NOT IN (SELECT DISTINCT dog_id FROM Treatments),SELECT COUNT(*) FROM Dogs WHERE dog_id NOT IN (SELECT DISTINCT dog_id FROM Treatments),1.0,Resultados idênticos (ordered=False).
980,dog_kennels,How many owners temporarily do not have any dogs?,SELECT count(*) FROM Owners WHERE owner_id NOT IN ( SELECT owner_id FROM Dogs ),SELECT COUNT(owner_id) FROM Owners WHERE owner_id IN (SELECT owner_id FROM Dogs WHERE abandoned_yn = 'Y'),SELECT COUNT(owner_id) FROM Owners WHERE owner_id IN (SELECT owner_id FROM Dogs WHERE abandoned_yn = 'Y'),0.0,"Resultados divergentes (ordered=False). gold=1 linhas, pred=1 linhas."
981,dog_kennels,Find the number of owners who do not own any dogs at this moment.,SELECT count(*) FROM Owners WHERE owner_id NOT IN ( SELECT owner_id FROM Dogs ),SELECT COUNT(owner_id) FROM Owners WHERE owner_id NOT IN (SELECT owner_id FROM Dogs),SELECT COUNT(owner_id) FROM Owners WHERE owner_id NOT IN (SELECT owner_id FROM Dogs),1.0,Resultados idênticos (ordered=False).
982,dog_kennels,How many professionals did not operate any treatment on dogs?,SELECT count(*) FROM Professionals WHERE professional_id NOT IN ( SELECT professional_id FROM Treatments ),SELECT COUNT(DISTINCT professional_id) FROM Professionals WHERE professional_id NOT IN (SELECT DISTINCT professional_id FROM Treatments),SELECT COUNT(DISTINCT professional_id) FROM Professionals WHERE professional_id NOT IN (SELECT DISTINCT professional_id FROM Treatments),1.0,Resultados idênticos (ordered=False).
983,dog_kennels,Find the number of professionals who have not treated any dogs.,SELECT count(*) FROM Professionals WHERE professional_id NOT IN ( SELECT professional_id FROM Treatments ),SELECT COUNT(DISTINCT professional_id) FROM Professionals WHERE professional_id NOT IN (SELECT DISTINCT professional_id FROM Treatments),SELECT COUNT(DISTINCT professional_id) FROM Professionals WHERE professional_id NOT IN (SELECT DISTINCT professional_id FROM Treatments),1.0,Resultados idênticos (ordered=False).
984,dog_kennels,"List the dog name, age and weight of the dogs who have been abandoned? 1 stands for yes, and 0 stands for no.","SELECT name ,  age ,  weight FROM Dogs WHERE abandoned_yn  =  1","SELECT T1.name ,  T1.age ,  T1.weight FROM Dogs AS T1 JOIN candidate AS T2 ON T1.dog_id = T2.owner_id WHERE T2.abandoned_yn = '1'","SELECT T1.name ,  T1.age ,  T1.weight FROM Dogs AS T1 JOIN candidate AS T2 ON T1.dog_id = T2.owner_id WHERE T2.abandoned_yn = '1'",0.0,Falha ao executar a consulta gerada: no such table: candidate
985,dog_kennels,"What are the dog name, age and weight of the dogs that were abandoned? Note that 1 stands for yes, and 0 stands for no in the tables.","SELECT name ,  age ,  weight FROM Dogs WHERE abandoned_yn  =  1","SELECT T3.name, T3.age, T3.weight FROM Dogs AS T3 WHERE T3.abandoned_yn = '1'","SELECT T3.name, T3.age, T3.weight FROM Dogs AS T3 WHERE T3.abandoned_yn = '1'",1.0,Resultados idênticos (ordered=False).
986,dog_kennels,What is the average age of all the dogs?,SELECT avg(age) FROM Dogs,SELECT AVG(age) FROM Dogs,SELECT AVG(age) FROM Dogs,1.0,Resultados idênticos (ordered=False).
987,dog_kennels,Compute the average age of all the dogs.,SELECT avg(age) FROM Dogs,SELECT AVG(age) FROM Dogs WHERE age IS NOT NULL,SELECT AVG(age) FROM Dogs WHERE age IS NOT NULL,1.0,Resultados idênticos (ordered=False).
988,dog_kennels,What is the age of the oldest dog?,SELECT max(age) FROM Dogs,SELECT MAX(age) FROM Dogs WHERE age IS NOT NULL,SELECT MAX(age) FROM Dogs WHERE age IS NOT NULL,1.0,Resultados idênticos (ordered=False).
989,dog_kennels,Tell me the age of the oldest dog.,SELECT max(age) FROM Dogs,SELECT MAX(age) FROM Dogs WHERE age IS NOT NULL,SELECT MAX(age) FROM Dogs WHERE age IS NOT NULL,1.0,Resultados idênticos (ordered=False).
990,dog_kennels,How much does each charge type costs? List both charge type and amount.,"SELECT charge_type ,  charge_amount FROM Charges","SELECT `charge_type` ,  `charge_amount` FROM `Charges`","SELECT `charge_type` ,  `charge_amount` FROM `Charges`",1.0,Resultados idênticos (ordered=False).
991,dog_kennels,List each charge type and its amount.,"SELECT charge_type ,  charge_amount FROM Charges","SELECT `charge_type` ,  `charge_amount` FROM `Charges`","SELECT `charge_type` ,  `charge_amount` FROM `Charges`",1.0,Resultados idênticos (ordered=False).
992,dog_kennels,How much does the most expensive charge type costs?,SELECT max(charge_amount) FROM Charges,SELECT MAX(charge_amount) FROM Charges WHERE charge_type = 'Most Expensive',SELECT MAX(charge_amount) FROM Charges WHERE charge_type = 'Most Expensive',0.0,"Resultados divergentes (ordered=False). gold=1 linhas, pred=1 linhas."
993,dog_kennels,What is the charge amount of the most expensive charge type?,SELECT max(charge_amount) FROM Charges,"SELECT MAX(charge_amount), charge_type FROM Charges GROUP BY charge_type ORDER BY MAX(charge_amount) DESC LIMIT 1","SELECT MAX(charge_amount), charge_type FROM Charges GROUP BY charge_type ORDER BY MAX(charge_amount) DESC LIMIT 1",0.0,"Resultados divergentes (ordered=False). gold=1 linhas, pred=1 linhas."
994,dog_kennels,"List the email, cell phone and home phone of all the professionals.","SELECT email_address ,  cell_number ,  home_phone FROM professionals","SELECT `email_address`, `cell_number`, `home_phone` FROM `Professionals`","SELECT `email_address`, `cell_number`, `home_phone` FROM `Professionals`",1.0,Resultados idênticos (ordered=False).
995,dog_kennels,"What are the email, cell phone and home phone of each professional?","SELECT email_address ,  cell_number ,  home_phone FROM professionals","SELECT `email_address`, `cell_number`, `home_phone` FROM Professionals","SELECT `email_address`, `cell_number`, `home_phone` FROM Professionals",1.0,Resultados idênticos (ordered=False).
996,dog_kennels,What are all the possible breed type and size type combinations?,"SELECT DISTINCT breed_code ,  size_code FROM dogs","SELECT DISTINCT T1.breed_code, T2.size_code FROM Breeds AS T1 JOIN Dogs AS T3 ON T1.breed_code = T3.breed_code JOIN Sizes AS T2 ON T2.size_code = T3.size_code","SELECT DISTINCT T1.breed_code, T2.size_code FROM Breeds AS T1 JOIN Dogs AS T3 ON T1.breed_code = T3.breed_code JOIN Sizes AS T2 ON T2.size_code = T3.size_code",1.0,Resultados idênticos (ordered=False).
997,dog_kennels,Find the distinct breed type and size type combinations for dogs.,"SELECT DISTINCT breed_code ,  size_code FROM dogs","SELECT DISTINCT T1.breed_code, T2.size_code FROM Dogs AS T1 JOIN Breeds AS T3 ON T1.breed_code = T3.breed_code JOIN Sizes AS T2 ON T1.size_code = T2.size_code","SELECT DISTINCT T1.breed_code, T2.size_code FROM Dogs AS T1 JOIN Breeds AS T3 ON T1.breed_code = T3.breed_code JOIN Sizes AS T2 ON T1.size_code = T2.size_code",1.0,Resultados idênticos (ordered=False).
998,dog_kennels,List the first name of all the professionals along with the description of the treatment they have done.,"SELECT DISTINCT T1.first_name ,  T3.treatment_type_description FROM professionals AS T1 JOIN Treatments AS T2 ON T1.professional_id  =  T2.professional_id JOIN Treatment_types AS T3 ON T2.treatment_type_code  =  T3.treatment_type_code","SELECT T3.first_name, T4.treatment_type_description FROM Treatments AS T1 JOIN Professionals AS T3 ON T1.professional_id = T3.professional_id JOIN Treatment_Types AS T4 ON T1.treatment_type_code = T4.treatment_type_code","SELECT T3.first_name, T4.treatment_type_description FROM Treatments AS T1 JOIN Professionals AS T3 ON T1.professional_id = T3.professional_id JOIN Treatment_Types AS T4 ON T1.treatment_type_code = T4.treatment_type_code",0.0,"Resultados divergentes (ordered=False). gold=12 linhas, pred=15 linhas."
999,dog_kennels,What are each professional's first name and description of the treatment they have performed?,"SELECT DISTINCT T1.first_name ,  T3.treatment_type_description FROM professionals AS T1 JOIN Treatments AS T2 ON T1.professional_id  =  T2.professional_id JOIN Treatment_types AS T3 ON T2.treatment_type_code  =  T3.treatment_type_code","SELECT T3.first_name, T4.treatment_type_description FROM Treatments AS T1 JOIN Professionals AS T3 ON T1.professional_id = T3.professional_id JOIN Treatment_Types AS T4 ON T1.treatment_type_code = T4.treatment_type_code","SELECT T3.first_name, T4.treatment_type_description FROM Treatments AS T1 JOIN Professionals AS T3 ON T1.professional_id = T3.professional_id JOIN Treatment_Types AS T4 ON T1.treatment_type_code = T4.treatment_type_code",0.0,"Resultados divergentes (ordered=False). gold=12 linhas, pred=15 linhas."
1000,singer,How many singers are there?,SELECT count(*) FROM singer,SELECT count(*) FROM singer,SELECT count(*) FROM singer,1.0,Resultados idênticos (ordered=False).
1001,singer,What is the count of singers?,SELECT count(*) FROM singer,SELECT count(*) FROM singer,SELECT count(*) FROM singer,1.0,Resultados idênticos (ordered=False).
1002,singer,List the name of singers in ascending order of net worth.,SELECT Name FROM singer ORDER BY Net_Worth_Millions ASC,SELECT Name FROM singer ORDER BY Net_Worth_Millions ASC,SELECT Name FROM singer ORDER BY Net_Worth_Millions ASC,1.0,Resultados idênticos (ordered=True).
1003,singer,What are the names of singers ordered by ascending net worth?,SELECT Name FROM singer ORDER BY Net_Worth_Millions ASC,SELECT Name FROM singer ORDER BY Net_Worth_Millions ASC,SELECT Name FROM singer ORDER BY Net_Worth_Millions ASC,1.0,Resultados idênticos (ordered=True).
1004,singer,What are the birth year and citizenship of singers?,"SELECT Birth_Year ,  Citizenship FROM singer","SELECT T1.Birth_Year ,  T1.Citizenship FROM singer AS T1 JOIN song AS T2 ON T1.Singer_ID = T2.Singer_ID","SELECT T1.Birth_Year ,  T1.Citizenship FROM singer AS T1 JOIN song AS T2 ON T1.Singer_ID = T2.Singer_ID",0.0,"Resultados divergentes (ordered=False). gold=8 linhas, pred=8 linhas."
1005,singer,What are the birth years and citizenships of the singers?,"SELECT Birth_Year ,  Citizenship FROM singer","SELECT T1.Birth_Year ,  T1.Citizenship FROM singer AS T1 JOIN song AS T2 ON T1.Singer_ID = T2.Singer_ID","SELECT T1.Birth_Year ,  T1.Citizenship FROM singer AS T1 JOIN song AS T2 ON T1.Singer_ID = T2.Singer_ID",0.0,"Resultados divergentes (ordered=False). gold=8 linhas, pred=8 linhas."
1006,singer,"List the name of singers whose citizenship is not ""France"".","SELECT Name FROM singer WHERE Citizenship != ""France""",SELECT Name FROM singer WHERE Citizenship != 'France',SELECT Name FROM singer WHERE Citizenship != 'France',1.0,Resultados idênticos (ordered=False).
1007,singer,What are the names of the singers who are not French citizens?,"SELECT Name FROM singer WHERE Citizenship != ""France""",SELECT DISTINCT S.Name FROM singer S WHERE S.Citizenship != 'French',SELECT DISTINCT S.Name FROM singer S WHERE S.Citizenship != 'French',0.0,"Resultados divergentes (ordered=False). gold=7 linhas, pred=8 linhas."
1008,singer,Show the name of singers whose birth year is either 1948 or 1949?,SELECT Name FROM singer WHERE Birth_Year  =  1948 OR Birth_Year  =  1949,"SELECT T1.Name FROM singer AS T1 JOIN song AS T2 ON T1.Singer_ID = T2.Singer_ID WHERE T1.Birth_Year IN (1948, 1949) GROUP BY T1.Name","SELECT T1.Name FROM singer AS T1 JOIN song AS T2 ON T1.Singer_ID = T2.Singer_ID WHERE T1.Birth_Year IN (1948, 1949) GROUP BY T1.Name",0.0,"Resultados divergentes (ordered=False). gold=2 linhas, pred=1 linhas."
1009,singer,What are the names of the singers whose birth years are either 1948 or 1949?,SELECT Name FROM singer WHERE Birth_Year  =  1948 OR Birth_Year  =  1949,"SELECT T1.Name FROM singer AS T1 JOIN song AS T2 ON T1.Singer_ID = T2.Singer_ID WHERE T1.Birth_Year IN (1948, 1949)","SELECT T1.Name FROM singer AS T1 JOIN song AS T2 ON T1.Singer_ID = T2.Singer_ID WHERE T1.Birth_Year IN (1948, 1949)",0.0,"Resultados divergentes (ordered=False). gold=2 linhas, pred=2 linhas."
1010,singer,What is the name of the singer with the largest net worth?,SELECT Name FROM singer ORDER BY Net_Worth_Millions DESC LIMIT 1,SELECT T1.Name FROM singer AS T1 JOIN song AS T2 ON T1.Singer_ID = T2.Singer_ID ORDER BY T2.Sales DESC LIMIT 1,SELECT T1.Name FROM singer AS T1 JOIN song AS T2 ON T1.Singer_ID = T2.Singer_ID ORDER BY T2.Sales DESC LIMIT 1,1.0,Resultados idênticos (ordered=True).
1011,singer,What is the name of the singer who is worth the most?,SELECT Name FROM singer ORDER BY Net_Worth_Millions DESC LIMIT 1,SELECT T1.Name FROM singer AS T1 JOIN song AS T2 ON T1.Singer_ID = T2.Singer_ID ORDER BY T2.Sales DESC LIMIT 1;,SELECT T1.Name FROM singer AS T1 JOIN song AS T2 ON T1.Singer_ID = T2.Singer_ID ORDER BY T2.Sales DESC LIMIT 1,1.0,Resultados idênticos (ordered=True).
1012,singer,Show different citizenship of singers and the number of singers of each citizenship.,"SELECT Citizenship ,  COUNT(*) FROM singer GROUP BY Citizenship","SELECT T2.Citizenship, COUNT(T1.Singer_ID) FROM song AS T1 JOIN singer AS T2 ON T1.Singer_ID = T2.Singer_ID GROUP BY T2.Citizenship","SELECT T2.Citizenship, COUNT(T1.Singer_ID) FROM song AS T1 JOIN singer AS T2 ON T1.Singer_ID = T2.Singer_ID GROUP BY T2.Citizenship",0.0,"Resultados divergentes (ordered=False). gold=5 linhas, pred=5 linhas."
1013,singer,"For each citizenship, how many singers are from that country?","SELECT Citizenship ,  COUNT(*) FROM singer GROUP BY Citizenship","SELECT T1.Citizenship, COUNT(T1.Singer_ID) FROM singer AS T1 JOIN song AS T2 ON T1.Singer_ID = T2.Singer_ID GROUP BY T1.Citizenship","SELECT T1.Citizenship, COUNT(T1.Singer_ID) FROM singer AS T1 JOIN song AS T2 ON T1.Singer_ID = T2.Singer_ID GROUP BY T1.Citizenship",0.0,"Resultados divergentes (ordered=False). gold=5 linhas, pred=5 linhas."
1014,singer,Please show the most common citizenship of singers.,SELECT Citizenship FROM singer GROUP BY Citizenship ORDER BY COUNT(*) DESC LIMIT 1,SELECT Citizenship FROM singer GROUP BY Citizenship ORDER BY COUNT(*) DESC LIMIT 1,SELECT Citizenship FROM singer GROUP BY Citizenship ORDER BY COUNT(*) DESC LIMIT 1,1.0,Resultados idênticos (ordered=True).
1015,singer,What is the most common singer citizenship ?,select citizenship from singer group by citizenship order by count(*) desc limit 1,"SELECT Citizenship ,  COUNT(*) FROM singer GROUP BY Citizenship ORDER BY COUNT(*) DESC LIMIT 1","SELECT Citizenship ,  COUNT(*) FROM singer GROUP BY Citizenship ORDER BY COUNT(*) DESC LIMIT 1",0.0,"Resultados divergentes (ordered=True). gold=1 linhas, pred=1 linhas."
1016,singer,Show different citizenships and the maximum net worth of singers of each citizenship.,"SELECT Citizenship ,  max(Net_Worth_Millions) FROM singer GROUP BY Citizenship","SELECT T1.Citizenship, MAX(T1.Net_Worth_Millions) FROM singer AS T1 JOIN song AS T2 ON T1.Singer_ID = T2.Singer_ID GROUP BY T1.Citizenship","SELECT T1.Citizenship, MAX(T1.Net_Worth_Millions) FROM singer AS T1 JOIN song AS T2 ON T1.Singer_ID = T2.Singer_ID GROUP BY T1.Citizenship",1.0,Resultados idênticos (ordered=False).
1017,singer,"For each citizenship, what is the maximum net worth?","SELECT Citizenship ,  max(Net_Worth_Millions) FROM singer GROUP BY Citizenship","SELECT T1.Citizenship, MAX(T1.Net_Worth_Millions) FROM singer AS T1 JOIN song AS T2 ON T1.Singer_ID = T2.Singer_ID GROUP BY T1.Citizenship","SELECT T1.Citizenship, MAX(T1.Net_Worth_Millions) FROM singer AS T1 JOIN song AS T2 ON T1.Singer_ID = T2.Singer_ID GROUP BY T1.Citizenship",1.0,Resultados idênticos (ordered=False).
1018,singer,Show titles of songs and names of singers.,"SELECT T2.Title ,  T1.Name FROM singer AS T1 JOIN song AS T2 ON T1.Singer_ID  =  T2.Singer_ID","SELECT T2.Title, T1.Name FROM singer AS T1 JOIN song AS T2 ON T1.Singer_ID = T2.Singer_ID","SELECT T2.Title, T1.Name FROM singer AS T1 JOIN song AS T2 ON T1.Singer_ID = T2.Singer_ID",1.0,Resultados idênticos (ordered=False).
1019,singer,What are the song titles and singer names?,"SELECT T2.Title ,  T1.Name FROM singer AS T1 JOIN song AS T2 ON T1.Singer_ID  =  T2.Singer_ID","SELECT T2.Title, T1.Name FROM singer AS T1 JOIN song AS T2 ON T1.Singer_ID = T2.Singer_ID","SELECT T2.Title, T1.Name FROM singer AS T1 JOIN song AS T2 ON T1.Singer_ID = T2.Singer_ID",1.0,Resultados idênticos (ordered=False).
1020,singer,Show distinct names of singers that have songs with sales more than 300000.,SELECT DISTINCT T1.Name FROM singer AS T1 JOIN song AS T2 ON T1.Singer_ID  =  T2.Singer_ID WHERE T2.Sales  >  300000,SELECT DISTINCT S.Name FROM singer S JOIN song SO ON S.Singer_ID = SO.Singer_ID WHERE SO.Sales > 300000,SELECT DISTINCT S.Name FROM singer S JOIN song SO ON S.Singer_ID = SO.Singer_ID WHERE SO.Sales > 300000,1.0,Resultados idênticos (ordered=False).
1021,singer,what are the different names of the singers that have sales more than 300000?,SELECT DISTINCT T1.Name FROM singer AS T1 JOIN song AS T2 ON T1.Singer_ID  =  T2.Singer_ID WHERE T2.Sales  >  300000,SELECT DISTINCT S.Name FROM singer S JOIN song T ON S.Singer_ID = T.Singer_ID WHERE T.Sales > 300000,SELECT DISTINCT S.Name FROM singer S JOIN song T ON S.Singer_ID = T.Singer_ID WHERE T.Sales > 300000,1.0,Resultados idênticos (ordered=False).
1022,singer,Show the names of singers that have more than one song.,SELECT T1.Name FROM singer AS T1 JOIN song AS T2 ON T1.Singer_ID  =  T2.Singer_ID GROUP BY T1.Name HAVING COUNT(*)  >  1,SELECT DISTINCT s.Name FROM singer s JOIN song sd ON s.Singer_ID = sd.Singer_ID GROUP BY s.Name HAVING COUNT(sd.Song_ID) > 1,SELECT DISTINCT s.Name FROM singer s JOIN song sd ON s.Singer_ID = sd.Singer_ID GROUP BY s.Name HAVING COUNT(sd.Song_ID) > 1,1.0,Resultados idênticos (ordered=False).
1023,singer,What are the names of the singers that have more than one songs?,SELECT T1.Name FROM singer AS T1 JOIN song AS T2 ON T1.Singer_ID  =  T2.Singer_ID GROUP BY T1.Name HAVING COUNT(*)  >  1,SELECT DISTINCT S.Name FROM singer S JOIN song T ON S.Singer_ID = T.Singer_ID GROUP BY S.Singer_ID HAVING COUNT(T.Song_ID) > 1,SELECT DISTINCT S.Name FROM singer S JOIN song T ON S.Singer_ID = T.Singer_ID GROUP BY S.Singer_ID HAVING COUNT(T.Song_ID) > 1,1.0,Resultados idênticos (ordered=False).
1024,singer,Show the names of singers and the total sales of their songs.,"SELECT T1.Name ,  sum(T2.Sales) FROM singer AS T1 JOIN song AS T2 ON T1.Singer_ID  =  T2.Singer_ID GROUP BY T1.Name","SELECT s.Name, SUM(song.Sales) AS Total_Sales FROM singer s JOIN song song ON s.Singer_ID = song.Singer_ID GROUP BY s.Name","SELECT s.Name, SUM(song.Sales) AS Total_Sales FROM singer s JOIN song song ON s.Singer_ID = song.Singer_ID GROUP BY s.Name",1.0,Resultados idênticos (ordered=False).
1025,singer,"For each singer name, what is the total sales for their songs?","SELECT T1.Name ,  sum(T2.Sales) FROM singer AS T1 JOIN song AS T2 ON T1.Singer_ID  =  T2.Singer_ID GROUP BY T1.Name","SELECT s.Name, SUM(song.Sales) as Total_Sales FROM singer s JOIN song song ON s.Singer_ID = song.Singer_ID GROUP BY s.Name","SELECT s.Name, SUM(song.Sales) as Total_Sales FROM singer s JOIN song song ON s.Singer_ID = song.Singer_ID GROUP BY s.Name",1.0,Resultados idênticos (ordered=False).
1026,singer,List the name of singers that do not have any song.,SELECT Name FROM singer WHERE Singer_ID NOT IN (SELECT Singer_ID FROM song),SELECT Name FROM singer WHERE Singer_ID NOT IN (SELECT Singer_ID FROM song),SELECT Name FROM singer WHERE Singer_ID NOT IN (SELECT Singer_ID FROM song),1.0,Resultados idênticos (ordered=False).
1027,singer,What is the sname of every sing that does not have any song?,SELECT Name FROM singer WHERE Singer_ID NOT IN (SELECT Singer_ID FROM song),SELECT S.Name FROM singer AS S WHERE S.Singer_ID NOT IN (SELECT Singer_ID FROM song),SELECT S.Name FROM singer AS S WHERE S.Singer_ID NOT IN (SELECT Singer_ID FROM song),1.0,Resultados idênticos (ordered=False).
1028,singer,Show the citizenship shared by singers with birth year before 1945 and after 1955.,SELECT Citizenship FROM singer WHERE Birth_Year  <  1945 INTERSECT SELECT Citizenship FROM singer WHERE Birth_Year  >  1955,SELECT T2.Citizenship FROM singer AS T1 JOIN singer AS T2 ON T1.Singer_ID = T2.Singer_ID WHERE T1.Birth_Year < 1945 OR T1.Birth_Year > 1955 GROUP BY T2.Citizenship,SELECT T2.Citizenship FROM singer AS T1 JOIN singer AS T2 ON T1.Singer_ID = T2.Singer_ID WHERE T1.Birth_Year < 1945 OR T1.Birth_Year > 1955 GROUP BY T2.Citizenship,0.0,"Resultados divergentes (ordered=False). gold=1 linhas, pred=4 linhas."
1029,singer,What are the citizenships that are shared by singers with a birth year before 1945 and after 1955?,SELECT Citizenship FROM singer WHERE Birth_Year  <  1945 INTERSECT SELECT Citizenship FROM singer WHERE Birth_Year  >  1955,SELECT T2.Citizenship FROM singer AS T1 JOIN singer AS T2 ON T1.Singer_ID = T2.Singer_ID WHERE T1.Birth_Year < 1945 OR T1.Birth_Year > 1955 GROUP BY T2.Citizenship,SELECT T2.Citizenship FROM singer AS T1 JOIN singer AS T2 ON T1.Singer_ID = T2.Singer_ID WHERE T1.Birth_Year < 1945 OR T1.Birth_Year > 1955 GROUP BY T2.Citizenship,0.0,"Resultados divergentes (ordered=False). gold=1 linhas, pred=4 linhas."
1030,real_estate_properties,How many available features are there in total?,SELECT count(*) FROM Other_Available_Features,SELECT COUNT(*) FROM Other_Available_Features,SELECT COUNT(*) FROM Other_Available_Features,1.0,Resultados idênticos (ordered=False).
1031,real_estate_properties,What is the feature type name of feature AirCon?,"SELECT T2.feature_type_name FROM Other_Available_Features AS T1 JOIN Ref_Feature_Types AS T2 ON T1.feature_type_code  =  T2.feature_type_code WHERE T1.feature_name  =  ""AirCon""",SELECT ft.feature_type_name FROM Other_Available_Features AS ft JOIN Ref_Feature_Types AS rt ON ft.feature_type_code = rt.feature_type_code WHERE ft.feature_name = 'AirCon',SELECT ft.feature_type_name FROM Other_Available_Features AS ft JOIN Ref_Feature_Types AS rt ON ft.feature_type_code = rt.feature_type_code WHERE ft.feature_name = 'AirCon',0.0,Falha ao executar a consulta gerada: no such column: ft.feature_type_name
1032,real_estate_properties,Show the property type descriptions of properties belonging to that code.,SELECT T2.property_type_description FROM Properties AS T1 JOIN Ref_Property_Types AS T2 ON T1.property_type_code  =  T2.property_type_code GROUP BY T1.property_type_code,SELECT T2.property_type_description FROM Properties AS T1 JOIN Ref_Property_Types AS T2 ON T1.property_type_code = T2.property_type_code,SELECT T2.property_type_description FROM Properties AS T1 JOIN Ref_Property_Types AS T2 ON T1.property_type_code = T2.property_type_code,0.0,"Resultados divergentes (ordered=False). gold=5 linhas, pred=15 linhas."
1033,real_estate_properties,What are the names of properties that are either houses or apartments with more than 1 room?,"SELECT property_name FROM Properties WHERE property_type_code  =  ""House"" UNION SELECT property_name FROM Properties WHERE property_type_code  =  ""Apartment"" AND room_count  >  1","SELECT DISTINCT p.property_name FROM Properties p JOIN Other_Available_Features f ON p.apt_feature_1 = f.feature_id WHERE f.feature_type_code IN ('H', 'A') AND p.room_count > 1","SELECT DISTINCT p.property_name FROM Properties p JOIN Other_Available_Features f ON p.apt_feature_1 = f.feature_id WHERE f.feature_type_code IN ('H', 'A') AND p.room_count > 1",0.0,"Resultados divergentes (ordered=False). gold=8 linhas, pred=0 linhas."
