idx,db_id,question,gold_query,generated_raw,extracted_sql,score,reason
0,concert_singer,How many singers do we have?,SELECT count(*) FROM singer,SELECT count(*) FROM singer,SELECT count(*) FROM singer,1.0,Resultados idênticos (ordered=False).
1,concert_singer,What is the total number of singers?,SELECT count(*) FROM singer,SELECT count(*) FROM singer,SELECT count(*) FROM singer,1.0,Resultados idênticos (ordered=False).
2,concert_singer,"Show name, country, age for all singers ordered by age from the oldest to the youngest.","SELECT name ,  country ,  age FROM singer ORDER BY age DESC","SELECT Name ,  Country ,  Age FROM singer ORDER BY Age DESC","SELECT Name ,  Country ,  Age FROM singer ORDER BY Age DESC",1.0,Resultados idênticos (ordered=True).
3,concert_singer,"What are the names, countries, and ages for every singer in descending order of age?","SELECT name ,  country ,  age FROM singer ORDER BY age DESC","SELECT name ,  country ,  age FROM singer ORDER BY age DESC","SELECT name ,  country ,  age FROM singer ORDER BY age DESC",1.0,Resultados idênticos (ordered=True).
4,concert_singer,"What is the average, minimum, and maximum age of all singers from France?","SELECT avg(age) ,  min(age) ,  max(age) FROM singer WHERE country  =  'France'","SELECT avg(age) ,  min(age) ,  max(age) FROM singer WHERE country  =  'France'","SELECT avg(age) ,  min(age) ,  max(age) FROM singer WHERE country  =  'France'",1.0,Resultados idênticos (ordered=False).
5,concert_singer,"What is the average, minimum, and maximum age for all French singers?","SELECT avg(age) ,  min(age) ,  max(age) FROM singer WHERE country  =  'France'","SELECT avg(age) ,  min(age) ,  max(age) FROM singer WHERE country  =  'France'","SELECT avg(age) ,  min(age) ,  max(age) FROM singer WHERE country  =  'France'",1.0,Resultados idênticos (ordered=False).
6,concert_singer,Show the name and the release year of the song by the youngest singer.,"SELECT song_name ,  song_release_year FROM singer ORDER BY age LIMIT 1","SELECT T2.Song_Name ,  T2.Song_release_year FROM singer AS T1 JOIN singer_in_concert AS T3 ON T1.Singer_ID  =  T3.Singer_ID JOIN concert AS T4 ON T3.concert_ID  =  T4.concert_ID JOIN stadium AS T5 ON T4.Stadium_ID  =  T5.Stadium_ID WHERE T1.Age  =  ( SELECT min(Age) FROM singer ) ORDER BY T2.Song_release_year DESC LIMIT 1","SELECT T2.Song_Name ,  T2.Song_release_year FROM singer AS T1 JOIN singer_in_concert AS T3 ON T1.Singer_ID  =  T3.Singer_ID JOIN concert AS T4 ON T3.concert_ID  =  T4.concert_ID JOIN stadium AS T5 ON T4.Stadium_ID  =  T5.Stadium_ID WHERE T1.Age  =  ( SELECT min(Age) FROM singer ) ORDER BY T2.Song_release_year DESC LIMIT 1",0.0,Falha ao executar a consulta gerada: no such column: T2.Song_Name
7,concert_singer,What are the names and release years for all the songs of the youngest singer?,"SELECT song_name ,  song_release_year FROM singer ORDER BY age LIMIT 1","SELECT song_name ,  song_release_year FROM singer WHERE age  =  ( SELECT min(age) FROM singer )","SELECT song_name ,  song_release_year FROM singer WHERE age  =  ( SELECT min(age) FROM singer )",1.0,Resultados idênticos (ordered=True).
8,concert_singer,What are all distinct countries where singers above age 20 are from?,SELECT DISTINCT country FROM singer WHERE age  >  20,SELECT DISTINCT country FROM singer WHERE age  >  20,SELECT DISTINCT country FROM singer WHERE age  >  20,1.0,Resultados idênticos (ordered=False).
9,concert_singer,What are  the different countries with singers above age 20?,SELECT DISTINCT country FROM singer WHERE age  >  20,SELECT DISTINCT Country FROM singer WHERE Age  >  20,SELECT DISTINCT Country FROM singer WHERE Age  >  20,1.0,Resultados idênticos (ordered=False).
10,concert_singer,Show all countries and the number of singers in each country.,"SELECT country ,  count(*) FROM singer GROUP BY country","SELECT Country ,  COUNT(*) FROM singer GROUP BY Country","SELECT Country ,  COUNT(*) FROM singer GROUP BY Country",1.0,Resultados idênticos (ordered=False).
11,concert_singer,How many singers are from each country?,"SELECT country ,  count(*) FROM singer GROUP BY country","SELECT COUNT(*) ,  Country FROM singer GROUP BY Country","SELECT COUNT(*) ,  Country FROM singer GROUP BY Country",0.0,"Resultados divergentes (ordered=False). gold=3 linhas, pred=3 linhas."
12,concert_singer,List all song names by singers above the average age.,SELECT song_name FROM singer WHERE age  >  (SELECT avg(age) FROM singer),SELECT Song_Name FROM singer WHERE Age  >  (SELECT Average FROM stadium),SELECT Song_Name FROM singer WHERE Age  >  (SELECT Average FROM stadium),0.0,"Resultados divergentes (ordered=False). gold=3 linhas, pred=0 linhas."
13,concert_singer,What are all the song names by singers who are older than average?,SELECT song_name FROM singer WHERE age  >  (SELECT avg(age) FROM singer),SELECT Song_Name FROM singer WHERE Age  >  (SELECT Average FROM stadium),SELECT Song_Name FROM singer WHERE Age  >  (SELECT Average FROM stadium),0.0,"Resultados divergentes (ordered=False). gold=3 linhas, pred=0 linhas."
14,concert_singer,Show location and name for all stadiums with a capacity between 5000 and 10000.,"SELECT LOCATION ,  name FROM stadium WHERE capacity BETWEEN 5000 AND 10000","SELECT LOCATION ,  NAME FROM stadium WHERE capacity BETWEEN 5000 AND 10000","SELECT LOCATION ,  NAME FROM stadium WHERE capacity BETWEEN 5000 AND 10000",1.0,Resultados idênticos (ordered=False).
15,concert_singer,What are the locations and names of all stations with capacity between 5000 and 10000?,"SELECT LOCATION ,  name FROM stadium WHERE capacity BETWEEN 5000 AND 10000","SELECT LOCATION ,  name FROM stadium WHERE capacity BETWEEN 5000 AND 10000","SELECT LOCATION ,  name FROM stadium WHERE capacity BETWEEN 5000 AND 10000",1.0,Resultados idênticos (ordered=False).
16,concert_singer,What is the maximum capacity and the average of all stadiums ?,"select max(capacity), average from stadium","SELECT max(capacity) ,  avg(average) FROM stadium","SELECT max(capacity) ,  avg(average) FROM stadium",0.0,"Resultados divergentes (ordered=False). gold=1 linhas, pred=1 linhas."
17,concert_singer,What is the average and maximum capacities for all stadiums ?,"select avg(capacity) ,  max(capacity) from stadium","SELECT avg(capacity) ,  max(capacity) FROM stadium","SELECT avg(capacity) ,  max(capacity) FROM stadium",1.0,Resultados idênticos (ordered=False).
18,concert_singer,What is the name and capacity for the stadium with highest average attendance?,"SELECT name ,  capacity FROM stadium ORDER BY average DESC LIMIT 1","SELECT name ,  capacity FROM stadium WHERE average  =  ( SELECT MAX ( average ) FROM stadium )","SELECT name ,  capacity FROM stadium WHERE average  =  ( SELECT MAX ( average ) FROM stadium )",1.0,Resultados idênticos (ordered=True).
19,concert_singer,What is the name and capacity for the stadium with the highest average attendance?,"SELECT name ,  capacity FROM stadium ORDER BY average DESC LIMIT 1","SELECT name ,  capacity FROM stadium WHERE average  =  ( SELECT MAX ( average ) FROM stadium )","SELECT name ,  capacity FROM stadium WHERE average  =  ( SELECT MAX ( average ) FROM stadium )",1.0,Resultados idênticos (ordered=True).
20,concert_singer,How many concerts are there in year 2014 or 2015?,SELECT count(*) FROM concert WHERE YEAR  =  2014 OR YEAR  =  2015,SELECT count(*) FROM concert WHERE YEAR  =  2014 OR YEAR  =  2015,SELECT count(*) FROM concert WHERE YEAR  =  2014 OR YEAR  =  2015,1.0,Resultados idênticos (ordered=False).
21,concert_singer,How many concerts occurred in 2014 or 2015?,SELECT count(*) FROM concert WHERE YEAR  =  2014 OR YEAR  =  2015,SELECT count(*) FROM concert WHERE YEAR  =  2014 OR YEAR  =  2015,SELECT count(*) FROM concert WHERE YEAR  =  2014 OR YEAR  =  2015,1.0,Resultados idênticos (ordered=False).
22,concert_singer,Show the stadium name and the number of concerts in each stadium.,"SELECT T2.name ,  count(*) FROM concert AS T1 JOIN stadium AS T2 ON T1.stadium_id  =  T2.stadium_id GROUP BY T1.stadium_id","SELECT T2.name ,  COUNT(*) FROM concert AS T1 JOIN stadium AS T2 ON T1.stadium_id  =  T2.stadium_id GROUP BY T1.stadium_id","SELECT T2.name ,  COUNT(*) FROM concert AS T1 JOIN stadium AS T2 ON T1.stadium_id  =  T2.stadium_id GROUP BY T1.stadium_id",1.0,Resultados idênticos (ordered=False).
23,concert_singer,"For each stadium, how many concerts play there?","SELECT T2.name ,  count(*) FROM concert AS T1 JOIN stadium AS T2 ON T1.stadium_id  =  T2.stadium_id GROUP BY T1.stadium_id","SELECT T2.Stadium_ID ,  COUNT(*) FROM concert AS T1 JOIN singer_in_concert AS T2 ON T1.concert_ID  =  T2.concert_ID GROUP BY T2.Stadium_ID","SELECT T2.Stadium_ID ,  COUNT(*) FROM concert AS T1 JOIN singer_in_concert AS T2 ON T1.concert_ID  =  T2.concert_ID GROUP BY T2.Stadium_ID",0.0,Falha ao executar a consulta gerada: no such column: T2.Stadium_ID
24,concert_singer,Show the stadium name and capacity with most number of concerts in year 2014 or after.,"SELECT T2.name ,  T2.capacity FROM concert AS T1 JOIN stadium AS T2 ON T1.stadium_id  =  T2.stadium_id WHERE T1.year  >=  2014 GROUP BY T2.stadium_id ORDER BY count(*) DESC LIMIT 1","SELECT t3.name ,  t3.capacity FROM concert AS t1 JOIN stadium AS t3 ON t1.stadium_id  =  t3.stadium_id WHERE t1.year  >=  2014 GROUP BY t1.stadium_id ORDER BY count(*) DESC LIMIT 1","SELECT t3.name ,  t3.capacity FROM concert AS t1 JOIN stadium AS t3 ON t1.stadium_id  =  t3.stadium_id WHERE t1.year  >=  2014 GROUP BY t1.stadium_id ORDER BY count(*) DESC LIMIT 1",1.0,Resultados idênticos (ordered=True).
25,concert_singer,What is the name and capacity of the stadium with the most concerts after 2013 ?,"select t2.name ,  t2.capacity from concert as t1 join stadium as t2 on t1.stadium_id  =  t2.stadium_id where t1.year  >  2013 group by t2.stadium_id order by count(*) desc limit 1","SELECT t2.name ,  t2.capacity FROM concert AS t1 JOIN stadium AS t2 ON t1.stadium_id  =  t2.stadium_id WHERE t1.year  >  2013 GROUP BY t1.stadium_id ORDER BY COUNT(*) DESC LIMIT 1","SELECT t2.name ,  t2.capacity FROM concert AS t1 JOIN stadium AS t2 ON t1.stadium_id  =  t2.stadium_id WHERE t1.year  >  2013 GROUP BY t1.stadium_id ORDER BY COUNT(*) DESC LIMIT 1",1.0,Resultados idênticos (ordered=True).
26,concert_singer,Which year has most number of concerts?,SELECT YEAR FROM concert GROUP BY YEAR ORDER BY count(*) DESC LIMIT 1,SELECT T2.Year FROM concert AS T1 JOIN stadium AS T2 ON T1.Stadium_ID  =  T2.Stadium_ID GROUP BY T1.Year ORDER BY count(*) DESC LIMIT 1,SELECT T2.Year FROM concert AS T1 JOIN stadium AS T2 ON T1.Stadium_ID  =  T2.Stadium_ID GROUP BY T1.Year ORDER BY count(*) DESC LIMIT 1,0.0,Falha ao executar a consulta gerada: no such column: T2.Year
27,concert_singer,What is the year that had the most concerts?,SELECT YEAR FROM concert GROUP BY YEAR ORDER BY count(*) DESC LIMIT 1,SELECT T1.Year FROM concert AS T1 JOIN stadium AS T2 ON T1.Stadium_ID  =  T2.Stadium_ID GROUP BY T1.Year ORDER BY count(*) DESC LIMIT 1,SELECT T1.Year FROM concert AS T1 JOIN stadium AS T2 ON T1.Stadium_ID  =  T2.Stadium_ID GROUP BY T1.Year ORDER BY count(*) DESC LIMIT 1,1.0,Resultados idênticos (ordered=True).
28,concert_singer,Show the stadium names without any concert.,SELECT name FROM stadium WHERE stadium_id NOT IN (SELECT stadium_id FROM concert),SELECT name FROM stadium WHERE stadium_id NOT IN (SELECT stadium_id FROM concert),SELECT name FROM stadium WHERE stadium_id NOT IN (SELECT stadium_id FROM concert),1.0,Resultados idênticos (ordered=False).
29,concert_singer,What are the names of the stadiums without any concerts?,SELECT name FROM stadium WHERE stadium_id NOT IN (SELECT stadium_id FROM concert),SELECT name FROM stadium WHERE stadium_id NOT IN (SELECT stadium_id FROM concert),SELECT name FROM stadium WHERE stadium_id NOT IN (SELECT stadium_id FROM concert),1.0,Resultados idênticos (ordered=False).
30,concert_singer,Show countries where a singer above age 40 and a singer below 30 are from.,SELECT country FROM singer WHERE age  >  40 INTERSECT SELECT country FROM singer WHERE age  <  30,SELECT Country FROM singer WHERE Age  >  40 INTERSECT SELECT Country FROM singer WHERE Age  <  30,SELECT Country FROM singer WHERE Age  >  40 INTERSECT SELECT Country FROM singer WHERE Age  <  30,1.0,Resultados idênticos (ordered=False).
31,concert_singer,Show names for all stadiums except for stadiums having a concert in year 2014.,SELECT name FROM stadium EXCEPT SELECT T2.name FROM concert AS T1 JOIN stadium AS T2 ON T1.stadium_id  =  T2.stadium_id WHERE T1.year  =  2014,SELECT name FROM stadium WHERE stadium_id NOT IN (SELECT stadium_id FROM concert WHERE YEAR  =  2014),SELECT name FROM stadium WHERE stadium_id NOT IN (SELECT stadium_id FROM concert WHERE YEAR  =  2014),1.0,Resultados idênticos (ordered=False).
32,concert_singer,What are the names of all stadiums that did not have a concert in 2014?,SELECT name FROM stadium EXCEPT SELECT T2.name FROM concert AS T1 JOIN stadium AS T2 ON T1.stadium_id  =  T2.stadium_id WHERE T1.year  =  2014,SELECT name FROM stadium WHERE stadium_id NOT IN (SELECT stadium_id FROM concert WHERE YEAR  =  2014),SELECT name FROM stadium WHERE stadium_id NOT IN (SELECT stadium_id FROM concert WHERE YEAR  =  2014),1.0,Resultados idênticos (ordered=False).
33,concert_singer,Show the name and theme for all concerts and the number of singers in each concert.,"SELECT T2.concert_name ,  T2.theme ,  count(*) FROM singer_in_concert AS T1 JOIN concert AS T2 ON T1.concert_id  =  T2.concert_id GROUP BY T2.concert_id","SELECT T1.concert_Name ,  T1.theme ,  COUNT(T2.Singer_ID) FROM concert AS T1 JOIN singer_in_concert AS T2 ON T1.concert_ID  =  T2.concert_ID GROUP BY T1.concert_ID","SELECT T1.concert_Name ,  T1.theme ,  COUNT(T2.Singer_ID) FROM concert AS T1 JOIN singer_in_concert AS T2 ON T1.concert_ID  =  T2.concert_ID GROUP BY T1.concert_ID",1.0,Resultados idênticos (ordered=False).
34,concert_singer,"What are the names , themes , and number of singers for every concert ?","select t2.concert_name ,  t2.theme ,  count(*) from singer_in_concert as t1 join concert as t2 on t1.concert_id  =  t2.concert_id group by t2.concert_id","SELECT T1.concert_name ,  T1.theme ,  COUNT(*) FROM concert AS T1 JOIN singer_in_concert AS T2 ON T1.concert_id  =  T2.concert_id GROUP BY T1.concert_name ,  T1.theme","SELECT T1.concert_name ,  T1.theme ,  COUNT(*) FROM concert AS T1 JOIN singer_in_concert AS T2 ON T1.concert_id  =  T2.concert_id GROUP BY T1.concert_name ,  T1.theme",1.0,Resultados idênticos (ordered=False).
35,concert_singer,List singer names and number of concerts for each singer.,"SELECT T2.name ,  count(*) FROM singer_in_concert AS T1 JOIN singer AS T2 ON T1.singer_id  =  T2.singer_id GROUP BY T2.singer_id","SELECT T2.Name ,  COUNT(*) FROM singer_in_concert AS T1 JOIN singer AS T2 ON T1.Singer_ID  =  T2.Singer_ID GROUP BY T1.Singer_ID","SELECT T2.Name ,  COUNT(*) FROM singer_in_concert AS T1 JOIN singer AS T2 ON T1.Singer_ID  =  T2.Singer_ID GROUP BY T1.Singer_ID",1.0,Resultados idênticos (ordered=False).
36,concert_singer,What are the names of the singers and number of concerts for each person?,"SELECT T2.name ,  count(*) FROM singer_in_concert AS T1 JOIN singer AS T2 ON T1.singer_id  =  T2.singer_id GROUP BY T2.singer_id","SELECT T2.Name ,  COUNT(*) FROM singer_in_concert AS T1 JOIN singer AS T2 ON T1.Singer_ID  =  T2.Singer_ID GROUP BY T1.Singer_ID","SELECT T2.Name ,  COUNT(*) FROM singer_in_concert AS T1 JOIN singer AS T2 ON T1.Singer_ID  =  T2.Singer_ID GROUP BY T1.Singer_ID",1.0,Resultados idênticos (ordered=False).
37,concert_singer,List all singer names in concerts in year 2014.,SELECT T2.name FROM singer_in_concert AS T1 JOIN singer AS T2 ON T1.singer_id  =  T2.singer_id JOIN concert AS T3 ON T1.concert_id  =  T3.concert_id WHERE T3.year  =  2014,SELECT T3.Name FROM concert AS T1 JOIN singer_in_concert AS T2 ON T1.concert_ID  =  T2.concert_ID JOIN singer AS T3 ON T2.Singer_ID  =  T3.Singer_ID WHERE T1.Year  =  2014,SELECT T3.Name FROM concert AS T1 JOIN singer_in_concert AS T2 ON T1.concert_ID  =  T2.concert_ID JOIN singer AS T3 ON T2.Singer_ID  =  T3.Singer_ID WHERE T1.Year  =  2014,1.0,Resultados idênticos (ordered=False).
38,concert_singer,What are the names of the singers who performed in a concert in 2014?,SELECT T2.name FROM singer_in_concert AS T1 JOIN singer AS T2 ON T1.singer_id  =  T2.singer_id JOIN concert AS T3 ON T1.concert_id  =  T3.concert_id WHERE T3.year  =  2014,SELECT T3.Name FROM concert AS T1 JOIN singer_in_concert AS T2 ON T1.concert_ID  =  T2.concert_ID JOIN singer AS T3 ON T2.Singer_ID  =  T3.Singer_ID WHERE T1.Year  =  2014,SELECT T3.Name FROM concert AS T1 JOIN singer_in_concert AS T2 ON T1.concert_ID  =  T2.concert_ID JOIN singer AS T3 ON T2.Singer_ID  =  T3.Singer_ID WHERE T1.Year  =  2014,1.0,Resultados idênticos (ordered=False).
39,concert_singer,what is the name and nation of the singer who have a song having 'Hey' in its name?,"SELECT name ,  country FROM singer WHERE song_name LIKE '%Hey%'","SELECT t1.name ,  t1.country FROM singer AS t1 JOIN singer_in_concert AS t2 ON t1.singer_id  =  t2.singer_id WHERE t2.song_name LIKE '%Hey%'","SELECT t1.name ,  t1.country FROM singer AS t1 JOIN singer_in_concert AS t2 ON t1.singer_id  =  t2.singer_id WHERE t2.song_name LIKE '%Hey%'",0.0,Falha ao executar a consulta gerada: no such column: t2.song_name
40,concert_singer,What is the name and country of origin of every singer who has a song with the word 'Hey' in its title?,"SELECT name ,  country FROM singer WHERE song_name LIKE '%Hey%'","SELECT t1.name ,  t1.country FROM singer AS t1 JOIN singer_in_concert AS t2 ON t1.singer_id  =  t2.singer_id WHERE t2.song_name LIKE '%Hey%'","SELECT t1.name ,  t1.country FROM singer AS t1 JOIN singer_in_concert AS t2 ON t1.singer_id  =  t2.singer_id WHERE t2.song_name LIKE '%Hey%'",0.0,Falha ao executar a consulta gerada: no such column: t2.song_name
41,concert_singer,Find the name and location of the stadiums which some concerts happened in the years of both 2014 and 2015.,"SELECT T2.name ,  T2.location FROM concert AS T1 JOIN stadium AS T2 ON T1.stadium_id  =  T2.stadium_id WHERE T1.Year  =  2014 INTERSECT SELECT T2.name ,  T2.location FROM concert AS T1 JOIN stadium AS T2 ON T1.stadium_id  =  T2.stadium_id WHERE T1.Year  =  2015","SELECT T2.name ,  T2.location FROM concert AS T1 JOIN stadium AS T2 ON T1.stadium_id  =  T2.stadium_id WHERE YEAR  =  2014 INTERSECT SELECT T1.concert_name ,  T2.name ,  T2.location FROM concert AS T1 JOIN stadium AS T2 ON T1.stadium_id  =  T2.stadium_id WHERE YEAR  =  2015","SELECT T2.name ,  T2.location FROM concert AS T1 JOIN stadium AS T2 ON T1.stadium_id  =  T2.stadium_id WHERE YEAR  =  2014 INTERSECT SELECT T1.concert_name ,  T2.name ,  T2.location FROM concert AS T1 JOIN stadium AS T2 ON T1.stadium_id  =  T2.stadium_id WHERE YEAR  =  2015",0.0,Falha ao executar a consulta gerada: SELECTs to the left and right of INTERSECT do not have the same number of result columns
42,concert_singer,What are the names and locations of the stadiums that had concerts that occurred in both 2014 and 2015?,"SELECT T2.name ,  T2.location FROM concert AS T1 JOIN stadium AS T2 ON T1.stadium_id  =  T2.stadium_id WHERE T1.Year  =  2014 INTERSECT SELECT T2.name ,  T2.location FROM concert AS T1 JOIN stadium AS T2 ON T1.stadium_id  =  T2.stadium_id WHERE T1.Year  =  2015","SELECT T2.Name ,  T2.Location FROM concert AS T1 JOIN stadium AS T2 ON T1.Stadium_ID  =  T2.Stadium_ID WHERE YEAR  =  2014 INTERSECT SELECT T1.concert_ID FROM concert AS T1 JOIN stadium AS T2 ON T1.Stadium_ID  =  T2.Stadium_ID WHERE YEAR  =  2015","SELECT T2.Name ,  T2.Location FROM concert AS T1 JOIN stadium AS T2 ON T1.Stadium_ID  =  T2.Stadium_ID WHERE YEAR  =  2014 INTERSECT SELECT T1.concert_ID FROM concert AS T1 JOIN stadium AS T2 ON T1.Stadium_ID  =  T2.Stadium_ID WHERE YEAR  =  2015",0.0,Falha ao executar a consulta gerada: SELECTs to the left and right of INTERSECT do not have the same number of result columns
43,concert_singer,Find the number of concerts happened in the stadium with the highest capacity .,select count(*) from concert where stadium_id = (select stadium_id from stadium order by capacity desc limit 1),SELECT count(*) FROM concert AS T1 JOIN stadium AS T2 ON T1.Stadium_ID  =  T2.Stadium_ID WHERE T2.capacity  =  ( SELECT max(capacity) FROM stadium ),SELECT count(*) FROM concert AS T1 JOIN stadium AS T2 ON T1.Stadium_ID  =  T2.Stadium_ID WHERE T2.capacity  =  ( SELECT max(capacity) FROM stadium ),1.0,Resultados idênticos (ordered=True).
44,concert_singer,What are the number of concerts that occurred in the stadium with the largest capacity ?,select count(*) from concert where stadium_id = (select stadium_id from stadium order by capacity desc limit 1),SELECT count(*) FROM concert AS T1 JOIN stadium AS T2 ON T1.Stadium_ID  =  T2.Stadium_ID WHERE T2.capacity  =  ( SELECT max(capacity) FROM stadium ),SELECT count(*) FROM concert AS T1 JOIN stadium AS T2 ON T1.Stadium_ID  =  T2.Stadium_ID WHERE T2.capacity  =  ( SELECT max(capacity) FROM stadium ),1.0,Resultados idênticos (ordered=True).
45,pets_1,Find the number of pets whose weight is heavier than 10.,SELECT count(*) FROM pets WHERE weight  >  10,SELECT count(*) FROM pets WHERE weight  >  10,SELECT count(*) FROM pets WHERE weight  >  10,1.0,Resultados idênticos (ordered=False).
46,pets_1,How many pets have a greater weight than 10?,SELECT count(*) FROM pets WHERE weight  >  10,SELECT count(*) FROM pets WHERE weight  >  10,SELECT count(*) FROM pets WHERE weight  >  10,1.0,Resultados idênticos (ordered=False).
47,pets_1,Find the weight of the youngest dog.,SELECT weight FROM pets ORDER BY pet_age LIMIT 1,SELECT t2.weight FROM pets AS t2 JOIN has_pet AS t1 ON t2.petid  =  t1.petid WHERE t1.stuid IN (SELECT stuid FROM student WHERE pettype  =  'dog' ORDER BY age LIMIT 1),SELECT t2.weight FROM pets AS t2 JOIN has_pet AS t1 ON t2.petid  =  t1.petid WHERE t1.stuid IN (SELECT stuid FROM student WHERE pettype  =  'dog' ORDER BY age LIMIT 1),0.0,"Resultados divergentes (ordered=True). gold=1 linhas, pred=0 linhas."
48,pets_1,How much does the youngest dog weigh?,SELECT weight FROM pets ORDER BY pet_age LIMIT 1,SELECT sum(weight) FROM student AS T1 JOIN has_pet AS T2 ON T1.stuid  =  T2.stuid JOIN pets AS T3 ON T2.petid  =  T3.petid WHERE T3.pettype  =  'dog' AND T1.age  =  (SELECT min(age) FROM student),SELECT sum(weight) FROM student AS T1 JOIN has_pet AS T2 ON T1.stuid  =  T2.stuid JOIN pets AS T3 ON T2.petid  =  T3.petid WHERE T3.pettype  =  'dog' AND T1.age  =  (SELECT min(age) FROM student),0.0,"Resultados divergentes (ordered=True). gold=1 linhas, pred=1 linhas."
49,pets_1,Find the maximum weight for each type of pet. List the maximum weight and pet type.,"SELECT max(weight) ,  petType FROM pets GROUP BY petType","SELECT max(weight) ,  pet_type FROM pets GROUP BY pet_type","SELECT max(weight) ,  pet_type FROM pets GROUP BY pet_type",0.0,Falha ao executar a consulta gerada: no such column: pet_type
50,pets_1,List the maximum weight and type for each type of pet.,"SELECT max(weight) ,  petType FROM pets GROUP BY petType","SELECT max(weight) ,  pet_type FROM pets GROUP BY pet_type","SELECT max(weight) ,  pet_type FROM pets GROUP BY pet_type",0.0,Falha ao executar a consulta gerada: no such column: pet_type
51,pets_1,Find number of pets owned by students who are older than 20.,SELECT count(*) FROM student AS T1 JOIN has_pet AS T2 ON T1.stuid  =  T2.stuid WHERE T1.age  >  20,SELECT count(*) FROM student AS T1 JOIN has_pet AS T2 ON T1.StuID  =  T2.StuID WHERE T1.age  >  20,SELECT count(*) FROM student AS T1 JOIN has_pet AS T2 ON T1.StuID  =  T2.StuID WHERE T1.age  >  20,1.0,Resultados idênticos (ordered=False).
52,pets_1,How many pets are owned by students that have an age greater than 20?,SELECT count(*) FROM student AS T1 JOIN has_pet AS T2 ON T1.stuid  =  T2.stuid WHERE T1.age  >  20,SELECT count(*) FROM student AS T1 JOIN has_pet AS T2 ON T1.StuID  =  T2.StuID WHERE T1.age  >  20,SELECT count(*) FROM student AS T1 JOIN has_pet AS T2 ON T1.StuID  =  T2.StuID WHERE T1.age  >  20,1.0,Resultados idênticos (ordered=False).
53,pets_1,Find the number of dog pets that are raised by female students (with sex F).,SELECT count(*) FROM student AS T1 JOIN has_pet AS T2 ON T1.stuid  =  T2.stuid JOIN pets AS T3 ON T2.petid  =  T3.petid WHERE T1.sex  =  'F' AND T3.pettype  =  'dog',SELECT count(*) FROM student AS T1 JOIN has_pet AS T2 ON T1.StuID  =  T2.StuID JOIN pets AS T3 ON T2.petID  =  T3.petID WHERE T1.sex  =  'F' AND T3.pettype  =  'dog',SELECT count(*) FROM student AS T1 JOIN has_pet AS T2 ON T1.StuID  =  T2.StuID JOIN pets AS T3 ON T2.petID  =  T3.petID WHERE T1.sex  =  'F' AND T3.pettype  =  'dog',1.0,Resultados idênticos (ordered=False).
54,pets_1,How many dog pets are raised by female students?,SELECT count(*) FROM student AS T1 JOIN has_pet AS T2 ON T1.stuid  =  T2.stuid JOIN pets AS T3 ON T2.petid  =  T3.petid WHERE T1.sex  =  'F' AND T3.pettype  =  'dog',SELECT count(*) FROM student AS T1 JOIN has_pet AS T2 ON T1.StuID  =  T2.StuID JOIN pets AS T3 ON T2.petid  =  T3.petid WHERE T1.sex  =  'F' AND T3.pettype  =  'dog',SELECT count(*) FROM student AS T1 JOIN has_pet AS T2 ON T1.StuID  =  T2.StuID JOIN pets AS T3 ON T2.petid  =  T3.petid WHERE T1.sex  =  'F' AND T3.pettype  =  'dog',1.0,Resultados idênticos (ordered=False).
55,pets_1,Find the number of distinct type of pets.,SELECT count(DISTINCT pettype) FROM pets,SELECT count(DISTINCT PetType) FROM pets,SELECT count(DISTINCT PetType) FROM pets,1.0,Resultados idênticos (ordered=False).
56,pets_1,How many different types of pet are there?,SELECT count(DISTINCT pettype) FROM pets,SELECT count(DISTINCT PetType) FROM pets,SELECT count(DISTINCT PetType) FROM pets,1.0,Resultados idênticos (ordered=False).
57,pets_1,Find the first name of students who have cat or dog pet.,SELECT DISTINCT T1.Fname FROM student AS T1 JOIN has_pet AS T2 ON T1.stuid  =  T2.stuid JOIN pets AS T3 ON T3.petid  =  T2.petid WHERE T3.pettype  =  'cat' OR T3.pettype  =  'dog',SELECT T1.fname FROM student AS T1 JOIN has_pet AS T2 ON T1.stuid  =  T2.stuid JOIN pets AS T3 ON T2.petid  =  T3.petid WHERE T3.pettype  =  'cat' OR T3.pettype  =  'dog',SELECT T1.fname FROM student AS T1 JOIN has_pet AS T2 ON T1.stuid  =  T2.stuid JOIN pets AS T3 ON T2.petid  =  T3.petid WHERE T3.pettype  =  'cat' OR T3.pettype  =  'dog',0.0,"Resultados divergentes (ordered=False). gold=2 linhas, pred=3 linhas."
58,pets_1,What are the first names of every student who has a cat or dog as a pet?,SELECT DISTINCT T1.Fname FROM student AS T1 JOIN has_pet AS T2 ON T1.stuid  =  T2.stuid JOIN pets AS T3 ON T3.petid  =  T2.petid WHERE T3.pettype  =  'cat' OR T3.pettype  =  'dog',SELECT T1.fname FROM student AS T1 JOIN has_pet AS T2 ON T1.stuid  =  T2.stuid JOIN pets AS T3 ON T2.petid  =  T3.petid WHERE T3.pettype  =  'cat' OR T3.pettype  =  'dog',SELECT T1.fname FROM student AS T1 JOIN has_pet AS T2 ON T1.stuid  =  T2.stuid JOIN pets AS T3 ON T2.petid  =  T3.petid WHERE T3.pettype  =  'cat' OR T3.pettype  =  'dog',0.0,"Resultados divergentes (ordered=False). gold=2 linhas, pred=3 linhas."
59,pets_1,Find the first name of students who have both cat and dog pets .,select t1.fname from student as t1 join has_pet as t2 on t1.stuid  =  t2.stuid join pets as t3 on t3.petid  =  t2.petid where t3.pettype  =  'cat' intersect select t1.fname from student as t1 join has_pet as t2 on t1.stuid  =  t2.stuid join pets as t3 on t3.petid  =  t2.petid where t3.pettype  =  'dog',SELECT T1.fname FROM student AS T1 JOIN has_pet AS T2 ON T1.stuid  =  T2.stuid WHERE T2.petid  =  (SELECT petid FROM pets WHERE pettype  =  'cat') INTERSECT SELECT T1.fname FROM student AS T1 JOIN has_pet AS T2 ON T1.stuid  =  T2.stuid WHERE T2.petid  =  (SELECT petid FROM pets WHERE pettype  =  'dog'),SELECT T1.fname FROM student AS T1 JOIN has_pet AS T2 ON T1.stuid  =  T2.stuid WHERE T2.petid  =  (SELECT petid FROM pets WHERE pettype  =  'cat') INTERSECT SELECT T1.fname FROM student AS T1 JOIN has_pet AS T2 ON T1.stuid  =  T2.stuid WHERE T2.petid  =  (SELECT petid FROM pets WHERE pettype  =  'dog'),1.0,Resultados idênticos (ordered=False).
60,pets_1,What are the students' first names who have both cats and dogs as pets?,SELECT T1.Fname FROM student AS T1 JOIN has_pet AS T2 ON T1.stuid  =  T2.stuid JOIN pets AS T3 ON T3.petid  =  T2.petid WHERE T3.pettype  =  'cat' INTERSECT SELECT T1.Fname FROM student AS T1 JOIN has_pet AS T2 ON T1.stuid  =  T2.stuid JOIN pets AS T3 ON T3.petid  =  T2.petid WHERE T3.pettype  =  'dog',SELECT T1.fname FROM student AS T1 JOIN has_pet AS T2 ON T1.stuid  =  T2.stuid WHERE T2.petid IN (SELECT petid FROM pets WHERE pettype  =  'cat') INTERSECT SELECT T1.fname FROM student AS T1 JOIN has_pet AS T2 ON T1.stuid  =  T2.stuid WHERE T2.petid IN (SELECT petid FROM pets WHERE pettype  =  'dog'),SELECT T1.fname FROM student AS T1 JOIN has_pet AS T2 ON T1.stuid  =  T2.stuid WHERE T2.petid IN (SELECT petid FROM pets WHERE pettype  =  'cat') INTERSECT SELECT T1.fname FROM student AS T1 JOIN has_pet AS T2 ON T1.stuid  =  T2.stuid WHERE T2.petid IN (SELECT petid FROM pets WHERE pettype  =  'dog'),1.0,Resultados idênticos (ordered=False).
61,pets_1,Find the major and age of students who do not have a cat pet.,"SELECT major ,  age FROM student WHERE stuid NOT IN (SELECT T1.stuid FROM student AS T1 JOIN has_pet AS T2 ON T1.stuid  =  T2.stuid JOIN pets AS T3 ON T3.petid  =  T2.petid WHERE T3.pettype  =  'cat')","SELECT major ,  age FROM student WHERE StuID NOT IN (SELECT StuID FROM has_pet WHERE PetID IN (SELECT PetID FROM pets WHERE PetType  =  'cat'))","SELECT major ,  age FROM student WHERE StuID NOT IN (SELECT StuID FROM has_pet WHERE PetID IN (SELECT PetID FROM pets WHERE PetType  =  'cat'))",1.0,Resultados idênticos (ordered=False).
62,pets_1,"What major is every student who does not own a cat as a pet, and also how old are they?","SELECT major ,  age FROM student WHERE stuid NOT IN (SELECT T1.stuid FROM student AS T1 JOIN has_pet AS T2 ON T1.stuid  =  T2.stuid JOIN pets AS T3 ON T3.petid  =  T2.petid WHERE T3.pettype  =  'cat')","SELECT T1.Major ,  T1.Age FROM student AS T1 JOIN has_pet AS T2 ON T1.StuID  =  T2.StuID WHERE T2.pettype != 'cat'","SELECT T1.Major ,  T1.Age FROM student AS T1 JOIN has_pet AS T2 ON T1.StuID  =  T2.StuID WHERE T2.pettype != 'cat'",0.0,Falha ao executar a consulta gerada: no such column: T2.pettype
63,pets_1,Find the id of students who do not have a cat pet.,SELECT stuid FROM student EXCEPT SELECT T1.stuid FROM student AS T1 JOIN has_pet AS T2 ON T1.stuid  =  T2.stuid JOIN pets AS T3 ON T3.petid  =  T2.petid WHERE T3.pettype  =  'cat',SELECT StuID FROM student EXCEPT SELECT StuID FROM has_pet WHERE PetID  =  (SELECT PetID FROM pets WHERE PetType  =  'cat'),SELECT StuID FROM student EXCEPT SELECT StuID FROM has_pet WHERE PetID  =  (SELECT PetID FROM pets WHERE PetType  =  'cat'),1.0,Resultados idênticos (ordered=False).
64,pets_1,What are the ids of the students who do not own cats as pets?,SELECT stuid FROM student EXCEPT SELECT T1.stuid FROM student AS T1 JOIN has_pet AS T2 ON T1.stuid  =  T2.stuid JOIN pets AS T3 ON T3.petid  =  T2.petid WHERE T3.pettype  =  'cat',SELECT StuID FROM student EXCEPT SELECT StuID FROM has_pet WHERE PetID IN (SELECT PetID FROM pets WHERE PetType  =  'cat'),SELECT StuID FROM student EXCEPT SELECT StuID FROM has_pet WHERE PetID IN (SELECT PetID FROM pets WHERE PetType  =  'cat'),1.0,Resultados idênticos (ordered=False).
65,pets_1,Find the first name and age of students who have a dog but do not have a cat as a pet.,"SELECT T1.fname ,  T1.age FROM student AS T1 JOIN has_pet AS T2 ON T1.stuid  =  T2.stuid JOIN pets AS T3 ON T3.petid  =  T2.petid WHERE T3.pettype  =  'dog' AND T1.stuid NOT IN (SELECT T1.stuid FROM student AS T1 JOIN has_pet AS T2 ON T1.stuid  =  T2.stuid JOIN pets AS T3 ON T3.petid  =  T2.petid WHERE T3.pettype  =  'cat')","SELECT T1.fname ,  T1.age FROM student AS T1 JOIN has_pet AS T2 ON T1.stuid  =  T2.stuid WHERE T2.pettype  =  'dog' EXCEPT SELECT T1.fname ,  T1.age FROM student AS T1 JOIN has_pet AS T2 ON T1.stuid  =  T2.stuid WHERE T2.pettype  =  'cat'","SELECT T1.fname ,  T1.age FROM student AS T1 JOIN has_pet AS T2 ON T1.stuid  =  T2.stuid WHERE T2.pettype  =  'dog' EXCEPT SELECT T1.fname ,  T1.age FROM student AS T1 JOIN has_pet AS T2 ON T1.stuid  =  T2.stuid WHERE T2.pettype  =  'cat'",0.0,Falha ao executar a consulta gerada: no such column: T2.pettype
66,pets_1,What is the first name of every student who has a dog but does not have a cat?,"SELECT T1.fname ,  T1.age FROM student AS T1 JOIN has_pet AS T2 ON T1.stuid  =  T2.stuid JOIN pets AS T3 ON T3.petid  =  T2.petid WHERE T3.pettype  =  'dog' AND T1.stuid NOT IN (SELECT T1.stuid FROM student AS T1 JOIN has_pet AS T2 ON T1.stuid  =  T2.stuid JOIN pets AS T3 ON T3.petid  =  T2.petid WHERE T3.pettype  =  'cat')",SELECT T1.fname FROM student AS T1 JOIN has_pet AS T2 ON T1.stuid  =  T2.stuid WHERE T2.pettype  =  'dog' EXCEPT SELECT T1.fname FROM student AS T1 JOIN has_pet AS T2 ON T1.stuid  =  T2.stuid WHERE T2.pettype  =  'cat',SELECT T1.fname FROM student AS T1 JOIN has_pet AS T2 ON T1.stuid  =  T2.stuid WHERE T2.pettype  =  'dog' EXCEPT SELECT T1.fname FROM student AS T1 JOIN has_pet AS T2 ON T1.stuid  =  T2.stuid WHERE T2.pettype  =  'cat',0.0,Falha ao executar a consulta gerada: no such column: T2.pettype
67,pets_1,Find the type and weight of the youngest pet.,"SELECT pettype ,  weight FROM pets ORDER BY pet_age LIMIT 1","SELECT t1.pet_type ,  t1.weight FROM pets AS t1 JOIN has_pet AS t2 ON t1.pet_id  =  t2.pet_id WHERE t2.age  =  ( SELECT min(age) FROM pets )","SELECT t1.pet_type ,  t1.weight FROM pets AS t1 JOIN has_pet AS t2 ON t1.pet_id  =  t2.pet_id WHERE t2.age  =  ( SELECT min(age) FROM pets )",0.0,Falha ao executar a consulta gerada: no such column: t1.pet_type
68,pets_1,"What type of pet is the youngest animal, and how much does it weigh?","SELECT pettype ,  weight FROM pets ORDER BY pet_age LIMIT 1","SELECT t1.pet_type ,  t1.weight FROM pets AS t1 JOIN has_pet AS t2 ON t1.pet_id  =  t2.pet_id ORDER BY t1.pet_age LIMIT 1","SELECT t1.pet_type ,  t1.weight FROM pets AS t1 JOIN has_pet AS t2 ON t1.pet_id  =  t2.pet_id ORDER BY t1.pet_age LIMIT 1",0.0,Falha ao executar a consulta gerada: no such column: t1.pet_type
69,pets_1,Find the id and weight of all pets whose age is older than 1.,"SELECT petid ,  weight FROM pets WHERE pet_age  >  1","SELECT T1.petid ,  T1.weight FROM pets AS T1 JOIN has_pet AS T2 ON T1.petid  =  T2.petid WHERE T1.pet_age  >  1","SELECT T1.petid ,  T1.weight FROM pets AS T1 JOIN has_pet AS T2 ON T1.petid  =  T2.petid WHERE T1.pet_age  >  1",1.0,Resultados idênticos (ordered=False).
70,pets_1,What is the id and weight of every pet who is older than 1?,"SELECT petid ,  weight FROM pets WHERE pet_age  >  1","SELECT T1.petid ,  T2.weight FROM pets AS T1 JOIN has_pet AS T2 ON T1.petid  =  T2.petid WHERE T1.pet_age  >  1","SELECT T1.petid ,  T2.weight FROM pets AS T1 JOIN has_pet AS T2 ON T1.petid  =  T2.petid WHERE T1.pet_age  >  1",0.0,Falha ao executar a consulta gerada: no such column: T2.weight
71,pets_1,Find the average and maximum age for each type of pet.,"SELECT avg(pet_age) ,  max(pet_age) ,  pettype FROM pets GROUP BY pettype","SELECT avg(T1.pet_age) ,  max(T1.pet_age) ,  T2.pettype FROM Has_Pet AS T1 JOIN Pets AS T2 ON T1.petid  =  T2.petid GROUP BY T2.pettype","SELECT avg(T1.pet_age) ,  max(T1.pet_age) ,  T2.pettype FROM Has_Pet AS T1 JOIN Pets AS T2 ON T1.petid  =  T2.petid GROUP BY T2.pettype",0.0,Falha ao executar a consulta gerada: no such column: T1.pet_age
72,pets_1,What is the average and maximum age for each pet type?,"SELECT avg(pet_age) ,  max(pet_age) ,  pettype FROM pets GROUP BY pettype","SELECT avg(T1.pet_age) ,  max(T1.pet_age) ,  T2.pettype FROM Has_Pet AS T1 JOIN Pets AS T2 ON T1.petid  =  T2.petid GROUP BY T2.pettype","SELECT avg(T1.pet_age) ,  max(T1.pet_age) ,  T2.pettype FROM Has_Pet AS T1 JOIN Pets AS T2 ON T1.petid  =  T2.petid GROUP BY T2.pettype",0.0,Falha ao executar a consulta gerada: no such column: T1.pet_age
73,pets_1,Find the average weight for each pet type.,"SELECT avg(weight) ,  pettype FROM pets GROUP BY pettype","SELECT avg(weight) ,  pet_type FROM pets GROUP BY pet_type","SELECT avg(weight) ,  pet_type FROM pets GROUP BY pet_type",0.0,Falha ao executar a consulta gerada: no such column: pet_type
74,pets_1,What is the average weight for each type of pet?,"SELECT avg(weight) ,  pettype FROM pets GROUP BY pettype","SELECT avg(weight) ,  pet_type FROM pets GROUP BY pet_type","SELECT avg(weight) ,  pet_type FROM pets GROUP BY pet_type",0.0,Falha ao executar a consulta gerada: no such column: pet_type
75,pets_1,Find the first name and age of students who have a pet.,"SELECT DISTINCT T1.fname ,  T1.age FROM student AS T1 JOIN has_pet AS T2 ON T1.stuid  =  T2.stuid","SELECT T1.fname ,  T1.age FROM student AS T1 JOIN has_pet AS T2 ON T1.stuid  =  T2.stuid","SELECT T1.fname ,  T1.age FROM student AS T1 JOIN has_pet AS T2 ON T1.stuid  =  T2.stuid",0.0,"Resultados divergentes (ordered=False). gold=2 linhas, pred=3 linhas."
76,pets_1,What are the different first names and ages of the students who do have pets?,"SELECT DISTINCT T1.fname ,  T1.age FROM student AS T1 JOIN has_pet AS T2 ON T1.stuid  =  T2.stuid","SELECT DISTINCT T1.fname ,  T1.age FROM student AS T1 JOIN has_pet AS T2 ON T1.stuid  =  T2.stuid","SELECT DISTINCT T1.fname ,  T1.age FROM student AS T1 JOIN has_pet AS T2 ON T1.stuid  =  T2.stuid",1.0,Resultados idênticos (ordered=False).
77,pets_1,Find the id of the pet owned by student whose last name is ‘Smith’.,SELECT T2.petid FROM student AS T1 JOIN has_pet AS T2 ON T1.stuid  =  T2.stuid WHERE T1.Lname  =  'Smith',SELECT T2.petid FROM student AS T1 JOIN has_pet AS T2 ON T1.stuid  =  T2.stuid WHERE T1.lname  =  'Smith',SELECT T2.petid FROM student AS T1 JOIN has_pet AS T2 ON T1.stuid  =  T2.stuid WHERE T1.lname  =  'Smith',1.0,Resultados idênticos (ordered=False).
78,pets_1,What is the id of the pet owned by the student whose last name is 'Smith'?,SELECT T2.petid FROM student AS T1 JOIN has_pet AS T2 ON T1.stuid  =  T2.stuid WHERE T1.Lname  =  'Smith',"SELECT T2.petid FROM student AS T1 JOIN has_pet AS T2 ON T1.stuid  =  T2.stuid WHERE T1.lname  =  ""Smith""","SELECT T2.petid FROM student AS T1 JOIN has_pet AS T2 ON T1.stuid  =  T2.stuid WHERE T1.lname  =  ""Smith""",1.0,Resultados idênticos (ordered=False).
79,pets_1,Find the number of pets for each student who has any pet and student id.,"SELECT count(*) ,  T1.stuid FROM student AS T1 JOIN has_pet AS T2 ON T1.stuid  =  T2.stuid GROUP BY T1.stuid","SELECT count(*) ,  StuID FROM Has_Pet GROUP BY StuID","SELECT count(*) ,  StuID FROM Has_Pet GROUP BY StuID",1.0,Resultados idênticos (ordered=False).
80,pets_1,"For students who have pets , how many pets does each student have ? list their ids instead of names .","select count(*) ,  t1.stuid from student as t1 join has_pet as t2 on t1.stuid  =  t2.stuid group by t1.stuid","SELECT T1.StuID ,  count(*) FROM student AS T1 JOIN Has_Pet AS T2 ON T1.StuID  =  T2.StuID GROUP BY T1.StuID","SELECT T1.StuID ,  count(*) FROM student AS T1 JOIN Has_Pet AS T2 ON T1.StuID  =  T2.StuID GROUP BY T1.StuID",0.0,"Resultados divergentes (ordered=False). gold=2 linhas, pred=2 linhas."
81,pets_1,Find the first name and gender of student who have more than one pet.,"SELECT T1.fname ,  T1.sex FROM student AS T1 JOIN has_pet AS T2 ON T1.stuid  =  T2.stuid GROUP BY T1.stuid HAVING count(*)  >  1","SELECT T1.fname ,  T1.sex FROM student AS T1 JOIN has_pet AS T2 ON T1.stuid  =  T2.stuid GROUP BY T1.stuid HAVING count(*)  >  1","SELECT T1.fname ,  T1.sex FROM student AS T1 JOIN has_pet AS T2 ON T1.stuid  =  T2.stuid GROUP BY T1.stuid HAVING count(*)  >  1",1.0,Resultados idênticos (ordered=False).
82,pets_1,What is the first name and gender of the all the students who have more than one pet?,"SELECT T1.fname ,  T1.sex FROM student AS T1 JOIN has_pet AS T2 ON T1.stuid  =  T2.stuid GROUP BY T1.stuid HAVING count(*)  >  1","SELECT T1.fname ,  T1.sex FROM student AS T1 JOIN has_pet AS T2 ON T1.StuID  =  T2.StuID GROUP BY T1.StuID HAVING count(*)  >  1","SELECT T1.fname ,  T1.sex FROM student AS T1 JOIN has_pet AS T2 ON T1.StuID  =  T2.StuID GROUP BY T1.StuID HAVING count(*)  >  1",1.0,Resultados idênticos (ordered=False).
83,pets_1,Find the last name of the student who has a cat that is age 3.,SELECT T1.lname FROM student AS T1 JOIN has_pet AS T2 ON T1.stuid  =  T2.stuid JOIN pets AS T3 ON T3.petid  =  T2.petid WHERE T3.pet_age  =  3 AND T3.pettype  =  'cat',SELECT T1.LName FROM student AS T1 JOIN Has_Pet AS T2 ON T1.StuID  =  T2.StuID JOIN Pets AS T3 ON T2.PetID  =  T3.PetID WHERE T3.pet_age  =  3 AND T3.pet_type  =  'cat',SELECT T1.LName FROM student AS T1 JOIN Has_Pet AS T2 ON T1.StuID  =  T2.StuID JOIN Pets AS T3 ON T2.PetID  =  T3.PetID WHERE T3.pet_age  =  3 AND T3.pet_type  =  'cat',0.0,Falha ao executar a consulta gerada: no such column: T3.pet_type
84,pets_1,What is the last name of the student who has a cat that is 3 years old?,SELECT T1.lname FROM student AS T1 JOIN has_pet AS T2 ON T1.stuid  =  T2.stuid JOIN pets AS T3 ON T3.petid  =  T2.petid WHERE T3.pet_age  =  3 AND T3.pettype  =  'cat',SELECT t1.lname FROM student AS t1 JOIN has_pet AS t2 ON t1.stuid  =  t2.stuid JOIN pets AS t3 ON t2.petid  =  t3.petid WHERE t3.pettype  =  'cat' AND t3.pet_age  =  3,SELECT t1.lname FROM student AS t1 JOIN has_pet AS t2 ON t1.stuid  =  t2.stuid JOIN pets AS t3 ON t2.petid  =  t3.petid WHERE t3.pettype  =  'cat' AND t3.pet_age  =  3,1.0,Resultados idênticos (ordered=False).
85,pets_1,Find the average age of students who do not have any pet .,select avg(age) from student where stuid not in (select stuid from has_pet),SELECT avg(age) FROM student WHERE StuID NOT IN (SELECT StuID FROM Has_Pet),SELECT avg(age) FROM student WHERE StuID NOT IN (SELECT StuID FROM Has_Pet),1.0,Resultados idênticos (ordered=False).
86,pets_1,What is the average age for all students who do not own any pets ?,select avg(age) from student where stuid not in (select stuid from has_pet),SELECT avg(age) FROM student WHERE StuID NOT IN (SELECT StuID FROM Has_Pet),SELECT avg(age) FROM student WHERE StuID NOT IN (SELECT StuID FROM Has_Pet),1.0,Resultados idênticos (ordered=False).
87,car_1,How many continents are there?,SELECT count(*) FROM CONTINENTS;,SELECT count(*) FROM continents,SELECT count(*) FROM continents,1.0,Resultados idênticos (ordered=False).
88,car_1,What is the number of continents?,SELECT count(*) FROM CONTINENTS;,SELECT count(*) FROM continents,SELECT count(*) FROM continents,1.0,Resultados idênticos (ordered=False).
89,car_1,"How many countries does each continent have? List the continent id, continent name and the number of countries.","SELECT T1.ContId ,  T1.Continent ,  count(*) FROM CONTINENTS AS T1 JOIN COUNTRIES AS T2 ON T1.ContId  =  T2.Continent GROUP BY T1.ContId;","SELECT T2.ContId ,  T1.Continent ,  COUNT(*) FROM continents AS T1 JOIN countries AS T2 ON T1.ContId  =  T2.Continent GROUP BY T1.ContId","SELECT T2.ContId ,  T1.Continent ,  COUNT(*) FROM continents AS T1 JOIN countries AS T2 ON T1.ContId  =  T2.Continent GROUP BY T1.ContId",0.0,Falha ao executar a consulta gerada: no such column: T2.ContId
90,car_1,"For each continent, list its id, name, and how many countries it has?","SELECT T1.ContId ,  T1.Continent ,  count(*) FROM CONTINENTS AS T1 JOIN COUNTRIES AS T2 ON T1.ContId  =  T2.Continent GROUP BY T1.ContId;","SELECT T2.ContId ,  T1.Continent ,  COUNT(*) FROM continents AS T2 JOIN countries AS T1 ON T2.ContId  =  T1.Continent GROUP BY T2.ContId","SELECT T2.ContId ,  T1.Continent ,  COUNT(*) FROM continents AS T2 JOIN countries AS T1 ON T2.ContId  =  T1.Continent GROUP BY T2.ContId",0.0,"Resultados divergentes (ordered=False). gold=5 linhas, pred=5 linhas."
91,car_1,How many countries are listed?,SELECT count(*) FROM COUNTRIES;,SELECT count(*) FROM countries,SELECT count(*) FROM countries,1.0,Resultados idênticos (ordered=False).
92,car_1,How many countries exist?,SELECT count(*) FROM COUNTRIES;,SELECT count(*) FROM countries,SELECT count(*) FROM countries,1.0,Resultados idênticos (ordered=False).
93,car_1,"How many models does each car maker produce? List maker full name, id and the number.","SELECT T1.FullName ,  T1.Id ,  count(*) FROM CAR_MAKERS AS T1 JOIN MODEL_LIST AS T2 ON T1.Id  =  T2.Maker GROUP BY T1.Id;","SELECT T1.FullName ,  T1.id ,  COUNT(*) FROM car_makers AS T1 JOIN car_names AS T2 ON T1.id  =  T2.makeid GROUP BY T1.id","SELECT T1.FullName ,  T1.id ,  COUNT(*) FROM car_makers AS T1 JOIN car_names AS T2 ON T1.id  =  T2.makeid GROUP BY T1.id",0.0,"Resultados divergentes (ordered=False). gold=22 linhas, pred=22 linhas."
94,car_1,"What is the full name of each car maker, along with its id and how many models it produces?","SELECT T1.FullName ,  T1.Id ,  count(*) FROM CAR_MAKERS AS T1 JOIN MODEL_LIST AS T2 ON T1.Id  =  T2.Maker GROUP BY T1.Id;","SELECT T1.Maker ,  T1.FullName ,  COUNT(*) FROM car_makers AS T1 JOIN car_names AS T2 ON T1.Id  =  T2.MakeId GROUP BY T1.Maker","SELECT T1.Maker ,  T1.FullName ,  COUNT(*) FROM car_makers AS T1 JOIN car_names AS T2 ON T1.Id  =  T2.MakeId GROUP BY T1.Maker",0.0,"Resultados divergentes (ordered=False). gold=22 linhas, pred=22 linhas."
95,car_1,Which model of the car has the minimum horsepower?,SELECT T1.Model FROM CAR_NAMES AS T1 JOIN CARS_DATA AS T2 ON T1.MakeId  =  T2.Id ORDER BY T2.horsepower ASC LIMIT 1;,SELECT T1.model FROM model_list AS T1 JOIN cars_data AS T2 ON T1.modelid  =  T2.id WHERE T2.Horsepower  =  (SELECT min(Horsepower) FROM cars_data),SELECT T1.model FROM model_list AS T1 JOIN cars_data AS T2 ON T1.modelid  =  T2.id WHERE T2.Horsepower  =  (SELECT min(Horsepower) FROM cars_data),0.0,"Resultados divergentes (ordered=True). gold=1 linhas, pred=0 linhas."
96,car_1,What is the model of the car with the smallest amount of horsepower?,SELECT T1.Model FROM CAR_NAMES AS T1 JOIN CARS_DATA AS T2 ON T1.MakeId  =  T2.Id ORDER BY T2.horsepower ASC LIMIT 1;,SELECT T2.Model FROM cars_data AS T1 JOIN car_names AS T2 ON T1.MakeId  =  T2.MakeId ORDER BY Horsepower LIMIT 1,SELECT T2.Model FROM cars_data AS T1 JOIN car_names AS T2 ON T1.MakeId  =  T2.MakeId ORDER BY Horsepower LIMIT 1,0.0,Falha ao executar a consulta gerada: no such column: T1.MakeId
97,car_1,Find the model of the car whose weight is below the average weight.,SELECT T1.model FROM CAR_NAMES AS T1 JOIN CARS_DATA AS T2 ON T1.MakeId  =  T2.Id WHERE T2.Weight  <  (SELECT avg(Weight) FROM CARS_DATA),SELECT Model FROM cars_data WHERE Weight  <  (SELECT avg(Weight) FROM cars_data),SELECT Model FROM cars_data WHERE Weight  <  (SELECT avg(Weight) FROM cars_data),0.0,Falha ao executar a consulta gerada: no such column: Model
98,car_1,What is the model for the car with a weight smaller than the average?,SELECT T1.model FROM CAR_NAMES AS T1 JOIN CARS_DATA AS T2 ON T1.MakeId  =  T2.Id WHERE T2.Weight  <  (SELECT avg(Weight) FROM CARS_DATA),SELECT model FROM cars_data WHERE Weight  <  (SELECT avg(weight) FROM cars_data),SELECT model FROM cars_data WHERE Weight  <  (SELECT avg(weight) FROM cars_data),0.0,Falha ao executar a consulta gerada: no such column: model
99,car_1,Find the name of the makers that produced some cars in the year of 1970?,SELECT DISTINCT T1.Maker FROM CAR_MAKERS AS T1 JOIN MODEL_LIST AS T2 ON T1.Id  =  T2.Maker JOIN CAR_NAMES AS T3 ON T2.model  =  T3.model JOIN CARS_DATA AS T4 ON T3.MakeId  =  T4.id WHERE T4.year  =  '1970';,SELECT T2.Maker FROM cars_data AS T1 JOIN car_names AS T2 ON T1.MakeId  =  T2.MakeId WHERE T1.Year  =  1970,SELECT T2.Maker FROM cars_data AS T1 JOIN car_names AS T2 ON T1.MakeId  =  T2.MakeId WHERE T1.Year  =  1970,0.0,Falha ao executar a consulta gerada: no such column: T2.Maker
100,car_1,What is the name of the different car makers who produced a car in 1970?,SELECT DISTINCT T1.Maker FROM CAR_MAKERS AS T1 JOIN MODEL_LIST AS T2 ON T1.Id  =  T2.Maker JOIN CAR_NAMES AS T3 ON T2.model  =  T3.model JOIN CARS_DATA AS T4 ON T3.MakeId  =  T4.id WHERE T4.year  =  '1970';,SELECT DISTINCT T1.Maker FROM car_makers AS T1 JOIN cars_data AS T2 ON T1.Id  =  T2.MakeId WHERE T2.Year  =  1970,SELECT DISTINCT T1.Maker FROM car_makers AS T1 JOIN cars_data AS T2 ON T1.Id  =  T2.MakeId WHERE T2.Year  =  1970,0.0,Falha ao executar a consulta gerada: no such column: T2.MakeId
101,car_1,Find the make and production time of the cars that were produced in the earliest year?,"SELECT T2.Make ,  T1.Year FROM CARS_DATA AS T1 JOIN CAR_NAMES AS T2 ON T1.Id  =  T2.MakeId WHERE T1.Year  =  (SELECT min(YEAR) FROM CARS_DATA);","SELECT T1.Maker ,  T2.Year FROM car_makers AS T1 JOIN cars_data AS T2 ON T1.Id  =  T2.MakeId ORDER BY T2.Year LIMIT 1","SELECT T1.Maker ,  T2.Year FROM car_makers AS T1 JOIN cars_data AS T2 ON T1.Id  =  T2.MakeId ORDER BY T2.Year LIMIT 1",0.0,Falha ao executar a consulta gerada: no such column: T2.MakeId
102,car_1,What is the maker of the carr produced in the earliest year and what year was it?,"SELECT T2.Make ,  T1.Year FROM CARS_DATA AS T1 JOIN CAR_NAMES AS T2 ON T1.Id  =  T2.MakeId WHERE T1.Year  =  (SELECT min(YEAR) FROM CARS_DATA);","SELECT T1.Maker ,  T2.Year FROM car_makers AS T1 JOIN cars_data AS T2 ON T1.Id  =  T2.MakeId WHERE T2.Year  =  (SELECT min(YEAR) FROM cars_data)","SELECT T1.Maker ,  T2.Year FROM car_makers AS T1 JOIN cars_data AS T2 ON T1.Id  =  T2.MakeId WHERE T2.Year  =  (SELECT min(YEAR) FROM cars_data)",0.0,Falha ao executar a consulta gerada: no such column: T2.MakeId
103,car_1,Which distinct car models are the produced after 1980?,SELECT DISTINCT T1.model FROM MODEL_LIST AS T1 JOIN CAR_NAMES AS T2 ON T1.model  =  T2.model JOIN CARS_DATA AS T3 ON T2.MakeId  =  T3.id WHERE T3.year  >  1980;,SELECT DISTINCT T2.Model FROM cars_data AS T1 JOIN car_names AS T2 ON T1.MakeId  =  T2.MakeId WHERE T1.Year  >  1980,SELECT DISTINCT T2.Model FROM cars_data AS T1 JOIN car_names AS T2 ON T1.MakeId  =  T2.MakeId WHERE T1.Year  >  1980,0.0,Falha ao executar a consulta gerada: no such column: T1.MakeId
104,car_1,What are the different models for the cards produced after 1980?,SELECT DISTINCT T1.model FROM MODEL_LIST AS T1 JOIN CAR_NAMES AS T2 ON T1.model  =  T2.model JOIN CARS_DATA AS T3 ON T2.MakeId  =  T3.id WHERE T3.year  >  1980;,SELECT DISTINCT T2.Model FROM cars_data AS T1 JOIN car_names AS T2 ON T1.MakeId  =  T2.MakeId WHERE T1.Year  >  1980,SELECT DISTINCT T2.Model FROM cars_data AS T1 JOIN car_names AS T2 ON T1.MakeId  =  T2.MakeId WHERE T1.Year  >  1980,0.0,Falha ao executar a consulta gerada: no such column: T1.MakeId
105,car_1,How many car makers are there in each continents? List the continent name and the count.,"SELECT T1.Continent ,  count(*) FROM CONTINENTS AS T1 JOIN COUNTRIES AS T2 ON T1.ContId  =  T2.continent JOIN car_makers AS T3 ON T2.CountryId  =  T3.Country GROUP BY T1.Continent;","SELECT T2.Continent ,  COUNT(*) FROM car_makers AS T1 JOIN continents AS T2 ON T1.Continent  =  T2.ContId GROUP BY T2.Continent","SELECT T2.Continent ,  COUNT(*) FROM car_makers AS T1 JOIN continents AS T2 ON T1.Continent  =  T2.ContId GROUP BY T2.Continent",0.0,Falha ao executar a consulta gerada: no such column: T1.Continent
106,car_1,What is the name of each continent and how many car makers are there in each one?,"SELECT T1.Continent ,  count(*) FROM CONTINENTS AS T1 JOIN COUNTRIES AS T2 ON T1.ContId  =  T2.continent JOIN car_makers AS T3 ON T2.CountryId  =  T3.Country GROUP BY T1.Continent;","SELECT T2.Continent ,  COUNT(*) FROM car_makers AS T1 JOIN continents AS T2 ON T1.Continent  =  T2.ContId GROUP BY T2.Continent","SELECT T2.Continent ,  COUNT(*) FROM car_makers AS T1 JOIN continents AS T2 ON T1.Continent  =  T2.ContId GROUP BY T2.Continent",0.0,Falha ao executar a consulta gerada: no such column: T1.Continent
107,car_1,Which of the countries has the most car makers? List the country name.,SELECT T2.CountryName FROM CAR_MAKERS AS T1 JOIN COUNTRIES AS T2 ON T1.Country  =  T2.CountryId GROUP BY T1.Country ORDER BY Count(*) DESC LIMIT 1;,SELECT T2.CountryName FROM car_makers AS T1 JOIN countries AS T2 ON T1.Continent  =  T2.ContId GROUP BY T1.Continent ORDER BY COUNT(*) DESC LIMIT 1,SELECT T2.CountryName FROM car_makers AS T1 JOIN countries AS T2 ON T1.Continent  =  T2.ContId GROUP BY T1.Continent ORDER BY COUNT(*) DESC LIMIT 1,0.0,Falha ao executar a consulta gerada: no such column: T1.Continent
108,car_1,What is the name of the country with the most car makers?,SELECT T2.CountryName FROM CAR_MAKERS AS T1 JOIN COUNTRIES AS T2 ON T1.Country  =  T2.CountryId GROUP BY T1.Country ORDER BY Count(*) DESC LIMIT 1;,SELECT T2.CountryName FROM car_makers AS T1 JOIN countries AS T2 ON T1.Continent  =  T2.ContId GROUP BY T1.Continent ORDER BY count(*) DESC LIMIT 1,SELECT T2.CountryName FROM car_makers AS T1 JOIN countries AS T2 ON T1.Continent  =  T2.ContId GROUP BY T1.Continent ORDER BY count(*) DESC LIMIT 1,0.0,Falha ao executar a consulta gerada: no such column: T1.Continent
109,car_1,How many car models are produced by each maker ? Only list the count and the maker full name .,"select count(*) ,  t2.fullname from model_list as t1 join car_makers as t2 on t1.maker  =  t2.id group by t2.id;","SELECT COUNT(model) ,  T1.FullName FROM car_names AS T1 JOIN cars_data AS T2 ON T1.makeid  =  T2.makeid GROUP BY T1.id","SELECT COUNT(model) ,  T1.FullName FROM car_names AS T1 JOIN cars_data AS T2 ON T1.makeid  =  T2.makeid GROUP BY T1.id",0.0,Falha ao executar a consulta gerada: no such column: T1.FullName
110,car_1,What is the number of car models that are produced by each maker and what is the id and full name of each maker?,"SELECT Count(*) ,  T2.FullName ,  T2.id FROM MODEL_LIST AS T1 JOIN CAR_MAKERS AS T2 ON T1.Maker  =  T2.Id GROUP BY T2.id;","SELECT COUNT(T2.Model) ,  T1.Maker ,  T1.FullName FROM car_makers AS T1 JOIN car_names AS T2 ON T1.Id  =  T2.MakeId GROUP BY T1.Maker","SELECT COUNT(T2.Model) ,  T1.Maker ,  T1.FullName FROM car_makers AS T1 JOIN car_names AS T2 ON T1.Id  =  T2.MakeId GROUP BY T1.Maker",0.0,"Resultados divergentes (ordered=False). gold=22 linhas, pred=22 linhas."
111,car_1,What is the accelerate of the car make amc hornet sportabout (sw)?,SELECT T1.Accelerate FROM CARS_DATA AS T1 JOIN CAR_NAMES AS T2 ON T1.Id  =  T2.MakeId WHERE T2.Make  =  'amc hornet sportabout (sw)';,"SELECT T3.accelerate FROM cars_data AS T1 JOIN car_names AS T2 ON T1.makeid  =  T2.makeid JOIN cars_data AS T3 ON T3.id  =  T1.id WHERE T2.model  =  ""Hornet Sportabout"" AND T1.year  =  1974 AND T2.make  =  ""AMC""","SELECT T3.accelerate FROM cars_data AS T1 JOIN car_names AS T2 ON T1.makeid  =  T2.makeid JOIN cars_data AS T3 ON T3.id  =  T1.id WHERE T2.model  =  ""Hornet Sportabout"" AND T1.year  =  1974 AND T2.make  =  ""AMC""",0.0,Falha ao executar a consulta gerada: no such column: T1.makeid
112,car_1,How much does the car accelerate that makes amc hornet sportabout (sw)?,SELECT T1.Accelerate FROM CARS_DATA AS T1 JOIN CAR_NAMES AS T2 ON T1.Id  =  T2.MakeId WHERE T2.Make  =  'amc hornet sportabout (sw)';,"SELECT accelerate FROM cars_data AS T1 JOIN car_names AS T2 ON T1.makeid  =  T2.makeid WHERE T2.model  =  ""amc hornet sportabout""","SELECT accelerate FROM cars_data AS T1 JOIN car_names AS T2 ON T1.makeid  =  T2.makeid WHERE T2.model  =  ""amc hornet sportabout""",0.0,Falha ao executar a consulta gerada: no such column: T1.makeid
113,car_1,How many car makers are there in france?,SELECT count(*) FROM CAR_MAKERS AS T1 JOIN COUNTRIES AS T2 ON T1.Country  =  T2.CountryId WHERE T2.CountryName  =  'france';,"SELECT count(*) FROM car_makers AS T1 JOIN countries AS T2 ON T1.Country  =  T2.CountryName WHERE T2.Continent  =  ""Europe""","SELECT count(*) FROM car_makers AS T1 JOIN countries AS T2 ON T1.Country  =  T2.CountryName WHERE T2.Continent  =  ""Europe""",0.0,"Resultados divergentes (ordered=False). gold=1 linhas, pred=1 linhas."
114,car_1,What is the number of makers of care in France?,SELECT count(*) FROM CAR_MAKERS AS T1 JOIN COUNTRIES AS T2 ON T1.Country  =  T2.CountryId WHERE T2.CountryName  =  'france';,"SELECT count(*) FROM car_makers AS T1 JOIN countries AS T2 ON T1.Country  =  T2.CountryName WHERE T2.Continent  =  ""Europe""","SELECT count(*) FROM car_makers AS T1 JOIN countries AS T2 ON T1.Country  =  T2.CountryName WHERE T2.Continent  =  ""Europe""",0.0,"Resultados divergentes (ordered=False). gold=1 linhas, pred=1 linhas."
115,car_1,How many car models are produced in the usa?,SELECT count(*) FROM MODEL_LIST AS T1 JOIN CAR_MAKERS AS T2 ON T1.Maker  =  T2.Id JOIN COUNTRIES AS T3 ON T2.Country  =  T3.CountryId WHERE T3.CountryName  =  'usa';,"SELECT count(*) FROM car_names AS T1 JOIN cars_data AS T2 ON T1.MakeId  =  T2.MakeId WHERE T2.Maker IN (SELECT Id FROM car_makers WHERE Country  =  ""USA"")","SELECT count(*) FROM car_names AS T1 JOIN cars_data AS T2 ON T1.MakeId  =  T2.MakeId WHERE T2.Maker IN (SELECT Id FROM car_makers WHERE Country  =  ""USA"")",0.0,Falha ao executar a consulta gerada: no such column: T2.Maker
116,car_1,What is the count of the car models produced in the United States?,SELECT count(*) FROM MODEL_LIST AS T1 JOIN CAR_MAKERS AS T2 ON T1.Maker  =  T2.Id JOIN COUNTRIES AS T3 ON T2.Country  =  T3.CountryId WHERE T3.CountryName  =  'usa';,SELECT count(*) FROM car_names AS T1 JOIN cars_data AS T2 ON T1.MakeId  =  T2.MakeId WHERE T2.Maker IN (SELECT Id FROM car_makers WHERE Country  =  'United States'),SELECT count(*) FROM car_names AS T1 JOIN cars_data AS T2 ON T1.MakeId  =  T2.MakeId WHERE T2.Maker IN (SELECT Id FROM car_makers WHERE Country  =  'United States'),0.0,Falha ao executar a consulta gerada: no such column: T2.Maker
117,car_1,What is the average miles per gallon(mpg) of the cars with 4 cylinders?,SELECT avg(mpg) FROM CARS_DATA WHERE Cylinders  =  4;,SELECT avg(T1.MPG) FROM cars_data AS T1 JOIN car_names AS T2 ON T1.MakeId  =  T2.MakeId WHERE T1.Cylinders  =  4,SELECT avg(T1.MPG) FROM cars_data AS T1 JOIN car_names AS T2 ON T1.MakeId  =  T2.MakeId WHERE T1.Cylinders  =  4,0.0,Falha ao executar a consulta gerada: no such column: T1.MakeId
118,car_1,What is the average miles per gallon of all the cards with 4 cylinders?,SELECT avg(mpg) FROM CARS_DATA WHERE Cylinders  =  4;,SELECT avg(MPG) FROM cars_data WHERE Cylinders  =  4,SELECT avg(MPG) FROM cars_data WHERE Cylinders  =  4,1.0,Resultados idênticos (ordered=False).
119,car_1,What is the smallest weight of the car produced with 8 cylinders on 1974 ?,select min(weight) from cars_data where cylinders  =  8 and year  =  1974,SELECT min(weight) FROM cars_data WHERE YEAR  =  1974 AND Cylinders  =  8,SELECT min(weight) FROM cars_data WHERE YEAR  =  1974 AND Cylinders  =  8,1.0,Resultados idênticos (ordered=False).
120,car_1,What is the minimum weight of the car with 8 cylinders produced in 1974 ?,select min(weight) from cars_data where cylinders  =  8 and year  =  1974,SELECT min(weight) FROM cars_data WHERE YEAR  =  1974 AND Cylinders  =  8,SELECT min(weight) FROM cars_data WHERE YEAR  =  1974 AND Cylinders  =  8,1.0,Resultados idênticos (ordered=False).
121,car_1,What are all the makers and models?,"SELECT Maker ,  Model FROM MODEL_LIST;","SELECT DISTINCT T1.Maker ,  T2.Model FROM car_makers AS T1 JOIN car_names AS T2 ON T1.Id  =  T2.MakeId","SELECT DISTINCT T1.Maker ,  T2.Model FROM car_makers AS T1 JOIN car_names AS T2 ON T1.Id  =  T2.MakeId",0.0,"Resultados divergentes (ordered=False). gold=36 linhas, pred=22 linhas."
122,car_1,What are the makers and models?,"SELECT Maker ,  Model FROM MODEL_LIST;","SELECT T1.Maker ,  T2.Model FROM car_makers AS T1 JOIN car_names AS T2 ON T1.Id  =  T2.MakeId","SELECT T1.Maker ,  T2.Model FROM car_makers AS T1 JOIN car_names AS T2 ON T1.Id  =  T2.MakeId",0.0,"Resultados divergentes (ordered=False). gold=36 linhas, pred=22 linhas."
123,car_1,What are the countries having at least one car maker? List name and id.,"SELECT T1.CountryName ,  T1.CountryId FROM COUNTRIES AS T1 JOIN CAR_MAKERS AS T2 ON T1.CountryId  =  T2.Country GROUP BY T1.CountryId HAVING count(*)  >=  1;","SELECT T2.CountryName ,  T1.id FROM car_makers AS T1 JOIN countries AS T2 ON T1.Continent  =  T2.ContId GROUP BY T1.id HAVING count(*)  >=  1","SELECT T2.CountryName ,  T1.id FROM car_makers AS T1 JOIN countries AS T2 ON T1.Continent  =  T2.ContId GROUP BY T1.id HAVING count(*)  >=  1",0.0,Falha ao executar a consulta gerada: no such column: T1.Continent
124,car_1,What are the names and ids of all countries with at least one car maker?,"SELECT T1.CountryName ,  T1.CountryId FROM COUNTRIES AS T1 JOIN CAR_MAKERS AS T2 ON T1.CountryId  =  T2.Country GROUP BY T1.CountryId HAVING count(*)  >=  1;","SELECT T2.CountryName ,  T1.id FROM car_makers AS T1 JOIN countries AS T2 ON T1.Continent  =  T2.ContId GROUP BY T1.id HAVING COUNT(*)  >=  1","SELECT T2.CountryName ,  T1.id FROM car_makers AS T1 JOIN countries AS T2 ON T1.Continent  =  T2.ContId GROUP BY T1.id HAVING COUNT(*)  >=  1",0.0,Falha ao executar a consulta gerada: no such column: T1.Continent
125,car_1,What is the number of the cars with horsepower more than 150?,SELECT count(*) FROM CARS_DATA WHERE horsepower  >  150;,SELECT count(*) FROM cars_data WHERE Horsepower  >  150,SELECT count(*) FROM cars_data WHERE Horsepower  >  150,1.0,Resultados idênticos (ordered=False).
126,car_1,What is the number of cars with a horsepower greater than 150?,SELECT count(*) FROM CARS_DATA WHERE horsepower  >  150;,SELECT count(*) FROM cars_data WHERE Horsepower  >  150,SELECT count(*) FROM cars_data WHERE Horsepower  >  150,1.0,Resultados idênticos (ordered=False).
127,car_1,What is the average weight of cars each year?,"SELECT avg(Weight) ,  YEAR FROM CARS_DATA GROUP BY YEAR;","SELECT avg(weight) ,  YEAR FROM cars_data GROUP BY YEAR","SELECT avg(weight) ,  YEAR FROM cars_data GROUP BY YEAR",1.0,Resultados idênticos (ordered=False).
128,car_1,What is the average weight and year for each year?,"SELECT avg(Weight) ,  YEAR FROM CARS_DATA GROUP BY YEAR;","SELECT avg(weight) ,  YEAR FROM cars_data GROUP BY YEAR","SELECT avg(weight) ,  YEAR FROM cars_data GROUP BY YEAR",1.0,Resultados idênticos (ordered=False).
129,car_1,Which countries in europe have at least 3 car manufacturers?,SELECT T1.CountryName FROM COUNTRIES AS T1 JOIN CONTINENTS AS T2 ON T1.Continent  =  T2.ContId JOIN CAR_MAKERS AS T3 ON T1.CountryId  =  T3.Country WHERE T2.Continent  =  'europe' GROUP BY T1.CountryName HAVING count(*)  >=  3;,SELECT T2.CountryName FROM car_makers AS T1 JOIN countries AS T2 ON T1.Continent  =  T2.ContId GROUP BY T1.Continent HAVING COUNT(*)  >=  3,SELECT T2.CountryName FROM car_makers AS T1 JOIN countries AS T2 ON T1.Continent  =  T2.ContId GROUP BY T1.Continent HAVING COUNT(*)  >=  3,0.0,Falha ao executar a consulta gerada: no such column: T1.Continent
130,car_1,What are the names of all European countries with at least 3 manufacturers?,SELECT T1.CountryName FROM COUNTRIES AS T1 JOIN CONTINENTS AS T2 ON T1.Continent  =  T2.ContId JOIN CAR_MAKERS AS T3 ON T1.CountryId  =  T3.Country WHERE T2.Continent  =  'europe' GROUP BY T1.CountryName HAVING count(*)  >=  3;,SELECT T2.CountryName FROM car_makers AS T1 JOIN countries AS T2 ON T1.Continent  =  T2.ContId GROUP BY T1.Continent HAVING COUNT(*)  >=  3,SELECT T2.CountryName FROM car_makers AS T1 JOIN countries AS T2 ON T1.Continent  =  T2.ContId GROUP BY T1.Continent HAVING COUNT(*)  >=  3,0.0,Falha ao executar a consulta gerada: no such column: T1.Continent
131,car_1,What is the maximum horsepower and the make of the car models with 3 cylinders?,"SELECT T2.horsepower ,  T1.Make FROM CAR_NAMES AS T1 JOIN CARS_DATA AS T2 ON T1.MakeId  =  T2.Id WHERE T2.cylinders  =  3 ORDER BY T2.horsepower DESC LIMIT 1;","SELECT max(T1.Horsepower) ,  T2.Maker FROM cars_data AS T1 JOIN car_names AS T2 ON T1.MakeId  =  T2.MakeId WHERE T1.Cylinders  =  3 GROUP BY T2.Maker","SELECT max(T1.Horsepower) ,  T2.Maker FROM cars_data AS T1 JOIN car_names AS T2 ON T1.MakeId  =  T2.MakeId WHERE T1.Cylinders  =  3 GROUP BY T2.Maker",0.0,Falha ao executar a consulta gerada: no such column: T2.Maker
132,car_1,What is the largest amount of horsepower for the models with 3 cylinders and what make is it?,"SELECT T2.horsepower ,  T1.Make FROM CAR_NAMES AS T1 JOIN CARS_DATA AS T2 ON T1.MakeId  =  T2.Id WHERE T2.cylinders  =  3 ORDER BY T2.horsepower DESC LIMIT 1;","SELECT max(T1.Horsepower) ,  T2.Maker FROM cars_data AS T1 JOIN car_names AS T2 ON T1.MakeId  =  T2.MakeId WHERE T1.Cylinders  =  3","SELECT max(T1.Horsepower) ,  T2.Maker FROM cars_data AS T1 JOIN car_names AS T2 ON T1.MakeId  =  T2.MakeId WHERE T1.Cylinders  =  3",0.0,Falha ao executar a consulta gerada: no such column: T2.Maker
133,car_1,"Which model saves the most gasoline? That is to say, have the maximum miles per gallon.",SELECT T1.Model FROM CAR_NAMES AS T1 JOIN CARS_DATA AS T2 ON T1.MakeId  =  T2.Id ORDER BY T2.mpg DESC LIMIT 1;,SELECT T2.Model FROM cars_data AS T1 JOIN car_names AS T2 ON T1.MakeId  =  T2.MakeId ORDER BY MPG DESC LIMIT 1,SELECT T2.Model FROM cars_data AS T1 JOIN car_names AS T2 ON T1.MakeId  =  T2.MakeId ORDER BY MPG DESC LIMIT 1,0.0,Falha ao executar a consulta gerada: no such column: T1.MakeId
134,car_1,What is the car model with the highest mpg ?,select t1.model from car_names as t1 join cars_data as t2 on t1.makeid  =  t2.id order by t2.mpg desc limit 1;,SELECT model FROM cars_data ORDER BY MPG DESC LIMIT 1,SELECT model FROM cars_data ORDER BY MPG DESC LIMIT 1,0.0,Falha ao executar a consulta gerada: no such column: model
135,car_1,What is the average horsepower of the cars before 1980?,SELECT avg(horsepower) FROM CARS_DATA WHERE YEAR  <  1980;,SELECT avg(Horsepower) FROM cars_data WHERE YEAR  <  1980,SELECT avg(Horsepower) FROM cars_data WHERE YEAR  <  1980,1.0,Resultados idênticos (ordered=False).
136,car_1,What is the average horsepower for all cars produced before 1980 ?,select avg(horsepower) from cars_data where year  <  1980;,SELECT avg(Horsepower) FROM cars_data WHERE YEAR  <  1980,SELECT avg(Horsepower) FROM cars_data WHERE YEAR  <  1980,1.0,Resultados idênticos (ordered=False).
137,car_1,What is the average edispl of the cars of model volvo?,SELECT avg(T2.edispl) FROM CAR_NAMES AS T1 JOIN CARS_DATA AS T2 ON T1.MakeId  =  T2.Id WHERE T1.Model  =  'volvo';,"SELECT avg(T3.Edispl) FROM car_names AS T1 JOIN cars_data AS T2 ON T1.MakeId  =  T2.Id JOIN model_list AS T4 ON T4.Model  =  T1.Model WHERE T1.Model  =  ""volvo""","SELECT avg(T3.Edispl) FROM car_names AS T1 JOIN cars_data AS T2 ON T1.MakeId  =  T2.Id JOIN model_list AS T4 ON T4.Model  =  T1.Model WHERE T1.Model  =  ""volvo""",0.0,Falha ao executar a consulta gerada: no such column: T3.Edispl
138,car_1,What is the average edispl for all volvos?,SELECT avg(T2.edispl) FROM CAR_NAMES AS T1 JOIN CARS_DATA AS T2 ON T1.MakeId  =  T2.Id WHERE T1.Model  =  'volvo';,"SELECT avg(T2.Edispl) FROM car_names AS T1 JOIN cars_data AS T2 ON T1.MakeId  =  T2.Id WHERE T1.Model  =  ""Volvo""","SELECT avg(T2.Edispl) FROM car_names AS T1 JOIN cars_data AS T2 ON T1.MakeId  =  T2.Id WHERE T1.Model  =  ""Volvo""",0.0,"Resultados divergentes (ordered=False). gold=1 linhas, pred=1 linhas."
139,car_1,What is the maximum accelerate for different number of cylinders?,"SELECT max(Accelerate) ,  Cylinders FROM CARS_DATA GROUP BY Cylinders;","SELECT max(accelerate) ,  max(CASE WHEN cylinders  =  4 THEN accelerate ELSE null END) ,  max(CASE WHEN cylinders  =  6 THEN accelerate ELSE null END) ,  max(CASE WHEN cylinders  =  8 THEN accelerate ELSE null END) FROM cars_data","SELECT max(accelerate) ,  max(CASE WHEN cylinders  =  4 THEN accelerate ELSE null END) ,  max(CASE WHEN cylinders  =  6 THEN accelerate ELSE null END) ,  max(CASE WHEN cylinders  =  8 THEN accelerate ELSE null END) FROM cars_data",0.0,"Resultados divergentes (ordered=False). gold=5 linhas, pred=1 linhas."
140,car_1,What is the maximum accelerate for all the different cylinders?,"SELECT max(Accelerate) ,  Cylinders FROM CARS_DATA GROUP BY Cylinders;","SELECT max(Accelerate) ,  max(Cylinders) FROM cars_data","SELECT max(Accelerate) ,  max(Cylinders) FROM cars_data",0.0,"Resultados divergentes (ordered=False). gold=5 linhas, pred=1 linhas."
141,car_1,Which model has the most version(make) of cars?,SELECT Model FROM CAR_NAMES GROUP BY Model ORDER BY count(*) DESC LIMIT 1;,SELECT t2.model FROM cars_data AS t1 JOIN car_names AS t2 ON t1.makeid  =  t2.makeid GROUP BY t2.model ORDER BY count(*) DESC LIMIT 1,SELECT t2.model FROM cars_data AS t1 JOIN car_names AS t2 ON t1.makeid  =  t2.makeid GROUP BY t2.model ORDER BY count(*) DESC LIMIT 1,0.0,Falha ao executar a consulta gerada: no such column: t1.makeid
142,car_1,What model has the most different versions?,SELECT Model FROM CAR_NAMES GROUP BY Model ORDER BY count(*) DESC LIMIT 1;,SELECT t2.model FROM cars_data AS t1 JOIN car_names AS t2 ON t1.makeid  =  t2.makeid GROUP BY t1.makeid ORDER BY count(*) DESC LIMIT 1,SELECT t2.model FROM cars_data AS t1 JOIN car_names AS t2 ON t1.makeid  =  t2.makeid GROUP BY t1.makeid ORDER BY count(*) DESC LIMIT 1,0.0,Falha ao executar a consulta gerada: no such column: t1.makeid
143,car_1,How many cars have more than 4 cylinders?,SELECT count(*) FROM CARS_DATA WHERE Cylinders  >  4;,SELECT count(*) FROM cars_data WHERE cylinders  >  4,SELECT count(*) FROM cars_data WHERE cylinders  >  4,1.0,Resultados idênticos (ordered=False).
144,car_1,What is the number of cars with more than 4 cylinders?,SELECT count(*) FROM CARS_DATA WHERE Cylinders  >  4;,SELECT count(*) FROM cars_data WHERE cylinders  >  4,SELECT count(*) FROM cars_data WHERE cylinders  >  4,1.0,Resultados idênticos (ordered=False).
145,car_1,how many cars were produced in 1980?,SELECT count(*) FROM CARS_DATA WHERE YEAR  =  1980;,SELECT COUNT(*) FROM cars_data WHERE YEAR  =  1980,SELECT COUNT(*) FROM cars_data WHERE YEAR  =  1980,1.0,Resultados idênticos (ordered=False).
146,car_1,"In 1980, how many cars were made?",SELECT count(*) FROM CARS_DATA WHERE YEAR  =  1980;,SELECT COUNT(*) FROM cars_data WHERE YEAR  =  1980,SELECT COUNT(*) FROM cars_data WHERE YEAR  =  1980,1.0,Resultados idênticos (ordered=False).
147,car_1,How many car models were produced by the maker with full name American Motor Company?,SELECT count(*) FROM CAR_MAKERS AS T1 JOIN MODEL_LIST AS T2 ON T1.Id  =  T2.Maker WHERE T1.FullName  =  'American Motor Company';,"SELECT count(*) FROM car_makers AS T1 JOIN cars_data AS T2 ON T1.id  =  T2.makeid WHERE T1.FullName  =  ""American Motor Company""","SELECT count(*) FROM car_makers AS T1 JOIN cars_data AS T2 ON T1.id  =  T2.makeid WHERE T1.FullName  =  ""American Motor Company""",0.0,Falha ao executar a consulta gerada: no such column: T2.makeid
148,car_1,What is the number of car models created by the car maker American Motor Company?,SELECT count(*) FROM CAR_MAKERS AS T1 JOIN MODEL_LIST AS T2 ON T1.Id  =  T2.Maker WHERE T1.FullName  =  'American Motor Company';,"SELECT count(*) FROM car_makers AS T1 JOIN cars_data AS T2 ON T1.id  =  T2.makeid WHERE T1.maker  =  ""American Motor Company""","SELECT count(*) FROM car_makers AS T1 JOIN cars_data AS T2 ON T1.id  =  T2.makeid WHERE T1.maker  =  ""American Motor Company""",0.0,Falha ao executar a consulta gerada: no such column: T2.makeid
149,car_1,Which makers designed more than 3 car models? List full name and the id.,"SELECT T1.FullName ,  T1.Id FROM CAR_MAKERS AS T1 JOIN MODEL_LIST AS T2 ON T1.Id  =  T2.Maker GROUP BY T1.Id HAVING count(*)  >  3;","SELECT T1.FullName ,  T1.Id FROM car_makers AS T1 JOIN car_names AS T2 ON T1.id  =  T2.makeid GROUP BY T1.id HAVING count(*)  >  3","SELECT T1.FullName ,  T1.Id FROM car_makers AS T1 JOIN car_names AS T2 ON T1.id  =  T2.makeid GROUP BY T1.id HAVING count(*)  >  3",0.0,"Resultados divergentes (ordered=False). gold=2 linhas, pred=0 linhas."
150,car_1,What are the names and ids of all makers with more than 3 models?,"SELECT T1.FullName ,  T1.Id FROM CAR_MAKERS AS T1 JOIN MODEL_LIST AS T2 ON T1.Id  =  T2.Maker GROUP BY T1.Id HAVING count(*)  >  3;","SELECT T1.Maker ,  T1.Id FROM car_makers AS T1 JOIN car_names AS T2 ON T1.Id  =  T2.MakeId GROUP BY T1.Maker HAVING COUNT(*)  >  3","SELECT T1.Maker ,  T1.Id FROM car_makers AS T1 JOIN car_names AS T2 ON T1.Id  =  T2.MakeId GROUP BY T1.Maker HAVING COUNT(*)  >  3",0.0,"Resultados divergentes (ordered=False). gold=2 linhas, pred=0 linhas."
151,car_1,Which distinctive models are produced by maker with the full name General Motors or weighing more than 3500?,SELECT DISTINCT T2.Model FROM CAR_NAMES AS T1 JOIN MODEL_LIST AS T2 ON T1.Model  =  T2.Model JOIN CAR_MAKERS AS T3 ON T2.Maker  =  T3.Id JOIN CARS_DATA AS T4 ON T1.MakeId  =  T4.Id WHERE T3.FullName  =  'General Motors' OR T4.weight  >  3500;,"SELECT DISTINCT T2.Model FROM cars_data AS T1 JOIN car_names AS T2 ON T1.MakeId  =  T2.MakeId WHERE T1.Weight  >  3500 AND T2.Make  =  ""General Motors""","SELECT DISTINCT T2.Model FROM cars_data AS T1 JOIN car_names AS T2 ON T1.MakeId  =  T2.MakeId WHERE T1.Weight  >  3500 AND T2.Make  =  ""General Motors""",0.0,Falha ao executar a consulta gerada: no such column: T1.MakeId
152,car_1,What are the different models created by either the car maker General Motors or weighed more than 3500?,SELECT DISTINCT T2.Model FROM CAR_NAMES AS T1 JOIN MODEL_LIST AS T2 ON T1.Model  =  T2.Model JOIN CAR_MAKERS AS T3 ON T2.Maker  =  T3.Id JOIN CARS_DATA AS T4 ON T1.MakeId  =  T4.Id WHERE T3.FullName  =  'General Motors' OR T4.weight  >  3500;,"SELECT DISTINCT T1.Model FROM car_names AS T1 JOIN cars_data AS T2 ON T1.MakeId  =  T2.MakeId WHERE T2.Weight  >  3500 OR T1.Make  =  ""General Motors""","SELECT DISTINCT T1.Model FROM car_names AS T1 JOIN cars_data AS T2 ON T1.MakeId  =  T2.MakeId WHERE T2.Weight  >  3500 OR T1.Make  =  ""General Motors""",0.0,Falha ao executar a consulta gerada: no such column: T2.MakeId
153,car_1,In which years cars were produced weighing no less than 3000 and no more than 4000 ?,select distinct year from cars_data where weight between 3000 and 4000;,SELECT YEAR FROM cars_data WHERE Weight BETWEEN 3000 AND 4000,SELECT YEAR FROM cars_data WHERE Weight BETWEEN 3000 AND 4000,0.0,"Resultados divergentes (ordered=False). gold=13 linhas, pred=107 linhas."
154,car_1,What are the different years in which there were cars produced that weighed less than 4000 and also cars that weighted more than 3000 ?,select distinct year from cars_data where weight between 3000 and 4000;,SELECT DISTINCT YEAR FROM cars_data WHERE Weight  <  4000 INTERSECT SELECT DISTINCT YEAR FROM cars_data WHERE Weight  >  3000,SELECT DISTINCT YEAR FROM cars_data WHERE Weight  <  4000 INTERSECT SELECT DISTINCT YEAR FROM cars_data WHERE Weight  >  3000,1.0,Resultados idênticos (ordered=False).
155,car_1,What is the horsepower of the car with the largest accelerate?,SELECT T1.horsepower FROM CARS_DATA AS T1 ORDER BY T1.accelerate DESC LIMIT 1;,SELECT Horsepower FROM cars_data ORDER BY Accelerate DESC LIMIT 1,SELECT Horsepower FROM cars_data ORDER BY Accelerate DESC LIMIT 1,1.0,Resultados idênticos (ordered=True).
156,car_1,What is the horsepower of the car with the greatest accelerate?,SELECT T1.horsepower FROM CARS_DATA AS T1 ORDER BY T1.accelerate DESC LIMIT 1;,SELECT Horsepower FROM cars_data ORDER BY Accelerate DESC LIMIT 1,SELECT Horsepower FROM cars_data ORDER BY Accelerate DESC LIMIT 1,1.0,Resultados idênticos (ordered=True).
157,car_1,"For model volvo, how many cylinders does the car with the least accelerate have?",SELECT T1.cylinders FROM CARS_DATA AS T1 JOIN CAR_NAMES AS T2 ON T1.Id  =  T2.MakeId WHERE T2.Model  =  'volvo' ORDER BY T1.accelerate ASC LIMIT 1;,"SELECT min(c1.Cylinders) FROM cars_data AS c1 JOIN car_names AS c2 ON c1.MakeId  =  c2.MakeId WHERE c2.Model  =  ""volvo""","SELECT min(c1.Cylinders) FROM cars_data AS c1 JOIN car_names AS c2 ON c1.MakeId  =  c2.MakeId WHERE c2.Model  =  ""volvo""",0.0,Falha ao executar a consulta gerada: no such column: c1.MakeId
158,car_1,"For a volvo model, how many cylinders does the version with least accelerate have?",SELECT T1.cylinders FROM CARS_DATA AS T1 JOIN CAR_NAMES AS T2 ON T1.Id  =  T2.MakeId WHERE T2.Model  =  'volvo' ORDER BY T1.accelerate ASC LIMIT 1;,"SELECT min(c1.Cylinders) FROM cars_data AS c1 JOIN car_names AS c2 ON c1.MakeId  =  c2.MakeId WHERE c2.Model  =  ""Volvo""","SELECT min(c1.Cylinders) FROM cars_data AS c1 JOIN car_names AS c2 ON c1.MakeId  =  c2.MakeId WHERE c2.Model  =  ""Volvo""",0.0,Falha ao executar a consulta gerada: no such column: c1.MakeId
159,car_1,How many cars have a larger accelerate than the car with the largest horsepower?,SELECT COUNT(*) FROM CARS_DATA WHERE Accelerate  >  ( SELECT Accelerate FROM CARS_DATA ORDER BY Horsepower DESC LIMIT 1 );,SELECT count(*) FROM cars_data WHERE accelerate  >  (SELECT max(accelerate) FROM cars_data),SELECT count(*) FROM cars_data WHERE accelerate  >  (SELECT max(accelerate) FROM cars_data),0.0,"Resultados divergentes (ordered=True). gold=1 linhas, pred=1 linhas."
160,car_1,What is the number of cars with a greater accelerate than the one with the most horsepower?,SELECT COUNT(*) FROM CARS_DATA WHERE Accelerate  >  ( SELECT Accelerate FROM CARS_DATA ORDER BY Horsepower DESC LIMIT 1 );,SELECT count(*) FROM cars_data WHERE accelerate  >  (SELECT max(accelerate) FROM cars_data),SELECT count(*) FROM cars_data WHERE accelerate  >  (SELECT max(accelerate) FROM cars_data),0.0,"Resultados divergentes (ordered=True). gold=1 linhas, pred=1 linhas."
161,car_1,How many countries has more than 2 car makers ?,select count(*) from countries as t1 join car_makers as t2 on t1.countryid  =  t2.country group by t1.countryid having count(*)  >  2,SELECT count(DISTINCT countryname) FROM countries AS T1 JOIN car_makers AS T2 ON T1.countryid  =  T2.continent WHERE id  >  2,SELECT count(DISTINCT countryname) FROM countries AS T1 JOIN car_makers AS T2 ON T1.countryid  =  T2.continent WHERE id  >  2,0.0,Falha ao executar a consulta gerada: no such column: T2.continent
162,car_1,What is the number of countries with more than 2 car makers ?,select count(*) from countries as t1 join car_makers as t2 on t1.countryid  =  t2.country group by t1.countryid having count(*)  >  2,SELECT count(DISTINCT countryname) FROM countries AS T1 JOIN car_makers AS T2 ON T1.countryid  =  T2.continent WHERE id  >  2,SELECT count(DISTINCT countryname) FROM countries AS T1 JOIN car_makers AS T2 ON T1.countryid  =  T2.continent WHERE id  >  2,0.0,Falha ao executar a consulta gerada: no such column: T2.continent
163,car_1,How many cars has over 6 cylinders?,SELECT COUNT(*) FROM CARS_DATA WHERE Cylinders  >  6;,SELECT COUNT(*) FROM cars_data WHERE Cylinders  >  6,SELECT COUNT(*) FROM cars_data WHERE Cylinders  >  6,1.0,Resultados idênticos (ordered=False).
164,car_1,What is the number of carsw ith over 6 cylinders?,SELECT COUNT(*) FROM CARS_DATA WHERE Cylinders  >  6;,SELECT COUNT(*) FROM cars_data WHERE cylinders  >  6,SELECT COUNT(*) FROM cars_data WHERE cylinders  >  6,1.0,Resultados idênticos (ordered=False).
165,car_1,"For the cars with 4 cylinders, which model has the largest horsepower?",SELECT T1.Model FROM CAR_NAMES AS T1 JOIN CARS_DATA AS T2 ON T1.MakeId  =  T2.Id WHERE T2.Cylinders  =  4 ORDER BY T2.horsepower DESC LIMIT 1;,SELECT t2.model FROM cars_data AS t1 JOIN car_names AS t2 ON t1.makeid  =  t2.makeid WHERE t1.cylinders  =  4 ORDER BY t1.horsepower DESC LIMIT 1,SELECT t2.model FROM cars_data AS t1 JOIN car_names AS t2 ON t1.makeid  =  t2.makeid WHERE t1.cylinders  =  4 ORDER BY t1.horsepower DESC LIMIT 1,0.0,Falha ao executar a consulta gerada: no such column: t1.makeid
166,car_1,"For all of the 4 cylinder cars, which model has the most horsepower?",SELECT T1.Model FROM CAR_NAMES AS T1 JOIN CARS_DATA AS T2 ON T1.MakeId  =  T2.Id WHERE T2.Cylinders  =  4 ORDER BY T2.horsepower DESC LIMIT 1;,SELECT t2.model FROM cars_data AS t1 JOIN car_names AS t2 ON t1.makeid  =  t2.makeid WHERE t1.cylinders  =  4 ORDER BY t1.horsepower DESC LIMIT 1,SELECT t2.model FROM cars_data AS t1 JOIN car_names AS t2 ON t1.makeid  =  t2.makeid WHERE t1.cylinders  =  4 ORDER BY t1.horsepower DESC LIMIT 1,0.0,Falha ao executar a consulta gerada: no such column: t1.makeid
167,car_1,"Among the cars with more than lowest horsepower, which ones do not have more than 3 cylinders? List the car makeid and make name.","SELECT T2.MakeId ,  T2.Make FROM CARS_DATA AS T1 JOIN CAR_NAMES AS T2 ON T1.Id  =  T2.MakeId WHERE T1.Horsepower  >  (SELECT min(Horsepower) FROM CARS_DATA) AND T1.Cylinders  <=  3;","SELECT T1.makeid ,  T2.maker FROM cars_data AS T1 JOIN car_names AS T2 ON T1.makeid  =  T2.makeid WHERE T1.horsepower  >  (SELECT min(horsepower) FROM cars_data) EXCEPT SELECT T1.makeid ,  T2.maker FROM cars_data AS T1 JOIN car_names AS T2 ON T1.makeid  =  T2.makeid WHERE T1.cylinders  <=  3","SELECT T1.makeid ,  T2.maker FROM cars_data AS T1 JOIN car_names AS T2 ON T1.makeid  =  T2.makeid WHERE T1.horsepower  >  (SELECT min(horsepower) FROM cars_data) EXCEPT SELECT T1.makeid ,  T2.maker FROM cars_data AS T1 JOIN car_names AS T2 ON T1.makeid  =  T2.makeid WHERE T1.cylinders  <=  3",0.0,Falha ao executar a consulta gerada: no such column: T1.makeid
168,car_1,"Among the cars that do not have the minimum horsepower , what are the make ids and names of all those with less than 4 cylinders ?","select t2.makeid ,  t2.make from cars_data as t1 join car_names as t2 on t1.id  =  t2.makeid where t1.horsepower  >  (select min(horsepower) from cars_data) and t1.cylinders  <  4;","SELECT T1.makeid ,  T2.maker ,  T1.model FROM cars_data AS T1 JOIN car_names AS T2 ON T1.makeid  =  T2.makeid WHERE T1.horsepower  <  (SELECT min(horsepower) FROM cars_data) AND T1.cylinders  <  4","SELECT T1.makeid ,  T2.maker ,  T1.model FROM cars_data AS T1 JOIN car_names AS T2 ON T1.makeid  =  T2.makeid WHERE T1.horsepower  <  (SELECT min(horsepower) FROM cars_data) AND T1.cylinders  <  4",0.0,Falha ao executar a consulta gerada: no such column: T1.makeid
169,car_1,What is the maximum miles per gallon of the car with 8 cylinders or produced before 1980 ?,select max(mpg) from cars_data where cylinders  =  8 or year  <  1980,SELECT max(MPG) FROM cars_data WHERE Cylinders  =  8 OR YEAR  <  1980,SELECT max(MPG) FROM cars_data WHERE Cylinders  =  8 OR YEAR  <  1980,1.0,Resultados idênticos (ordered=False).
170,car_1,What is the maximum mpg of the cars that had 8 cylinders or that were produced before 1980 ?,select max(mpg) from cars_data where cylinders  =  8 or year  <  1980,SELECT max(T2.MPG) FROM cars_data AS T1 JOIN car_names AS T2 ON T1.MakeId  =  T2.MakeId WHERE T1.Cylinders  =  8 OR T1.Year  <  1980,SELECT max(T2.MPG) FROM cars_data AS T1 JOIN car_names AS T2 ON T1.MakeId  =  T2.MakeId WHERE T1.Cylinders  =  8 OR T1.Year  <  1980,0.0,Falha ao executar a consulta gerada: no such column: T2.MPG
171,car_1,Which models are lighter than 3500 but not built by the 'Ford Motor Company'?,SELECT DISTINCT T1.model FROM MODEL_LIST AS T1 JOIN CAR_NAMES AS T2 ON T1.Model  =  T2.Model JOIN CARS_DATA AS T3 ON T2.MakeId  =  T3.Id JOIN CAR_MAKERS AS T4 ON T1.Maker  =  T4.Id WHERE T3.weight  <  3500 AND T4.FullName != 'Ford Motor Company';,"SELECT T2.model FROM cars_data AS T1 JOIN car_names AS T2 ON T1.makeid  =  T2.makeid WHERE T1.weight  <  3500 AND T2.make != ""Ford""","SELECT T2.model FROM cars_data AS T1 JOIN car_names AS T2 ON T1.makeid  =  T2.makeid WHERE T1.weight  <  3500 AND T2.make != ""Ford""",0.0,Falha ao executar a consulta gerada: no such column: T1.makeid
172,car_1,What are the different models wthat are lighter than 3500 but were not built by the Ford Motor Company?,SELECT DISTINCT T1.model FROM MODEL_LIST AS T1 JOIN CAR_NAMES AS T2 ON T1.Model  =  T2.Model JOIN CARS_DATA AS T3 ON T2.MakeId  =  T3.Id JOIN CAR_MAKERS AS T4 ON T1.Maker  =  T4.Id WHERE T3.weight  <  3500 AND T4.FullName != 'Ford Motor Company';,"SELECT DISTINCT T2.Model FROM cars_data AS T1 JOIN car_names AS T2 ON T1.MakeId  =  T2.MakeId WHERE T1.Weight  <  3500 AND T2.Make != ""Ford""","SELECT DISTINCT T2.Model FROM cars_data AS T1 JOIN car_names AS T2 ON T1.MakeId  =  T2.MakeId WHERE T1.Weight  <  3500 AND T2.Make != ""Ford""",0.0,Falha ao executar a consulta gerada: no such column: T1.MakeId
173,car_1,What are the name of the countries where there is not a single car maker?,SELECT CountryName FROM countries EXCEPT SELECT T1.CountryName FROM countries AS T1 JOIN CAR_MAKERS AS T2 ON T1.countryId  =  T2.Country;,SELECT CountryName FROM countries WHERE CountryId NOT IN (SELECT Country FROM car_makers),SELECT CountryName FROM countries WHERE CountryId NOT IN (SELECT Country FROM car_makers),1.0,Resultados idênticos (ordered=False).
174,car_1,What are the names of the countries with no car makers?,SELECT CountryName FROM countries EXCEPT SELECT T1.CountryName FROM countries AS T1 JOIN CAR_MAKERS AS T2 ON T1.countryId  =  T2.Country;,SELECT CountryName FROM countries WHERE CountryId NOT IN (SELECT Country FROM car_makers),SELECT CountryName FROM countries WHERE CountryId NOT IN (SELECT Country FROM car_makers),1.0,Resultados idênticos (ordered=False).
175,car_1,Which are the car makers which produce at least 2 models and more than 3 car makers ? List the id and the maker .,"select t1.id ,  t1.maker from car_makers as t1 join model_list as t2 on t1.id  =  t2.maker group by t1.id having count(*)  >=  2 intersect select t1.id ,  t1.maker from car_makers as t1 join model_list as t2 on t1.id  =  t2.maker join car_names as t3 on t2.model  =  t3.model group by t1.id having count(*)  >  3;","SELECT makeid ,  maker FROM cars_data GROUP BY makeid HAVING count(*)  >=  2 INTERSECT SELECT makeid ,  maker FROM cars_data GROUP BY makeid HAVING count(*)  >  3","SELECT makeid ,  maker FROM cars_data GROUP BY makeid HAVING count(*)  >=  2 INTERSECT SELECT makeid ,  maker FROM cars_data GROUP BY makeid HAVING count(*)  >  3",0.0,Falha ao executar a consulta gerada: no such column: makeid
176,car_1,What are the ids and makers of all car makers that produce at least 2 models and make more than 3 cars?,"SELECT T1.Id ,  T1.Maker FROM CAR_MAKERS AS T1 JOIN MODEL_LIST AS T2 ON T1.Id  =  T2.Maker GROUP BY T1.Id HAVING count(*)  >=  2 INTERSECT SELECT T1.Id ,  T1.Maker FROM CAR_MAKERS AS T1 JOIN MODEL_LIST AS T2 ON T1.Id  =  T2.Maker JOIN CAR_NAMES AS T3 ON T2.model  =  T3.model GROUP BY T1.Id HAVING count(*)  >  3;","SELECT T1.id ,  T1.maker FROM car_makers AS T1 JOIN cars_data AS T2 ON T1.id  =  T2.makeid WHERE T2.makeid IN (SELECT makeid FROM car_names GROUP BY makeid HAVING count(*)  >=  2) INTERSECT SELECT T1.id ,  T1.maker FROM car_makers AS T1 JOIN cars_data AS T2 ON T1.id  =  T2.makeid WHERE T2.makeid IN (SELECT makeid FROM cars_data GROUP BY makeid HAVING COUNT(*)  >  3)","SELECT T1.id ,  T1.maker FROM car_makers AS T1 JOIN cars_data AS T2 ON T1.id  =  T2.makeid WHERE T2.makeid IN (SELECT makeid FROM car_names GROUP BY makeid HAVING count(*)  >=  2) INTERSECT SELECT T1.id ,  T1.maker FROM car_makers AS T1 JOIN cars_data AS T2 ON T1.id  =  T2.makeid WHERE T2.makeid IN (SELECT makeid FROM cars_data GROUP BY makeid HAVING COUNT(*)  >  3)",0.0,Falha ao executar a consulta gerada: no such column: makeid
177,car_1,What are the id and names of the countries which have more than 3 car makers or produce the 'fiat' model?,"SELECT T1.countryId ,  T1.CountryName FROM Countries AS T1 JOIN CAR_MAKERS AS T2 ON T1.CountryId  =  T2.Country GROUP BY T1.countryId HAVING count(*)  >  3 UNION SELECT T1.countryId ,  T1.CountryName FROM Countries AS T1 JOIN CAR_MAKERS AS T2 ON T1.CountryId  =  T2.Country JOIN MODEL_LIST AS T3 ON T2.Id  =  T3.Maker WHERE T3.Model  =  'fiat';","SELECT T2.CountryId ,  T1.FullName FROM car_makers AS T1 JOIN countries AS T2 ON T1.Continent  =  T2.ContId WHERE T1.id IN (SELECT makeid FROM cars_data GROUP BY makeid HAVING count(*)  >  3) INTERSECT SELECT T2.CountryId ,  T1.FullName FROM car_makers AS T1 JOIN countries AS T2 ON T1.Continent  =  T2.ContId WHERE T1.id IN (SELECT makeid FROM car_names WHERE model  =  'fiat')","SELECT T2.CountryId ,  T1.FullName FROM car_makers AS T1 JOIN countries AS T2 ON T1.Continent  =  T2.ContId WHERE T1.id IN (SELECT makeid FROM cars_data GROUP BY makeid HAVING count(*)  >  3) INTERSECT SELECT T2.CountryId ,  T1.FullName FROM car_makers AS T1 JOIN countries AS T2 ON T1.Continent  =  T2.ContId WHERE T1.id IN (SELECT makeid FROM car_names WHERE model  =  'fiat')",0.0,Falha ao executar a consulta gerada: no such column: T1.Continent
178,car_1,What are the ids and names of all countries that either have more than 3 car makers or produce fiat model ?,"select t1.countryid ,  t1.countryname from countries as t1 join car_makers as t2 on t1.countryid  =  t2.country group by t1.countryid having count(*)  >  3 union select t1.countryid ,  t1.countryname from countries as t1 join car_makers as t2 on t1.countryid  =  t2.country join model_list as t3 on t2.id  =  t3.maker where t3.model  =  'fiat';","SELECT T2.CountryId ,  T1.FullName FROM car_makers AS T1 JOIN countries AS T2 ON T1.Continent  =  T2.ContId WHERE T1.Maker IN ( SELECT Maker FROM car_makers GROUP BY Maker HAVING COUNT(*)  >  3 ) UNION SELECT T2.CountryId ,  T1.FullName FROM car_makers AS T1 JOIN countries AS T2 ON T1.Continent  =  T2.ContId JOIN cars_data AS T3 ON T1.Id  =  T3.MakeId JOIN model_list AS T4 ON T1.Id  =  T4.Maker WHERE T4.Model  =  ""fiat""","SELECT T2.CountryId ,  T1.FullName FROM car_makers AS T1 JOIN countries AS T2 ON T1.Continent  =  T2.ContId WHERE T1.Maker IN ( SELECT Maker FROM car_makers GROUP BY Maker HAVING COUNT(*)  >  3 ) UNION SELECT T2.CountryId ,  T1.FullName FROM car_makers AS T1 JOIN countries AS T2 ON T1.Continent  =  T2.ContId JOIN cars_data AS T3 ON T1.Id  =  T3.MakeId JOIN model_list AS T4 ON T1.Id  =  T4.Maker WHERE T4.Model  =  ""fiat""",0.0,Falha ao executar a consulta gerada: no such column: T1.Continent
179,flight_2,"Which country does Airline ""JetBlue Airways"" belong to?","SELECT Country FROM AIRLINES WHERE Airline  =  ""JetBlue Airways""","SELECT Country FROM airlines WHERE Airline  =  ""JetBlue Airways""","SELECT Country FROM airlines WHERE Airline  =  ""JetBlue Airways""",1.0,Resultados idênticos (ordered=False).
180,flight_2,What country is Jetblue Airways affiliated with?,"SELECT Country FROM AIRLINES WHERE Airline  =  ""JetBlue Airways""","SELECT Country FROM airlines WHERE Airline  =  ""JetBlue Airways""","SELECT Country FROM airlines WHERE Airline  =  ""JetBlue Airways""",1.0,Resultados idênticos (ordered=False).
181,flight_2,"What is the abbreviation of Airline ""JetBlue Airways""?","SELECT Abbreviation FROM AIRLINES WHERE Airline  =  ""JetBlue Airways""","SELECT Abbreviation FROM airlines WHERE Airline  =  ""JetBlue Airways""","SELECT Abbreviation FROM airlines WHERE Airline  =  ""JetBlue Airways""",1.0,Resultados idênticos (ordered=False).
182,flight_2,Which abbreviation corresponds to Jetblue Airways?,"SELECT Abbreviation FROM AIRLINES WHERE Airline  =  ""JetBlue Airways""","SELECT Abbreviation FROM airlines WHERE Airline  =  ""Jetblue Airways""","SELECT Abbreviation FROM airlines WHERE Airline  =  ""Jetblue Airways""",0.0,"Resultados divergentes (ordered=False). gold=1 linhas, pred=0 linhas."
183,flight_2,"List all airline names and their abbreviations in ""USA"".","SELECT Airline ,  Abbreviation FROM AIRLINES WHERE Country  =  ""USA""","SELECT Airline ,  Abbreviation FROM airlines WHERE Country  =  ""USA""","SELECT Airline ,  Abbreviation FROM airlines WHERE Country  =  ""USA""",1.0,Resultados idênticos (ordered=False).
184,flight_2,What are the airline names and abbreviations for airlines in the USA?,"SELECT Airline ,  Abbreviation FROM AIRLINES WHERE Country  =  ""USA""","SELECT Airline ,  Abbreviation FROM airlines WHERE Country  =  'USA'","SELECT Airline ,  Abbreviation FROM airlines WHERE Country  =  'USA'",1.0,Resultados idênticos (ordered=False).
185,flight_2,List the airport code and name in the city of Anthony.,"SELECT AirportCode ,  AirportName FROM AIRPORTS WHERE city  =  ""Anthony""","SELECT AirportCode ,  AirportName FROM airports WHERE City  =  ""Anthony""","SELECT AirportCode ,  AirportName FROM airports WHERE City  =  ""Anthony""",1.0,Resultados idênticos (ordered=False).
186,flight_2,Give the airport code and airport name corresonding to the city Anthony.,"SELECT AirportCode ,  AirportName FROM AIRPORTS WHERE city  =  ""Anthony""","SELECT AirportCode ,  AirportName FROM airports WHERE City  =  ""Anthony""","SELECT AirportCode ,  AirportName FROM airports WHERE City  =  ""Anthony""",1.0,Resultados idênticos (ordered=False).
187,flight_2,How many airlines do we have?,SELECT count(*) FROM AIRLINES,SELECT count(DISTINCT Airline) FROM airlines,SELECT count(DISTINCT Airline) FROM airlines,1.0,Resultados idênticos (ordered=False).
188,flight_2,What is the total number of airlines?,SELECT count(*) FROM AIRLINES,SELECT count(DISTINCT Airline) FROM airlines,SELECT count(DISTINCT Airline) FROM airlines,1.0,Resultados idênticos (ordered=False).
189,flight_2,How many airports do we have?,SELECT count(*) FROM AIRPORTS,SELECT count(DISTINCT AirportCode) FROM airports,SELECT count(DISTINCT AirportCode) FROM airports,1.0,Resultados idênticos (ordered=False).
190,flight_2,Return the number of  airports.,SELECT count(*) FROM AIRPORTS,SELECT count(*) FROM airports,SELECT count(*) FROM airports,1.0,Resultados idênticos (ordered=False).
191,flight_2,How many flights do we have?,SELECT count(*) FROM FLIGHTS,SELECT count(*) FROM flights,SELECT count(*) FROM flights,1.0,Resultados idênticos (ordered=False).
192,flight_2,Return the number of flights.,SELECT count(*) FROM FLIGHTS,SELECT count(*) FROM flights,SELECT count(*) FROM flights,1.0,Resultados idênticos (ordered=False).
193,flight_2,Which airline has abbreviation 'UAL'?,"SELECT Airline FROM AIRLINES WHERE Abbreviation  =  ""UAL""",SELECT Airline FROM airlines WHERE Abbreviation  =  'UAL',SELECT Airline FROM airlines WHERE Abbreviation  =  'UAL',1.0,Resultados idênticos (ordered=False).
194,flight_2,Give the airline with abbreviation 'UAL'.,"SELECT Airline FROM AIRLINES WHERE Abbreviation  =  ""UAL""",SELECT Airline FROM airlines WHERE Abbreviation  =  'UAL',SELECT Airline FROM airlines WHERE Abbreviation  =  'UAL',1.0,Resultados idênticos (ordered=False).
195,flight_2,How many airlines are from USA?,"SELECT count(*) FROM AIRLINES WHERE Country  =  ""USA""",SELECT count(*) FROM airlines WHERE Country  =  'USA',SELECT count(*) FROM airlines WHERE Country  =  'USA',1.0,Resultados idênticos (ordered=False).
196,flight_2,Return the number of airlines in the USA.,"SELECT count(*) FROM AIRLINES WHERE Country  =  ""USA""",SELECT count(DISTINCT Airline) FROM airlines WHERE Country  =  'USA',SELECT count(DISTINCT Airline) FROM airlines WHERE Country  =  'USA',1.0,Resultados idênticos (ordered=False).
197,flight_2,Which city and country is the Alton airport at?,"SELECT City ,  Country FROM AIRPORTS WHERE AirportName  =  ""Alton""","SELECT AirportName ,  Country FROM airports WHERE AirportCode  =  ""ALTON""","SELECT AirportName ,  Country FROM airports WHERE AirportCode  =  ""ALTON""",1.0,Resultados idênticos (ordered=False).
198,flight_2,Give the city and country for the Alton airport.,"SELECT City ,  Country FROM AIRPORTS WHERE AirportName  =  ""Alton""","SELECT city ,  country FROM airports WHERE airportname  =  ""Alton""","SELECT city ,  country FROM airports WHERE airportname  =  ""Alton""",1.0,Resultados idênticos (ordered=False).
199,flight_2,What is the airport name for airport 'AKO'?,"SELECT AirportName FROM AIRPORTS WHERE AirportCode  =  ""AKO""",SELECT AirportName FROM airports WHERE AirportCode  =  'AKO',SELECT AirportName FROM airports WHERE AirportCode  =  'AKO',1.0,Resultados idênticos (ordered=False).
200,flight_2,Return the name of the airport with code 'AKO'.,"SELECT AirportName FROM AIRPORTS WHERE AirportCode  =  ""AKO""",SELECT AirportName FROM airports WHERE AirportCode  =  'AKO',SELECT AirportName FROM airports WHERE AirportCode  =  'AKO',1.0,Resultados idênticos (ordered=False).
201,flight_2,What are airport names at City 'Aberdeen'?,"SELECT AirportName FROM AIRPORTS WHERE City = ""Aberdeen""",SELECT AirportName FROM airports WHERE City  =  'Aberdeen',SELECT AirportName FROM airports WHERE City  =  'Aberdeen',1.0,Resultados idênticos (ordered=False).
202,flight_2,What are the names of airports in Aberdeen?,"SELECT AirportName FROM AIRPORTS WHERE City = ""Aberdeen""","SELECT AirportName FROM airports WHERE City  =  ""Aberdeen""","SELECT AirportName FROM airports WHERE City  =  ""Aberdeen""",1.0,Resultados idênticos (ordered=False).
203,flight_2,How many flights depart from 'APG'?,"SELECT count(*) FROM FLIGHTS WHERE SourceAirport  =  ""APG""",SELECT count(*) FROM flights WHERE SourceAirport  =  'APG',SELECT count(*) FROM flights WHERE SourceAirport  =  'APG',1.0,Resultados idênticos (ordered=False).
204,flight_2,Count the number of flights departing from 'APG'.,"SELECT count(*) FROM FLIGHTS WHERE SourceAirport  =  ""APG""",SELECT count(*) FROM flights WHERE SourceAirport  =  'APG',SELECT count(*) FROM flights WHERE SourceAirport  =  'APG',1.0,Resultados idênticos (ordered=False).
205,flight_2,How many flights have destination ATO?,"SELECT count(*) FROM FLIGHTS WHERE DestAirport  =  ""ATO""","SELECT count(*) FROM flights AS T1 JOIN airports AS T2 ON T1.DestAirport  =  T2.AirportCode WHERE T2.AirportName  =  ""ATOA""","SELECT count(*) FROM flights AS T1 JOIN airports AS T2 ON T1.DestAirport  =  T2.AirportCode WHERE T2.AirportName  =  ""ATOA""",1.0,Resultados idênticos (ordered=False).
206,flight_2,Count the number of flights into ATO.,"SELECT count(*) FROM FLIGHTS WHERE DestAirport  =  ""ATO""","SELECT count(*) FROM flights AS T1 JOIN airports AS T2 ON T1.SourceAirport  =  T2.AirportCode WHERE T2.City  =  ""ATO""","SELECT count(*) FROM flights AS T1 JOIN airports AS T2 ON T1.SourceAirport  =  T2.AirportCode WHERE T2.City  =  ""ATO""",1.0,Resultados idênticos (ordered=False).
207,flight_2,How many flights depart from City Aberdeen?,"SELECT count(*) FROM FLIGHTS AS T1 JOIN AIRPORTS AS T2 ON T1.SourceAirport  =  T2.AirportCode WHERE T2.City  =  ""Aberdeen""","SELECT count(*) FROM flights AS T1 JOIN airports AS T2 ON T1.sourceairport  =  T2.airportcode WHERE T2.city  =  ""Aberdeen""","SELECT count(*) FROM flights AS T1 JOIN airports AS T2 ON T1.sourceairport  =  T2.airportcode WHERE T2.city  =  ""Aberdeen""",1.0,Resultados idênticos (ordered=False).
208,flight_2,Return the number of flights departing from Aberdeen.,"SELECT count(*) FROM FLIGHTS AS T1 JOIN AIRPORTS AS T2 ON T1.SourceAirport  =  T2.AirportCode WHERE T2.City  =  ""Aberdeen""","SELECT count(*) FROM flights AS T1 JOIN airports AS T2 ON T1.SourceAirport  =  T2.AirportCode WHERE T2.City  =  ""Aberdeen""","SELECT count(*) FROM flights AS T1 JOIN airports AS T2 ON T1.SourceAirport  =  T2.AirportCode WHERE T2.City  =  ""Aberdeen""",1.0,Resultados idênticos (ordered=False).
209,flight_2,How many flights arriving in Aberdeen city?,"SELECT count(*) FROM FLIGHTS AS T1 JOIN AIRPORTS AS T2 ON T1.DestAirport  =  T2.AirportCode WHERE T2.City  =  ""Aberdeen""","SELECT count(*) FROM flights AS T1 JOIN airports AS T2 ON T1.DestAirport  =  T2.AirportCode WHERE T2.City  =  ""Aberdeen""","SELECT count(*) FROM flights AS T1 JOIN airports AS T2 ON T1.DestAirport  =  T2.AirportCode WHERE T2.City  =  ""Aberdeen""",1.0,Resultados idênticos (ordered=False).
210,flight_2,Return the number of flights arriving in Aberdeen.,"SELECT count(*) FROM FLIGHTS AS T1 JOIN AIRPORTS AS T2 ON T1.DestAirport  =  T2.AirportCode WHERE T2.City  =  ""Aberdeen""","SELECT count(*) FROM flights AS T1 JOIN airports AS T2 ON T1.DestAirport  =  T2.AirportCode WHERE T2.City  =  ""Aberdeen""","SELECT count(*) FROM flights AS T1 JOIN airports AS T2 ON T1.DestAirport  =  T2.AirportCode WHERE T2.City  =  ""Aberdeen""",1.0,Resultados idênticos (ordered=False).
211,flight_2,How many flights depart from City 'Aberdeen' and have destination City 'Ashley'?,"SELECT count(*) FROM FLIGHTS AS T1 JOIN AIRPORTS AS T2 ON T1.DestAirport  =  T2.AirportCode JOIN AIRPORTS AS T3 ON T1.SourceAirport  =  T3.AirportCode WHERE T2.City  =  ""Ashley"" AND T3.City  =  ""Aberdeen""",SELECT count(*) FROM flights AS T1 JOIN airports AS T2 ON T1.sourceairport  =  T2.airportcode WHERE T2.city  =  'Aberdeen' AND T1.destairport  =  'Ashley',SELECT count(*) FROM flights AS T1 JOIN airports AS T2 ON T1.sourceairport  =  T2.airportcode WHERE T2.city  =  'Aberdeen' AND T1.destairport  =  'Ashley',1.0,Resultados idênticos (ordered=False).
212,flight_2,How many flights fly from Aberdeen to Ashley?,"SELECT count(*) FROM FLIGHTS AS T1 JOIN AIRPORTS AS T2 ON T1.DestAirport  =  T2.AirportCode JOIN AIRPORTS AS T3 ON T1.SourceAirport  =  T3.AirportCode WHERE T2.City  =  ""Ashley"" AND T3.City  =  ""Aberdeen""","SELECT count(*) FROM flights AS T1 JOIN airports AS T2 ON T1.sourceairport  =  T2.airportcode WHERE T2.city  =  ""Aberdeen"" AND T2.airportname  =  ""Ashley""","SELECT count(*) FROM flights AS T1 JOIN airports AS T2 ON T1.sourceairport  =  T2.airportcode WHERE T2.city  =  ""Aberdeen"" AND T2.airportname  =  ""Ashley""",1.0,Resultados idênticos (ordered=False).
213,flight_2,How many flights does airline 'JetBlue Airways' have?,"SELECT count(*) FROM FLIGHTS AS T1 JOIN AIRLINES AS T2 ON T1.Airline  =  T2.uid WHERE T2.Airline = ""JetBlue Airways""",SELECT count(*) FROM flights AS T1 JOIN airlines AS T2 ON T1.Airline  =  T2.Airline WHERE T2.Airline  =  'JetBlue Airways',SELECT count(*) FROM flights AS T1 JOIN airlines AS T2 ON T1.Airline  =  T2.Airline WHERE T2.Airline  =  'JetBlue Airways',0.0,"Resultados divergentes (ordered=False). gold=1 linhas, pred=1 linhas."
214,flight_2,Give the number of Jetblue Airways flights.,"SELECT count(*) FROM FLIGHTS AS T1 JOIN AIRLINES AS T2 ON T1.Airline  =  T2.uid WHERE T2.Airline = ""JetBlue Airways""","SELECT count(*) FROM flights AS T1 JOIN airlines AS T2 ON T1.Airline  =  T2.Airline WHERE T2.Abbreviation  =  ""Jetblue Airways""","SELECT count(*) FROM flights AS T1 JOIN airlines AS T2 ON T1.Airline  =  T2.Airline WHERE T2.Abbreviation  =  ""Jetblue Airways""",0.0,"Resultados divergentes (ordered=False). gold=1 linhas, pred=1 linhas."
215,flight_2,How many 'United Airlines' flights go to Airport 'ASY'?,"SELECT count(*) FROM AIRLINES AS T1 JOIN FLIGHTS AS T2 ON T2.Airline  =  T1.uid WHERE T1.Airline  =  ""United Airlines"" AND T2.DestAirport  =  ""ASY""",SELECT count(*) FROM flights AS T1 JOIN airports AS T2 ON T1.DestAirport  =  T2.AirportCode WHERE T1.Airline  =  'United Airlines' AND T2.AirportName  =  'ASY',SELECT count(*) FROM flights AS T1 JOIN airports AS T2 ON T1.DestAirport  =  T2.AirportCode WHERE T1.Airline  =  'United Airlines' AND T2.AirportName  =  'ASY',1.0,Resultados idênticos (ordered=False).
216,flight_2,Count the number of United Airlines flights arriving in ASY Airport.,"SELECT count(*) FROM AIRLINES AS T1 JOIN FLIGHTS AS T2 ON T2.Airline  =  T1.uid WHERE T1.Airline  =  ""United Airlines"" AND T2.DestAirport  =  ""ASY""","SELECT count(*) FROM flights AS T1 JOIN airports AS T2 ON T1.DestAirport  =  T2.AirportCode WHERE T1.Airline  =  ""United Airlines"" AND T2.City  =  ""ASY""","SELECT count(*) FROM flights AS T1 JOIN airports AS T2 ON T1.DestAirport  =  T2.AirportCode WHERE T1.Airline  =  ""United Airlines"" AND T2.City  =  ""ASY""",1.0,Resultados idênticos (ordered=False).
217,flight_2,How many 'United Airlines' flights depart from Airport 'AHD'?,"SELECT count(*) FROM AIRLINES AS T1 JOIN FLIGHTS AS T2 ON T2.Airline  =  T1.uid WHERE T1.Airline  =  ""United Airlines"" AND T2.SourceAirport  =  ""AHD""",SELECT count(*) FROM flights AS T1 JOIN airports AS T2 ON T1.sourceairport  =  T2.airportcode WHERE T1.Airline  =  'United Airlines' AND T2.airportname  =  'AHD',SELECT count(*) FROM flights AS T1 JOIN airports AS T2 ON T1.sourceairport  =  T2.airportcode WHERE T1.Airline  =  'United Airlines' AND T2.airportname  =  'AHD',1.0,Resultados idênticos (ordered=False).
218,flight_2,Return the number of United Airlines flights leaving from AHD Airport.,"SELECT count(*) FROM AIRLINES AS T1 JOIN FLIGHTS AS T2 ON T2.Airline  =  T1.uid WHERE T1.Airline  =  ""United Airlines"" AND T2.SourceAirport  =  ""AHD""","SELECT count(*) FROM flights AS T1 JOIN airports AS T2 ON T1.sourceairport  =  T2.airportcode WHERE T1.Airline  =  ""United Airlines"" AND T2.City  =  ""AHD""","SELECT count(*) FROM flights AS T1 JOIN airports AS T2 ON T1.sourceairport  =  T2.airportcode WHERE T1.Airline  =  ""United Airlines"" AND T2.City  =  ""AHD""",1.0,Resultados idênticos (ordered=False).
219,flight_2,How many United Airlines flights go to City 'Aberdeen'?,"SELECT count(*) FROM FLIGHTS AS T1 JOIN AIRPORTS AS T2 ON T1.DestAirport  =  T2.AirportCode JOIN AIRLINES AS T3 ON T3.uid  =  T1.Airline WHERE T2.City  =  ""Aberdeen"" AND T3.Airline  =  ""United Airlines""",SELECT count(*) FROM flights AS T1 JOIN airports AS T2 ON T1.destairport  =  T2.airportcode WHERE T1.Airline  =  'United Airlines' AND T2.city  =  'Aberdeen',SELECT count(*) FROM flights AS T1 JOIN airports AS T2 ON T1.destairport  =  T2.airportcode WHERE T1.Airline  =  'United Airlines' AND T2.city  =  'Aberdeen',1.0,Resultados idênticos (ordered=False).
220,flight_2,Count the number of United Airlines flights that arrive in Aberdeen.,"SELECT count(*) FROM FLIGHTS AS T1 JOIN AIRPORTS AS T2 ON T1.DestAirport  =  T2.AirportCode JOIN AIRLINES AS T3 ON T3.uid  =  T1.Airline WHERE T2.City  =  ""Aberdeen"" AND T3.Airline  =  ""United Airlines""","SELECT count(*) FROM flights AS T1 JOIN airports AS T2 ON T1.destairport  =  T2.airportcode WHERE T1.Airline  =  ""United Airlines"" AND T2.city  =  ""Aberdeen""","SELECT count(*) FROM flights AS T1 JOIN airports AS T2 ON T1.destairport  =  T2.airportcode WHERE T1.Airline  =  ""United Airlines"" AND T2.city  =  ""Aberdeen""",1.0,Resultados idênticos (ordered=False).
221,flight_2,Which city has most number of arriving flights?,SELECT T1.City FROM AIRPORTS AS T1 JOIN FLIGHTS AS T2 ON T1.AirportCode  =  T2.DestAirport GROUP BY T1.City ORDER BY count(*) DESC LIMIT 1,SELECT T1.City FROM airports AS T1 JOIN flights AS T2 ON T1.AirportCode  =  T2.DestAirport GROUP BY T1.City ORDER BY count(*) DESC LIMIT 1,SELECT T1.City FROM airports AS T1 JOIN flights AS T2 ON T1.AirportCode  =  T2.DestAirport GROUP BY T1.City ORDER BY count(*) DESC LIMIT 1,1.0,Resultados idênticos (ordered=True).
222,flight_2,Which city has the most frequent destination airport?,SELECT T1.City FROM AIRPORTS AS T1 JOIN FLIGHTS AS T2 ON T1.AirportCode  =  T2.DestAirport GROUP BY T1.City ORDER BY count(*) DESC LIMIT 1,"SELECT T1.City ,  T2.DestAirport FROM airports AS T1 JOIN flights AS T2 ON T1.AirportCode  =  T2.DestAirport GROUP BY T1.City ORDER BY COUNT(*) DESC LIMIT 1","SELECT T1.City ,  T2.DestAirport FROM airports AS T1 JOIN flights AS T2 ON T1.AirportCode  =  T2.DestAirport GROUP BY T1.City ORDER BY COUNT(*) DESC LIMIT 1",1.0,Resultados idênticos (ordered=True).
223,flight_2,Which city has most number of departing flights?,SELECT T1.City FROM AIRPORTS AS T1 JOIN FLIGHTS AS T2 ON T1.AirportCode  =  T2.SourceAirport GROUP BY T1.City ORDER BY count(*) DESC LIMIT 1,SELECT T1.City FROM airports AS T1 JOIN flights AS T2 ON T1.AirportCode  =  T2.SourceAirport GROUP BY T1.City ORDER BY count(*) DESC LIMIT 1,SELECT T1.City FROM airports AS T1 JOIN flights AS T2 ON T1.AirportCode  =  T2.SourceAirport GROUP BY T1.City ORDER BY count(*) DESC LIMIT 1,1.0,Resultados idênticos (ordered=True).
224,flight_2,Which city is the most frequent source airport?,SELECT T1.City FROM AIRPORTS AS T1 JOIN FLIGHTS AS T2 ON T1.AirportCode  =  T2.SourceAirport GROUP BY T1.City ORDER BY count(*) DESC LIMIT 1,SELECT T1.City FROM airports AS T1 JOIN flights AS T2 ON T1.AirportCode  =  T2.SourceAirport GROUP BY T1.City ORDER BY count(*) DESC LIMIT 1,SELECT T1.City FROM airports AS T1 JOIN flights AS T2 ON T1.AirportCode  =  T2.SourceAirport GROUP BY T1.City ORDER BY count(*) DESC LIMIT 1,1.0,Resultados idênticos (ordered=True).
225,flight_2,What is the code of airport that has the highest number of flights?,SELECT T1.AirportCode FROM AIRPORTS AS T1 JOIN FLIGHTS AS T2 ON T1.AirportCode  =  T2.DestAirport OR T1.AirportCode  =  T2.SourceAirport GROUP BY T1.AirportCode ORDER BY count(*) DESC LIMIT 1,SELECT T1.AirportCode FROM airports AS T1 JOIN flights AS T2 ON T1.AirportCode  =  T2.SourceAirport GROUP BY T1.AirportCode ORDER BY count(*) DESC LIMIT 1,SELECT T1.AirportCode FROM airports AS T1 JOIN flights AS T2 ON T1.AirportCode  =  T2.SourceAirport GROUP BY T1.AirportCode ORDER BY count(*) DESC LIMIT 1,1.0,Resultados idênticos (ordered=True).
226,flight_2,What is the airport code of the airport with the most flights?,SELECT T1.AirportCode FROM AIRPORTS AS T1 JOIN FLIGHTS AS T2 ON T1.AirportCode  =  T2.DestAirport OR T1.AirportCode  =  T2.SourceAirport GROUP BY T1.AirportCode ORDER BY count(*) DESC LIMIT 1,SELECT T1.AirportCode FROM airports AS T1 JOIN flights AS T2 ON T1.AirportCode  =  T2.SourceAirport GROUP BY T1.AirportCode ORDER BY COUNT(*) DESC LIMIT 1,SELECT T1.AirportCode FROM airports AS T1 JOIN flights AS T2 ON T1.AirportCode  =  T2.SourceAirport GROUP BY T1.AirportCode ORDER BY COUNT(*) DESC LIMIT 1,1.0,Resultados idênticos (ordered=True).
227,flight_2,What is the code of airport that has fewest number of flights?,SELECT T1.AirportCode FROM AIRPORTS AS T1 JOIN FLIGHTS AS T2 ON T1.AirportCode  =  T2.DestAirport OR T1.AirportCode  =  T2.SourceAirport GROUP BY T1.AirportCode ORDER BY count(*) LIMIT 1,SELECT T1.AirportCode FROM airports AS T1 JOIN flights AS T2 ON T1.AirportCode  =  T2.SourceAirport GROUP BY T1.AirportCode ORDER BY count(*) LIMIT 1,SELECT T1.AirportCode FROM airports AS T1 JOIN flights AS T2 ON T1.AirportCode  =  T2.SourceAirport GROUP BY T1.AirportCode ORDER BY count(*) LIMIT 1,1.0,Resultados idênticos (ordered=True).
228,flight_2,Give the code of the airport with the least flights.,SELECT T1.AirportCode FROM AIRPORTS AS T1 JOIN FLIGHTS AS T2 ON T1.AirportCode  =  T2.DestAirport OR T1.AirportCode  =  T2.SourceAirport GROUP BY T1.AirportCode ORDER BY count(*) LIMIT 1,SELECT AirportCode FROM airports WHERE AirportCode IN (SELECT SourceAirport FROM flights GROUP BY SourceAirport ORDER BY count(*) LIMIT 1),SELECT AirportCode FROM airports WHERE AirportCode IN (SELECT SourceAirport FROM flights GROUP BY SourceAirport ORDER BY count(*) LIMIT 1),1.0,Resultados idênticos (ordered=True).
229,flight_2,Which airline has most number of flights?,SELECT T1.Airline FROM AIRLINES AS T1 JOIN FLIGHTS AS T2 ON T1.uid  =  T2.Airline GROUP BY T1.Airline ORDER BY count(*) DESC LIMIT 1,SELECT T1.Airline FROM airlines AS T1 JOIN flights AS T2 ON T1.uid  =  T2.Airline GROUP BY T1.Airline ORDER BY count(*) DESC LIMIT 1,SELECT T1.Airline FROM airlines AS T1 JOIN flights AS T2 ON T1.uid  =  T2.Airline GROUP BY T1.Airline ORDER BY count(*) DESC LIMIT 1,1.0,Resultados idênticos (ordered=True).
230,flight_2,What airline serves the most flights?,SELECT T1.Airline FROM AIRLINES AS T1 JOIN FLIGHTS AS T2 ON T1.uid  =  T2.Airline GROUP BY T1.Airline ORDER BY count(*) DESC LIMIT 1,SELECT T1.Airline FROM airlines AS T1 JOIN flights AS T2 ON T1.uid  =  T2.Airline GROUP BY T1.Airline ORDER BY count(*) DESC LIMIT 1,SELECT T1.Airline FROM airlines AS T1 JOIN flights AS T2 ON T1.uid  =  T2.Airline GROUP BY T1.Airline ORDER BY count(*) DESC LIMIT 1,1.0,Resultados idênticos (ordered=True).
231,flight_2,Find the abbreviation and country of the airline that has fewest number of flights?,"SELECT T1.Abbreviation ,  T1.Country FROM AIRLINES AS T1 JOIN FLIGHTS AS T2 ON T1.uid  =  T2.Airline GROUP BY T1.Airline ORDER BY count(*) LIMIT 1","SELECT T1.Abbreviation ,  T1.Country FROM airlines AS T1 JOIN FLIGHTS AS T2 ON T1.uid  =  T2.Airline GROUP BY T1.Abbreviation ORDER BY count(*) LIMIT 1","SELECT T1.Abbreviation ,  T1.Country FROM airlines AS T1 JOIN FLIGHTS AS T2 ON T1.uid  =  T2.Airline GROUP BY T1.Abbreviation ORDER BY count(*) LIMIT 1",1.0,Resultados idênticos (ordered=True).
232,flight_2,What is the abbreviation of the airilne has the fewest flights and what country is it in?,"SELECT T1.Abbreviation ,  T1.Country FROM AIRLINES AS T1 JOIN FLIGHTS AS T2 ON T1.uid  =  T2.Airline GROUP BY T1.Airline ORDER BY count(*) LIMIT 1","SELECT T1.Abbreviation ,  T1.Country FROM airlines AS T1 JOIN flights AS T2 ON T1.uid  =  T2.Airline GROUP BY T1.Abbreviation ORDER BY count(*) LIMIT 1","SELECT T1.Abbreviation ,  T1.Country FROM airlines AS T1 JOIN flights AS T2 ON T1.uid  =  T2.Airline GROUP BY T1.Abbreviation ORDER BY count(*) LIMIT 1",1.0,Resultados idênticos (ordered=True).
233,flight_2,What are airlines that have some flight departing from airport 'AHD'?,"SELECT T1.Airline FROM AIRLINES AS T1 JOIN FLIGHTS AS T2 ON T1.uid  =  T2.Airline WHERE T2.SourceAirport  =  ""AHD""",SELECT T1.Airline FROM airlines AS T1 JOIN flights AS T2 ON T1.uid  =  T2.Airline WHERE T2.SourceAirport  =  'AHD',SELECT T1.Airline FROM airlines AS T1 JOIN flights AS T2 ON T1.uid  =  T2.Airline WHERE T2.SourceAirport  =  'AHD',1.0,Resultados idênticos (ordered=False).
234,flight_2,Which airlines have a flight with source airport AHD?,"SELECT T1.Airline FROM AIRLINES AS T1 JOIN FLIGHTS AS T2 ON T1.uid  =  T2.Airline WHERE T2.SourceAirport  =  ""AHD""","SELECT T1.Airline FROM airlines AS T1 JOIN flights AS T2 ON T1.uid  =  T2.Airline WHERE T2.SourceAirport  =  ""AHD""","SELECT T1.Airline FROM airlines AS T1 JOIN flights AS T2 ON T1.uid  =  T2.Airline WHERE T2.SourceAirport  =  ""AHD""",1.0,Resultados idênticos (ordered=False).
235,flight_2,What are airlines that have flights arriving at airport 'AHD'?,"SELECT T1.Airline FROM AIRLINES AS T1 JOIN FLIGHTS AS T2 ON T1.uid  =  T2.Airline WHERE T2.DestAirport  =  ""AHD""",SELECT T1.Airline FROM airlines AS T1 JOIN flights AS T2 ON T1.uid  =  T2.Airline WHERE T2.DestAirport  =  'AHD',SELECT T1.Airline FROM airlines AS T1 JOIN flights AS T2 ON T1.uid  =  T2.Airline WHERE T2.DestAirport  =  'AHD',1.0,Resultados idênticos (ordered=False).
236,flight_2,Which airlines have a flight with destination airport AHD?,"SELECT T1.Airline FROM AIRLINES AS T1 JOIN FLIGHTS AS T2 ON T1.uid  =  T2.Airline WHERE T2.DestAirport  =  ""AHD""","SELECT T1.Airline FROM airlines AS T1 JOIN flights AS T2 ON T1.uid  =  T2.Airline WHERE T2.DestAirport  =  ""AHD""","SELECT T1.Airline FROM airlines AS T1 JOIN flights AS T2 ON T1.uid  =  T2.Airline WHERE T2.DestAirport  =  ""AHD""",1.0,Resultados idênticos (ordered=False).
237,flight_2,Find all airlines that have flights from both airports 'APG' and 'CVO'.,"SELECT T1.Airline FROM AIRLINES AS T1 JOIN FLIGHTS AS T2 ON T1.uid  =  T2.Airline WHERE T2.SourceAirport  =  ""APG"" INTERSECT SELECT T1.Airline FROM AIRLINES AS T1 JOIN FLIGHTS AS T2 ON T1.uid  =  T2.Airline WHERE T2.SourceAirport  =  ""CVO""",SELECT T1.Airline FROM airlines AS T1 JOIN flights AS T2 ON T1.uid  =  T2.Airline WHERE T2.SourceAirport  =  'APG' INTERSECT SELECT T1.Airline FROM airlines AS T1 JOIN flights AS T2 ON T1.uid  =  T2.Airline WHERE T2.DestAirport  =  'CVO',SELECT T1.Airline FROM airlines AS T1 JOIN flights AS T2 ON T1.uid  =  T2.Airline WHERE T2.SourceAirport  =  'APG' INTERSECT SELECT T1.Airline FROM airlines AS T1 JOIN flights AS T2 ON T1.uid  =  T2.Airline WHERE T2.DestAirport  =  'CVO',1.0,Resultados idênticos (ordered=False).
238,flight_2,Which airlines have departing flights from both APG and CVO airports?,"SELECT T1.Airline FROM AIRLINES AS T1 JOIN FLIGHTS AS T2 ON T1.uid  =  T2.Airline WHERE T2.SourceAirport  =  ""APG"" INTERSECT SELECT T1.Airline FROM AIRLINES AS T1 JOIN FLIGHTS AS T2 ON T1.uid  =  T2.Airline WHERE T2.SourceAirport  =  ""CVO""",SELECT T1.Airline FROM airlines AS T1 JOIN flights AS T2 ON T1.uid  =  T2.Airline WHERE T2.SourceAirport  =  'APG' INTERSECT SELECT T1.Airline FROM airlines AS T1 JOIN flights AS T2 ON T1.uid  =  T2.Airline WHERE T2.SourceAirport  =  'CVO',SELECT T1.Airline FROM airlines AS T1 JOIN flights AS T2 ON T1.uid  =  T2.Airline WHERE T2.SourceAirport  =  'APG' INTERSECT SELECT T1.Airline FROM airlines AS T1 JOIN flights AS T2 ON T1.uid  =  T2.Airline WHERE T2.SourceAirport  =  'CVO',1.0,Resultados idênticos (ordered=False).
239,flight_2,Find all airlines that have flights from airport 'CVO' but not from 'APG'.,"SELECT T1.Airline FROM AIRLINES AS T1 JOIN FLIGHTS AS T2 ON T1.uid  =  T2.Airline WHERE T2.SourceAirport  =  ""CVO"" EXCEPT SELECT T1.Airline FROM AIRLINES AS T1 JOIN FLIGHTS AS T2 ON T1.uid  =  T2.Airline WHERE T2.SourceAirport  =  ""APG""",SELECT Airline FROM flights AS T1 JOIN airports AS T2 ON T1.SourceAirport  =  T2.AirportCode WHERE T2.AirportCode  =  'CVO' EXCEPT SELECT Airline FROM flights AS T1 JOIN airports AS T2 ON T1.SourceAirport  =  T2.AirportCode WHERE T2.AirportCode  =  'APG',SELECT Airline FROM flights AS T1 JOIN airports AS T2 ON T1.SourceAirport  =  T2.AirportCode WHERE T2.AirportCode  =  'CVO' EXCEPT SELECT Airline FROM flights AS T1 JOIN airports AS T2 ON T1.SourceAirport  =  T2.AirportCode WHERE T2.AirportCode  =  'APG',1.0,Resultados idênticos (ordered=False).
240,flight_2,Which airlines have departures from CVO but not from APG airports?,"SELECT T1.Airline FROM AIRLINES AS T1 JOIN FLIGHTS AS T2 ON T1.uid  =  T2.Airline WHERE T2.SourceAirport  =  ""CVO"" EXCEPT SELECT T1.Airline FROM AIRLINES AS T1 JOIN FLIGHTS AS T2 ON T1.uid  =  T2.Airline WHERE T2.SourceAirport  =  ""APG""",SELECT Airline FROM flights AS T1 JOIN airports AS T2 ON T1.SourceAirport  =  T2.AirportCode WHERE T2.CountryAbbrev  =  'CVO' EXCEPT SELECT Airline FROM flights AS T1 JOIN airports AS T2 ON T1.SourceAirport  =  T2.AirportCode WHERE T2.CountryAbbrev  =  'APG',SELECT Airline FROM flights AS T1 JOIN airports AS T2 ON T1.SourceAirport  =  T2.AirportCode WHERE T2.CountryAbbrev  =  'CVO' EXCEPT SELECT Airline FROM flights AS T1 JOIN airports AS T2 ON T1.SourceAirport  =  T2.AirportCode WHERE T2.CountryAbbrev  =  'APG',1.0,Resultados idênticos (ordered=False).
241,flight_2,Find all airlines that have at least 10 flights.,SELECT T1.Airline FROM AIRLINES AS T1 JOIN FLIGHTS AS T2 ON T1.uid  =  T2.Airline GROUP BY T1.Airline HAVING count(*)  >  10,SELECT T1.Airline FROM flights AS T1 JOIN airlines AS T2 ON T1.Airline  =  T2.Airline GROUP BY T1.Airline HAVING count(*)  >=  10,SELECT T1.Airline FROM flights AS T1 JOIN airlines AS T2 ON T1.Airline  =  T2.Airline GROUP BY T1.Airline HAVING count(*)  >=  10,0.0,"Resultados divergentes (ordered=False). gold=12 linhas, pred=0 linhas."
242,flight_2,Which airlines have at least 10 flights?,SELECT T1.Airline FROM AIRLINES AS T1 JOIN FLIGHTS AS T2 ON T1.uid  =  T2.Airline GROUP BY T1.Airline HAVING count(*)  >  10,SELECT T1.Airline FROM flights AS T1 JOIN airlines AS T2 ON T1.Airline  =  T2.Airline GROUP BY T1.Airline HAVING count(*)  >=  10,SELECT T1.Airline FROM flights AS T1 JOIN airlines AS T2 ON T1.Airline  =  T2.Airline GROUP BY T1.Airline HAVING count(*)  >=  10,0.0,"Resultados divergentes (ordered=False). gold=12 linhas, pred=0 linhas."
243,flight_2,Find all airlines that have fewer than 200 flights.,SELECT T1.Airline FROM AIRLINES AS T1 JOIN FLIGHTS AS T2 ON T1.uid  =  T2.Airline GROUP BY T1.Airline HAVING count(*)  <  200,SELECT Airline FROM FLIGHTS GROUP BY Airline HAVING count(*)  <  200,SELECT Airline FROM FLIGHTS GROUP BY Airline HAVING count(*)  <  200,0.0,"Resultados divergentes (ordered=False). gold=12 linhas, pred=12 linhas."
244,flight_2,Which airlines have less than 200 flights?,SELECT T1.Airline FROM AIRLINES AS T1 JOIN FLIGHTS AS T2 ON T1.uid  =  T2.Airline GROUP BY T1.Airline HAVING count(*)  <  200,SELECT Airline FROM flights GROUP BY Airline HAVING count(*)  <  200,SELECT Airline FROM flights GROUP BY Airline HAVING count(*)  <  200,0.0,"Resultados divergentes (ordered=False). gold=12 linhas, pred=12 linhas."
245,flight_2,"What are flight numbers of Airline ""United Airlines""?","SELECT T1.FlightNo FROM FLIGHTS AS T1 JOIN AIRLINES AS T2 ON T2.uid  =  T1.Airline WHERE T2.Airline  =  ""United Airlines""","SELECT FlightNo FROM flights WHERE Airline  =  ""United Airlines""","SELECT FlightNo FROM flights WHERE Airline  =  ""United Airlines""",0.0,"Resultados divergentes (ordered=False). gold=100 linhas, pred=0 linhas."
246,flight_2,Which flight numbers correspond to United Airlines flights?,"SELECT T1.FlightNo FROM FLIGHTS AS T1 JOIN AIRLINES AS T2 ON T2.uid  =  T1.Airline WHERE T2.Airline  =  ""United Airlines""","SELECT FlightNo FROM flights AS T1 JOIN airlines AS T2 ON T1.Airline  =  T2.Airline WHERE T2.Airline  =  ""United""","SELECT FlightNo FROM flights AS T1 JOIN airlines AS T2 ON T1.Airline  =  T2.Airline WHERE T2.Airline  =  ""United""",0.0,"Resultados divergentes (ordered=False). gold=100 linhas, pred=0 linhas."
247,flight_2,"What are flight numbers of flights departing from Airport ""APG""?","SELECT FlightNo FROM FLIGHTS WHERE SourceAirport  =  ""APG""","SELECT FlightNo FROM flights WHERE SourceAirport  =  ""APG""","SELECT FlightNo FROM flights WHERE SourceAirport  =  ""APG""",1.0,Resultados idênticos (ordered=False).
248,flight_2,Give the flight numbers of flights leaving from APG.,"SELECT FlightNo FROM FLIGHTS WHERE SourceAirport  =  ""APG""","SELECT FlightNo FROM flights WHERE SourceAirport  =  ""APG""","SELECT FlightNo FROM flights WHERE SourceAirport  =  ""APG""",1.0,Resultados idênticos (ordered=False).
249,flight_2,"What are flight numbers of flights arriving at Airport ""APG""?","SELECT FlightNo FROM FLIGHTS WHERE DestAirport  =  ""APG""","SELECT FlightNo FROM flights WHERE DestAirport  =  ""APG""","SELECT FlightNo FROM flights WHERE DestAirport  =  ""APG""",1.0,Resultados idênticos (ordered=False).
250,flight_2,Give the flight numbers of flights landing at APG.,"SELECT FlightNo FROM FLIGHTS WHERE DestAirport  =  ""APG""","SELECT FlightNo FROM flights WHERE DestAirport  =  ""APG""","SELECT FlightNo FROM flights WHERE DestAirport  =  ""APG""",1.0,Resultados idênticos (ordered=False).
251,flight_2,"What are flight numbers of flights departing from City ""Aberdeen ""?","SELECT T1.FlightNo FROM FLIGHTS AS T1 JOIN AIRPORTS AS T2 ON T1.SourceAirport   =  T2.AirportCode WHERE T2.City  =  ""Aberdeen""","SELECT FlightNo FROM flights WHERE SourceAirport  =  ""Aberdeen""","SELECT FlightNo FROM flights WHERE SourceAirport  =  ""Aberdeen""",1.0,Resultados idênticos (ordered=False).
252,flight_2,Give the flight numbers of flights leaving from Aberdeen.,"SELECT T1.FlightNo FROM FLIGHTS AS T1 JOIN AIRPORTS AS T2 ON T1.SourceAirport   =  T2.AirportCode WHERE T2.City  =  ""Aberdeen""","SELECT FlightNo FROM flights WHERE SourceAirport  =  ""ABD""","SELECT FlightNo FROM flights WHERE SourceAirport  =  ""ABD""",1.0,Resultados idênticos (ordered=False).
253,flight_2,"What are flight numbers of flights arriving at City ""Aberdeen""?","SELECT T1.FlightNo FROM FLIGHTS AS T1 JOIN AIRPORTS AS T2 ON T1.DestAirport   =  T2.AirportCode WHERE T2.City  =  ""Aberdeen""","SELECT FlightNo FROM flights WHERE DestAirport  =  ""Aberdeen""","SELECT FlightNo FROM flights WHERE DestAirport  =  ""Aberdeen""",1.0,Resultados idênticos (ordered=False).
254,flight_2,Give the flight numbers of flights arriving in Aberdeen.,"SELECT T1.FlightNo FROM FLIGHTS AS T1 JOIN AIRPORTS AS T2 ON T1.DestAirport   =  T2.AirportCode WHERE T2.City  =  ""Aberdeen""","SELECT FlightNo FROM flights WHERE DestAirport  =  ""ABD""","SELECT FlightNo FROM flights WHERE DestAirport  =  ""ABD""",1.0,Resultados idênticos (ordered=False).
255,flight_2,Find the number of flights landing in the city of Aberdeen or Abilene.,"SELECT count(*) FROM Flights AS T1 JOIN Airports AS T2 ON T1.DestAirport  =  T2.AirportCode WHERE T2.city  =  ""Aberdeen"" OR T2.city  =  ""Abilene""","SELECT count(*) FROM flights AS T1 JOIN airports AS T2 ON T1.destairport  =  T2.airportcode WHERE T2.city  =  ""Aberdeen"" OR T2.city  =  ""Abilene""","SELECT count(*) FROM flights AS T1 JOIN airports AS T2 ON T1.destairport  =  T2.airportcode WHERE T2.city  =  ""Aberdeen"" OR T2.city  =  ""Abilene""",1.0,Resultados idênticos (ordered=False).
256,flight_2,How many flights land in Aberdeen or Abilene?,"SELECT count(*) FROM Flights AS T1 JOIN Airports AS T2 ON T1.DestAirport  =  T2.AirportCode WHERE T2.city  =  ""Aberdeen"" OR T2.city  =  ""Abilene""","SELECT count(*) FROM flights AS T1 JOIN airports AS T2 ON T1.destairport  =  T2.airportcode WHERE T2.city  =  ""Aberdeen"" OR T2.city  =  ""Abilene""","SELECT count(*) FROM flights AS T1 JOIN airports AS T2 ON T1.destairport  =  T2.airportcode WHERE T2.city  =  ""Aberdeen"" OR T2.city  =  ""Abilene""",1.0,Resultados idênticos (ordered=False).
257,flight_2,Find the name of airports which do not have any flight in and out.,SELECT AirportName FROM Airports WHERE AirportCode NOT IN (SELECT SourceAirport FROM Flights UNION SELECT DestAirport FROM Flights),SELECT AirportName FROM airports WHERE AirportCode NOT IN (SELECT SourceAirport FROM flights UNION SELECT DestAirport FROM flights),SELECT AirportName FROM airports WHERE AirportCode NOT IN (SELECT SourceAirport FROM flights UNION SELECT DestAirport FROM flights),1.0,Resultados idênticos (ordered=False).
258,flight_2,Which airports do not have departing or arriving flights?,SELECT AirportName FROM Airports WHERE AirportCode NOT IN (SELECT SourceAirport FROM Flights UNION SELECT DestAirport FROM Flights),SELECT AirportName FROM airports WHERE AirportCode NOT IN (SELECT SourceAirport FROM flights UNION SELECT DestAirport FROM flights),SELECT AirportName FROM airports WHERE AirportCode NOT IN (SELECT SourceAirport FROM flights UNION SELECT DestAirport FROM flights),1.0,Resultados idênticos (ordered=False).
259,employee_hire_evaluation,How many employees are there?,SELECT count(*) FROM employee,SELECT count(*) FROM employee,SELECT count(*) FROM employee,1.0,Resultados idênticos (ordered=False).
260,employee_hire_evaluation,Count the number of employees,SELECT count(*) FROM employee,SELECT count(*) FROM employee,SELECT count(*) FROM employee,1.0,Resultados idênticos (ordered=False).
261,employee_hire_evaluation,Sort employee names by their age in ascending order.,SELECT name FROM employee ORDER BY age,SELECT name FROM employee ORDER BY age ASC,SELECT name FROM employee ORDER BY age ASC,1.0,Resultados idênticos (ordered=True).
262,employee_hire_evaluation,List the names of employees and sort in ascending order of age.,SELECT name FROM employee ORDER BY age,SELECT name FROM employee ORDER BY age ASC,SELECT name FROM employee ORDER BY age ASC,1.0,Resultados idênticos (ordered=True).
263,employee_hire_evaluation,What is the number of employees from each city?,"SELECT count(*) ,  city FROM employee GROUP BY city","SELECT count(*) ,  city FROM employee GROUP BY city","SELECT count(*) ,  city FROM employee GROUP BY city",1.0,Resultados idênticos (ordered=False).
264,employee_hire_evaluation,Count the number of employees for each city.,"SELECT count(*) ,  city FROM employee GROUP BY city","SELECT city ,  COUNT(*) FROM employee GROUP BY city","SELECT city ,  COUNT(*) FROM employee GROUP BY city",0.0,"Resultados divergentes (ordered=False). gold=5 linhas, pred=5 linhas."
265,employee_hire_evaluation,Which cities do more than one employee under age 30 come from?,SELECT city FROM employee WHERE age  <  30 GROUP BY city HAVING count(*)  >  1,SELECT city FROM employee WHERE age  <  30 GROUP BY city HAVING count(*)  >  1,SELECT city FROM employee WHERE age  <  30 GROUP BY city HAVING count(*)  >  1,1.0,Resultados idênticos (ordered=False).
266,employee_hire_evaluation,Find the cities that have more than one employee under age 30.,SELECT city FROM employee WHERE age  <  30 GROUP BY city HAVING count(*)  >  1,SELECT city FROM employee WHERE age  <  30 GROUP BY city HAVING count(*)  >  1,SELECT city FROM employee WHERE age  <  30 GROUP BY city HAVING count(*)  >  1,1.0,Resultados idênticos (ordered=False).
267,employee_hire_evaluation,Find the number of shops in each location.,"SELECT count(*) ,  LOCATION FROM shop GROUP BY LOCATION","SELECT LOCATION ,  COUNT(*) FROM shop GROUP BY LOCATION","SELECT LOCATION ,  COUNT(*) FROM shop GROUP BY LOCATION",0.0,"Resultados divergentes (ordered=False). gold=9 linhas, pred=9 linhas."
268,employee_hire_evaluation,How many shops are there in each location?,"SELECT count(*) ,  LOCATION FROM shop GROUP BY LOCATION","SELECT LOCATION ,  COUNT(*) FROM shop GROUP BY LOCATION","SELECT LOCATION ,  COUNT(*) FROM shop GROUP BY LOCATION",0.0,"Resultados divergentes (ordered=False). gold=9 linhas, pred=9 linhas."
269,employee_hire_evaluation,Find the manager name and district of the shop whose number of products is the largest.,"SELECT manager_name ,  district FROM shop ORDER BY number_products DESC LIMIT 1","SELECT T2.manager_name ,  T2.district FROM shop AS T1 JOIN employee AS T2 ON T1.shop_id  =  T2.employee_id WHERE T1.number_products  =  ( SELECT max(number_products) FROM shop )","SELECT T2.manager_name ,  T2.district FROM shop AS T1 JOIN employee AS T2 ON T1.shop_id  =  T2.employee_id WHERE T1.number_products  =  ( SELECT max(number_products) FROM shop )",0.0,Falha ao executar a consulta gerada: no such column: T2.manager_name
270,employee_hire_evaluation,What are the manager name and district of the shop that sells the largest number of products?,"SELECT manager_name ,  district FROM shop ORDER BY number_products DESC LIMIT 1","SELECT T2.manager_name ,  T2.district FROM evaluation AS T1 JOIN shop AS T2 ON T1.shop_id  =  T2.shop_id GROUP BY T1.shop_id ORDER BY sum(T1.number_products) DESC LIMIT 1","SELECT T2.manager_name ,  T2.district FROM evaluation AS T1 JOIN shop AS T2 ON T1.shop_id  =  T2.shop_id GROUP BY T1.shop_id ORDER BY sum(T1.number_products) DESC LIMIT 1",0.0,Falha ao executar a consulta gerada: no such column: T1.shop_id
271,employee_hire_evaluation,find the minimum and maximum number of products of all stores.,"SELECT min(Number_products) ,  max(Number_products) FROM shop","SELECT min(Number_products) ,  max(Number_products) FROM shop","SELECT min(Number_products) ,  max(Number_products) FROM shop",1.0,Resultados idênticos (ordered=False).
272,employee_hire_evaluation,What are the minimum and maximum number of products across all the shops?,"SELECT min(Number_products) ,  max(Number_products) FROM shop","SELECT min(Number_products) ,  max(Number_products) FROM shop","SELECT min(Number_products) ,  max(Number_products) FROM shop",1.0,Resultados idênticos (ordered=False).
273,employee_hire_evaluation,"Return the name, location and district of all shops in descending order of number of products.","SELECT name ,  LOCATION ,  district FROM shop ORDER BY number_products DESC","SELECT name ,  LOCATION ,  district FROM shop ORDER BY number_products DESC","SELECT name ,  LOCATION ,  district FROM shop ORDER BY number_products DESC",1.0,Resultados idênticos (ordered=True).
274,employee_hire_evaluation,"Sort all the shops by number products in descending order, and return the name, location and district of each shop.","SELECT name ,  LOCATION ,  district FROM shop ORDER BY number_products DESC","SELECT name ,  LOCATION ,  district FROM shop ORDER BY number_products DESC","SELECT name ,  LOCATION ,  district FROM shop ORDER BY number_products DESC",1.0,Resultados idênticos (ordered=True).
275,employee_hire_evaluation,Find the names of stores whose number products is more than the average number of products.,SELECT name FROM shop WHERE number_products  >  (SELECT avg(number_products) FROM shop),SELECT name FROM shop WHERE number_products  >  (SELECT avg(number_products) FROM shop),SELECT name FROM shop WHERE number_products  >  (SELECT avg(number_products) FROM shop),1.0,Resultados idênticos (ordered=False).
276,employee_hire_evaluation,Which shops' number products is above the average? Give me the shop names.,SELECT name FROM shop WHERE number_products  >  (SELECT avg(number_products) FROM shop),SELECT name FROM shop WHERE number_products  >  ( SELECT avg(number_products) FROM shop ),SELECT name FROM shop WHERE number_products  >  ( SELECT avg(number_products) FROM shop ),1.0,Resultados idênticos (ordered=False).
277,employee_hire_evaluation,find the name of employee who was awarded the most times in the evaluation.,SELECT t1.name FROM employee AS t1 JOIN evaluation AS t2 ON t1.Employee_ID  =  t2.Employee_ID GROUP BY t2.Employee_ID ORDER BY count(*) DESC LIMIT 1,SELECT T1.name FROM employee AS T1 JOIN evaluation AS T2 ON T1.employee_id  =  T2.employee_id GROUP BY T1.employee_id ORDER BY count(*) DESC LIMIT 1,SELECT T1.name FROM employee AS T1 JOIN evaluation AS T2 ON T1.employee_id  =  T2.employee_id GROUP BY T1.employee_id ORDER BY count(*) DESC LIMIT 1,1.0,Resultados idênticos (ordered=True).
278,employee_hire_evaluation,Which employee received the most awards in evaluations? Give me the employee name.,SELECT t1.name FROM employee AS t1 JOIN evaluation AS t2 ON t1.Employee_ID  =  t2.Employee_ID GROUP BY t2.Employee_ID ORDER BY count(*) DESC LIMIT 1,SELECT T1.name FROM evaluation AS T2 JOIN employee AS T1 ON T2.employee_id  =  T1.employee_id GROUP BY T1.employee_id ORDER BY sum(T2.bonus) DESC LIMIT 1,SELECT T1.name FROM evaluation AS T2 JOIN employee AS T1 ON T2.employee_id  =  T1.employee_id GROUP BY T1.employee_id ORDER BY sum(T2.bonus) DESC LIMIT 1,1.0,Resultados idênticos (ordered=True).
279,employee_hire_evaluation,Find the name of the employee who got the highest one time bonus.,SELECT t1.name FROM employee AS t1 JOIN evaluation AS t2 ON t1.Employee_ID  =  t2.Employee_ID ORDER BY t2.bonus DESC LIMIT 1,SELECT T1.name FROM evaluation AS T1 JOIN employee AS T2 ON T1.employee_id  =  T2.employee_id ORDER BY bonus DESC LIMIT 1,SELECT T1.name FROM evaluation AS T1 JOIN employee AS T2 ON T1.employee_id  =  T2.employee_id ORDER BY bonus DESC LIMIT 1,0.0,Falha ao executar a consulta gerada: no such column: T1.name
280,employee_hire_evaluation,Which employee received the biggest bonus? Give me the employee name.,SELECT t1.name FROM employee AS t1 JOIN evaluation AS t2 ON t1.Employee_ID  =  t2.Employee_ID ORDER BY t2.bonus DESC LIMIT 1,SELECT T1.name FROM evaluation AS T2 JOIN employee AS T1 ON T2.employee_id  =  T1.employee_id ORDER BY bonus DESC LIMIT 1,SELECT T1.name FROM evaluation AS T2 JOIN employee AS T1 ON T2.employee_id  =  T1.employee_id ORDER BY bonus DESC LIMIT 1,1.0,Resultados idênticos (ordered=True).
281,employee_hire_evaluation,Find the names of employees who never won any award in the evaluation.,SELECT name FROM employee WHERE Employee_ID NOT IN (SELECT Employee_ID FROM evaluation),SELECT name FROM employee WHERE employee_id NOT IN (SELECT employee_id FROM evaluation),SELECT name FROM employee WHERE employee_id NOT IN (SELECT employee_id FROM evaluation),1.0,Resultados idênticos (ordered=False).
282,employee_hire_evaluation,What are the names of the employees who never received any evaluation?,SELECT name FROM employee WHERE Employee_ID NOT IN (SELECT Employee_ID FROM evaluation),SELECT name FROM employee WHERE employee_id NOT IN (SELECT employee_id FROM evaluation),SELECT name FROM employee WHERE employee_id NOT IN (SELECT employee_id FROM evaluation),1.0,Resultados idênticos (ordered=False).
283,employee_hire_evaluation,What is the name of the shop that is hiring the largest number of employees?,SELECT t2.name FROM hiring AS t1 JOIN shop AS t2 ON t1.shop_id  =  t2.shop_id GROUP BY t1.shop_id ORDER BY count(*) DESC LIMIT 1,SELECT T2.name FROM hiring AS T1 JOIN shop AS T2 ON T1.shop_id  =  T2.shop_id GROUP BY T1.shop_id ORDER BY count(*) DESC LIMIT 1,SELECT T2.name FROM hiring AS T1 JOIN shop AS T2 ON T1.shop_id  =  T2.shop_id GROUP BY T1.shop_id ORDER BY count(*) DESC LIMIT 1,1.0,Resultados idênticos (ordered=True).
284,employee_hire_evaluation,Which shop has the most employees? Give me the shop name.,SELECT t2.name FROM hiring AS t1 JOIN shop AS t2 ON t1.shop_id  =  t2.shop_id GROUP BY t1.shop_id ORDER BY count(*) DESC LIMIT 1,SELECT T2.name FROM hiring AS T1 JOIN shop AS T2 ON T1.shop_id  =  T2.shop_id GROUP BY T1.shop_id ORDER BY count(*) DESC LIMIT 1,SELECT T2.name FROM hiring AS T1 JOIN shop AS T2 ON T1.shop_id  =  T2.shop_id GROUP BY T1.shop_id ORDER BY count(*) DESC LIMIT 1,1.0,Resultados idênticos (ordered=True).
285,employee_hire_evaluation,Find the name of the shops that do not hire any employee.,SELECT name FROM shop WHERE shop_id NOT IN (SELECT shop_id FROM hiring),SELECT name FROM shop WHERE shop_id NOT IN (SELECT shop_id FROM hiring),SELECT name FROM shop WHERE shop_id NOT IN (SELECT shop_id FROM hiring),1.0,Resultados idênticos (ordered=False).
286,employee_hire_evaluation,Which shops run with no employees? Find the shop names,SELECT name FROM shop WHERE shop_id NOT IN (SELECT shop_id FROM hiring),SELECT name FROM shop WHERE shop_id NOT IN (SELECT shop_id FROM hiring),SELECT name FROM shop WHERE shop_id NOT IN (SELECT shop_id FROM hiring),1.0,Resultados idênticos (ordered=False).
287,employee_hire_evaluation,Find the number of employees hired in each shop; show the shop name as well.,"SELECT count(*) ,  t2.name FROM hiring AS t1 JOIN shop AS t2 ON t1.shop_id  =  t2.shop_id GROUP BY t2.name","SELECT T2.name ,  COUNT(*) FROM hiring AS T1 JOIN shop AS T2 ON T1.shop_id  =  T2.shop_id GROUP BY T1.shop_id","SELECT T2.name ,  COUNT(*) FROM hiring AS T1 JOIN shop AS T2 ON T1.shop_id  =  T2.shop_id GROUP BY T1.shop_id",0.0,"Resultados divergentes (ordered=False). gold=6 linhas, pred=6 linhas."
288,employee_hire_evaluation,"For each shop, return the number of employees working there and the name of the shop.","SELECT count(*) ,  t2.name FROM hiring AS t1 JOIN shop AS t2 ON t1.shop_id  =  t2.shop_id GROUP BY t2.name","SELECT T2.Number_products ,  T1.Name FROM hiring AS T1 JOIN shop AS T2 ON T1.Shop_ID  =  T2.Shop_ID GROUP BY T1.Shop_ID","SELECT T2.Number_products ,  T1.Name FROM hiring AS T1 JOIN shop AS T2 ON T1.Shop_ID  =  T2.Shop_ID GROUP BY T1.Shop_ID",0.0,Falha ao executar a consulta gerada: no such column: T1.Name
289,employee_hire_evaluation,What is total bonus given in all evaluations?,SELECT sum(bonus) FROM evaluation,SELECT sum(bonus) FROM evaluation,SELECT sum(bonus) FROM evaluation,1.0,Resultados idênticos (ordered=False).
290,employee_hire_evaluation,Find the total amount of bonus given in all the evaluations.,SELECT sum(bonus) FROM evaluation,SELECT sum(bonus) FROM evaluation,SELECT sum(bonus) FROM evaluation,1.0,Resultados idênticos (ordered=False).
291,employee_hire_evaluation,Give me all the information about hiring.,SELECT * FROM hiring,SELECT * FROM hiring,SELECT * FROM hiring,1.0,Resultados idênticos (ordered=False).
292,employee_hire_evaluation,What is all the information about hiring?,SELECT * FROM hiring,SELECT * FROM hiring,SELECT * FROM hiring,1.0,Resultados idênticos (ordered=False).
293,employee_hire_evaluation,Which district has both stores with less than 3000 products and stores with more than 10000 products?,SELECT district FROM shop WHERE Number_products  <  3000 INTERSECT SELECT district FROM shop WHERE Number_products  >  10000,SELECT district FROM shop WHERE number_products  <  3000 INTERSECT SELECT district FROM shop WHERE number_products  >  10000,SELECT district FROM shop WHERE number_products  <  3000 INTERSECT SELECT district FROM shop WHERE number_products  >  10000,1.0,Resultados idênticos (ordered=False).
294,employee_hire_evaluation,Find the districts in which there are both shops selling less than 3000 products and shops selling more than 10000 products.,SELECT district FROM shop WHERE Number_products  <  3000 INTERSECT SELECT district FROM shop WHERE Number_products  >  10000,SELECT district FROM shop WHERE number_products  <  3000 INTERSECT SELECT district FROM shop WHERE number_products  >  10000,SELECT district FROM shop WHERE number_products  <  3000 INTERSECT SELECT district FROM shop WHERE number_products  >  10000,1.0,Resultados idênticos (ordered=False).
295,employee_hire_evaluation,How many different store locations are there?,SELECT count(DISTINCT LOCATION) FROM shop,SELECT count(DISTINCT LOCATION) FROM shop,SELECT count(DISTINCT LOCATION) FROM shop,1.0,Resultados idênticos (ordered=False).
296,employee_hire_evaluation,Count the number of distinct store locations.,SELECT count(DISTINCT LOCATION) FROM shop,SELECT count(DISTINCT LOCATION) FROM shop,SELECT count(DISTINCT LOCATION) FROM shop,1.0,Resultados idênticos (ordered=False).
297,cre_Doc_Template_Mgt,How many documents do we have?,SELECT count(*) FROM Documents,SELECT count(*) FROM documents,SELECT count(*) FROM documents,1.0,Resultados idênticos (ordered=False).
298,cre_Doc_Template_Mgt,Count the number of documents.,SELECT count(*) FROM Documents,SELECT count(*) FROM Documents,SELECT count(*) FROM Documents,1.0,Resultados idênticos (ordered=False).
299,cre_Doc_Template_Mgt,"List document IDs, document names, and document descriptions for all documents.","SELECT document_id ,  document_name ,  document_description FROM Documents","SELECT document_id ,  document_name ,  document_description FROM documents","SELECT document_id ,  document_name ,  document_description FROM documents",1.0,Resultados idênticos (ordered=False).
300,cre_Doc_Template_Mgt,"What are the ids, names, and descriptions for all documents?","SELECT document_id ,  document_name ,  document_description FROM Documents","SELECT document_id ,  document_name ,  document_description FROM documents","SELECT document_id ,  document_name ,  document_description FROM documents",1.0,Resultados idênticos (ordered=False).
301,cre_Doc_Template_Mgt,What is the document name and template id for document with description with the letter 'w' in it?,"SELECT document_name ,  template_id FROM Documents WHERE Document_Description LIKE ""%w%""","SELECT document_name ,  template_id FROM documents WHERE document_description LIKE '%w%'","SELECT document_name ,  template_id FROM documents WHERE document_description LIKE '%w%'",1.0,Resultados idênticos (ordered=False).
302,cre_Doc_Template_Mgt,Return the names and template ids for documents that contain the letter w in their description.,"SELECT document_name ,  template_id FROM Documents WHERE Document_Description LIKE ""%w%""","SELECT document_name ,  document_id FROM documents WHERE other_details LIKE ""%w%""","SELECT document_name ,  document_id FROM documents WHERE other_details LIKE ""%w%""",0.0,"Resultados divergentes (ordered=False). gold=2 linhas, pred=0 linhas."
303,cre_Doc_Template_Mgt,"What is the document id, template id and description for document named ""Robbin CV""?","SELECT document_id ,  template_id ,  Document_Description FROM Documents WHERE document_name  =  ""Robbin CV""","SELECT document_id ,  template_id ,  document_description FROM documents WHERE document_name  =  ""Robbin CV""","SELECT document_id ,  template_id ,  document_description FROM documents WHERE document_name  =  ""Robbin CV""",1.0,Resultados idênticos (ordered=False).
304,cre_Doc_Template_Mgt,"Return the document id, template id, and description for the document with the name Robbin CV.","SELECT document_id ,  template_id ,  Document_Description FROM Documents WHERE document_name  =  ""Robbin CV""","SELECT document_id ,  template_id ,  document_description FROM documents WHERE document_name  =  ""Robbin CV""","SELECT document_id ,  template_id ,  document_description FROM documents WHERE document_name  =  ""Robbin CV""",1.0,Resultados idênticos (ordered=False).
305,cre_Doc_Template_Mgt,How many different templates do all document use?,SELECT count(DISTINCT template_id) FROM Documents,SELECT count(DISTINCT template_id) FROM documents,SELECT count(DISTINCT template_id) FROM documents,1.0,Resultados idênticos (ordered=False).
306,cre_Doc_Template_Mgt,Count the number of different templates used for documents.,SELECT count(DISTINCT template_id) FROM Documents,SELECT count(DISTINCT template_id) FROM documents,SELECT count(DISTINCT template_id) FROM documents,1.0,Resultados idênticos (ordered=False).
307,cre_Doc_Template_Mgt,How many documents are using the template with type code 'PPT'?,SELECT count(*) FROM Documents AS T1 JOIN Templates AS T2 ON T1.Template_ID  =  T2.Template_ID WHERE T2.Template_Type_Code  =  'PPT',SELECT count(*) FROM documents AS T1 JOIN templates AS T2 ON T1.template_id  =  T2.template_id WHERE T2.template_type_code  =  'PPT',SELECT count(*) FROM documents AS T1 JOIN templates AS T2 ON T1.template_id  =  T2.template_id WHERE T2.template_type_code  =  'PPT',1.0,Resultados idênticos (ordered=False).
308,cre_Doc_Template_Mgt,Count the number of documents that use the PPT template type.,SELECT count(*) FROM Documents AS T1 JOIN Templates AS T2 ON T1.Template_ID  =  T2.Template_ID WHERE T2.Template_Type_Code  =  'PPT',SELECT count(*) FROM documents AS T1 JOIN templates AS T2 ON T1.template_id  =  T2.template_id WHERE T2.template_type_code  =  'PPT',SELECT count(*) FROM documents AS T1 JOIN templates AS T2 ON T1.template_id  =  T2.template_id WHERE T2.template_type_code  =  'PPT',1.0,Resultados idênticos (ordered=False).
309,cre_Doc_Template_Mgt,Show all template ids and number of documents using each template.,"SELECT template_id ,  count(*) FROM Documents GROUP BY template_id","SELECT T1.template_id ,  count(*) FROM templates AS T1 JOIN documents AS T2 ON T1.template_id  =  T2.template_id GROUP BY T1.template_id","SELECT T1.template_id ,  count(*) FROM templates AS T1 JOIN documents AS T2 ON T1.template_id  =  T2.template_id GROUP BY T1.template_id",1.0,Resultados idênticos (ordered=False).
310,cre_Doc_Template_Mgt,"What are all different template ids used for documents, and how many times were each of them used?","SELECT template_id ,  count(*) FROM Documents GROUP BY template_id","SELECT T1.template_id ,  count(*) FROM templates AS T1 JOIN documents AS T2 ON T1.template_id  =  T2.template_id GROUP BY T1.template_id","SELECT T1.template_id ,  count(*) FROM templates AS T1 JOIN documents AS T2 ON T1.template_id  =  T2.template_id GROUP BY T1.template_id",1.0,Resultados idênticos (ordered=False).
311,cre_Doc_Template_Mgt,What is the id and type code for the template used by the most documents?,"SELECT T1.template_id ,  T2.Template_Type_Code FROM Documents AS T1 JOIN Templates AS T2 ON T1.template_id  =  T2.template_id GROUP BY T1.template_id ORDER BY count(*) DESC LIMIT 1","SELECT T1.template_id ,  T1.template_type_code FROM templates AS T1 JOIN documents AS T2 ON T1.template_id  =  T2.template_id GROUP BY T1.template_id ORDER BY count(*) DESC LIMIT 1","SELECT T1.template_id ,  T1.template_type_code FROM templates AS T1 JOIN documents AS T2 ON T1.template_id  =  T2.template_id GROUP BY T1.template_id ORDER BY count(*) DESC LIMIT 1",1.0,Resultados idênticos (ordered=True).
312,cre_Doc_Template_Mgt,Return the id and type code of the template that is used for the greatest number of documents.,"SELECT T1.template_id ,  T2.Template_Type_Code FROM Documents AS T1 JOIN Templates AS T2 ON T1.template_id  =  T2.template_id GROUP BY T1.template_id ORDER BY count(*) DESC LIMIT 1","SELECT T1.template_id ,  T1.template_type_code FROM templates AS T1 JOIN documents AS T2 ON T1.template_id  =  T2.template_id GROUP BY T1.template_id ORDER BY count(*) DESC LIMIT 1","SELECT T1.template_id ,  T1.template_type_code FROM templates AS T1 JOIN documents AS T2 ON T1.template_id  =  T2.template_id GROUP BY T1.template_id ORDER BY count(*) DESC LIMIT 1",1.0,Resultados idênticos (ordered=True).
313,cre_Doc_Template_Mgt,Show ids for all templates that are used by more than one document.,SELECT template_id FROM Documents GROUP BY template_id HAVING count(*)  >  1,SELECT T1.template_id FROM templates AS T1 JOIN documents AS T2 ON T1.template_id  =  T2.template_id GROUP BY T1.template_id HAVING count(*)  >  1,SELECT T1.template_id FROM templates AS T1 JOIN documents AS T2 ON T1.template_id  =  T2.template_id GROUP BY T1.template_id HAVING count(*)  >  1,1.0,Resultados idênticos (ordered=False).
314,cre_Doc_Template_Mgt,What are the template ids of any templates used in more than a single document?,SELECT template_id FROM Documents GROUP BY template_id HAVING count(*)  >  1,SELECT T1.template_id FROM templates AS T1 JOIN documents AS T2 ON T1.template_id  =  T2.template_id GROUP BY T1.template_id HAVING count(*)  >  1,SELECT T1.template_id FROM templates AS T1 JOIN documents AS T2 ON T1.template_id  =  T2.template_id GROUP BY T1.template_id HAVING count(*)  >  1,1.0,Resultados idênticos (ordered=False).
315,cre_Doc_Template_Mgt,Show ids for all templates not used by any document.,SELECT template_id FROM Templates EXCEPT SELECT template_id FROM Documents,SELECT template_id FROM templates WHERE template_id NOT IN (SELECT template_id FROM documents),SELECT template_id FROM templates WHERE template_id NOT IN (SELECT template_id FROM documents),1.0,Resultados idênticos (ordered=False).
316,cre_Doc_Template_Mgt,What are the ids for templates that are not used in any documents?,SELECT template_id FROM Templates EXCEPT SELECT template_id FROM Documents,SELECT template_id FROM templates WHERE template_id NOT IN (SELECT template_id FROM documents),SELECT template_id FROM templates WHERE template_id NOT IN (SELECT template_id FROM documents),1.0,Resultados idênticos (ordered=False).
317,cre_Doc_Template_Mgt,How many templates do we have?,SELECT count(*) FROM Templates,SELECT count(*) FROM templates,SELECT count(*) FROM templates,1.0,Resultados idênticos (ordered=False).
318,cre_Doc_Template_Mgt,Count the number of templates.,SELECT count(*) FROM Templates,SELECT count(*) FROM templates,SELECT count(*) FROM templates,1.0,Resultados idênticos (ordered=False).
319,cre_Doc_Template_Mgt,"Show template ids, version numbers, and template type codes for all templates.","SELECT template_id ,  version_number ,  template_type_code FROM Templates","SELECT template_id ,  version_number ,  template_type_code FROM templates","SELECT template_id ,  version_number ,  template_type_code FROM templates",1.0,Resultados idênticos (ordered=False).
320,cre_Doc_Template_Mgt,"What are the ids, version numbers, and type codes for each template?","SELECT template_id ,  version_number ,  template_type_code FROM Templates","SELECT template_id ,  version_number ,  template_type_code FROM templates","SELECT template_id ,  version_number ,  template_type_code FROM templates",1.0,Resultados idênticos (ordered=False).
321,cre_Doc_Template_Mgt,Show all distinct template type codes for all templates.,SELECT DISTINCT template_type_code FROM Templates,SELECT DISTINCT template_type_code FROM templates,SELECT DISTINCT template_type_code FROM templates,1.0,Resultados idênticos (ordered=False).
322,cre_Doc_Template_Mgt,What are the different template type codes?,SELECT DISTINCT template_type_code FROM Templates,SELECT DISTINCT template_type_code FROM templates,SELECT DISTINCT template_type_code FROM templates,1.0,Resultados idênticos (ordered=False).
323,cre_Doc_Template_Mgt,What are the ids of templates with template type code PP or PPT?,"SELECT template_id FROM Templates WHERE template_type_code  =  ""PP"" OR template_type_code  =  ""PPT""",SELECT template_id FROM templates WHERE template_type_code  =  'PP' OR template_type_code  =  'PPT',SELECT template_id FROM templates WHERE template_type_code  =  'PP' OR template_type_code  =  'PPT',1.0,Resultados idênticos (ordered=False).
324,cre_Doc_Template_Mgt,Return the ids of templates that have the code PP or PPT.,"SELECT template_id FROM Templates WHERE template_type_code  =  ""PP"" OR template_type_code  =  ""PPT""",SELECT template_id FROM templates WHERE template_type_code  =  'PP' OR template_type_code  =  'PPT',SELECT template_id FROM templates WHERE template_type_code  =  'PP' OR template_type_code  =  'PPT',1.0,Resultados idênticos (ordered=False).
325,cre_Doc_Template_Mgt,How many templates have template type code CV?,"SELECT count(*) FROM Templates WHERE template_type_code  =  ""CV""",SELECT count(*) FROM templates WHERE template_type_code  =  'CV',SELECT count(*) FROM templates WHERE template_type_code  =  'CV',1.0,Resultados idênticos (ordered=False).
326,cre_Doc_Template_Mgt,Count the number of templates of the type CV.,"SELECT count(*) FROM Templates WHERE template_type_code  =  ""CV""",SELECT count(*) FROM templates WHERE template_type_code  =  'CV',SELECT count(*) FROM templates WHERE template_type_code  =  'CV',1.0,Resultados idênticos (ordered=False).
327,cre_Doc_Template_Mgt,What is the version number and template type code for the template with version number later than 5?,"SELECT version_number ,  template_type_code FROM Templates WHERE version_number  >  5","SELECT version_number ,  template_type_code FROM templates WHERE version_number  >  5","SELECT version_number ,  template_type_code FROM templates WHERE version_number  >  5",1.0,Resultados idênticos (ordered=False).
328,cre_Doc_Template_Mgt,Return the version numbers and template type codes of templates with a version number greater than 5.,"SELECT version_number ,  template_type_code FROM Templates WHERE version_number  >  5","SELECT version_number ,  template_type_code FROM templates WHERE version_number  >  5","SELECT version_number ,  template_type_code FROM templates WHERE version_number  >  5",1.0,Resultados idênticos (ordered=False).
329,cre_Doc_Template_Mgt,Show all template type codes and number of templates for each.,"SELECT template_type_code ,  count(*) FROM Templates GROUP BY template_type_code","SELECT template_type_code ,  count(*) FROM templates GROUP BY template_type_code","SELECT template_type_code ,  count(*) FROM templates GROUP BY template_type_code",1.0,Resultados idênticos (ordered=False).
330,cre_Doc_Template_Mgt,"What are the different template type codes, and how many templates correspond to each?","SELECT template_type_code ,  count(*) FROM Templates GROUP BY template_type_code","SELECT T1.template_type_code ,  count(*) FROM ref_template_types AS T1 JOIN templates AS T2 ON T1.template_type_code  =  T2.template_type_code GROUP BY T1.template_type_code","SELECT T1.template_type_code ,  count(*) FROM ref_template_types AS T1 JOIN templates AS T2 ON T1.template_type_code  =  T2.template_type_code GROUP BY T1.template_type_code",1.0,Resultados idênticos (ordered=False).
331,cre_Doc_Template_Mgt,Which template type code has most number of templates?,SELECT template_type_code FROM Templates GROUP BY template_type_code ORDER BY count(*) DESC LIMIT 1,SELECT T1.template_type_code FROM ref_template_types AS T1 JOIN templates AS T2 ON T1.template_type_code  =  T2.template_type_code GROUP BY T1.template_type_code ORDER BY count(*) DESC LIMIT 1,SELECT T1.template_type_code FROM ref_template_types AS T1 JOIN templates AS T2 ON T1.template_type_code  =  T2.template_type_code GROUP BY T1.template_type_code ORDER BY count(*) DESC LIMIT 1,1.0,Resultados idênticos (ordered=True).
332,cre_Doc_Template_Mgt,Return the type code of the template type that the most templates belong to.,SELECT template_type_code FROM Templates GROUP BY template_type_code ORDER BY count(*) DESC LIMIT 1,SELECT T1.template_type_code FROM ref_template_types AS T1 JOIN templates AS T2 ON T1.template_type_code  =  T2.template_type_code GROUP BY T1.template_type_code ORDER BY count(*) DESC LIMIT 1,SELECT T1.template_type_code FROM ref_template_types AS T1 JOIN templates AS T2 ON T1.template_type_code  =  T2.template_type_code GROUP BY T1.template_type_code ORDER BY count(*) DESC LIMIT 1,1.0,Resultados idênticos (ordered=True).
333,cre_Doc_Template_Mgt,Show all template type codes with less than three templates.,SELECT template_type_code FROM Templates GROUP BY template_type_code HAVING count(*)  <  3,SELECT template_type_code FROM templates GROUP BY template_type_code HAVING count(*)  <  3,SELECT template_type_code FROM templates GROUP BY template_type_code HAVING count(*)  <  3,1.0,Resultados idênticos (ordered=False).
334,cre_Doc_Template_Mgt,What are the codes of template types that have fewer than 3 templates?,SELECT template_type_code FROM Templates GROUP BY template_type_code HAVING count(*)  <  3,SELECT template_type_code FROM templates GROUP BY template_type_code HAVING count(*)  <  3,SELECT template_type_code FROM templates GROUP BY template_type_code HAVING count(*)  <  3,1.0,Resultados idênticos (ordered=False).
335,cre_Doc_Template_Mgt,What the smallest version number and its template type code?,"SELECT min(Version_Number) ,  template_type_code FROM Templates","SELECT min(version_number) ,  template_type_code FROM templates GROUP BY template_type_code ORDER BY min(version_number)","SELECT min(version_number) ,  template_type_code FROM templates GROUP BY template_type_code ORDER BY min(version_number)",0.0,"Resultados divergentes (ordered=False). gold=1 linhas, pred=5 linhas."
336,cre_Doc_Template_Mgt,"Return the lowest version number, along with its corresponding template type code.","SELECT min(Version_Number) ,  template_type_code FROM Templates","SELECT min(version_number) ,  t1.template_type_code FROM templates AS t1 JOIN ref_template_types AS t2 ON t1.template_type_code  =  t2.template_type_code GROUP BY t1.template_type_code","SELECT min(version_number) ,  t1.template_type_code FROM templates AS t1 JOIN ref_template_types AS t2 ON t1.template_type_code  =  t2.template_type_code GROUP BY t1.template_type_code",0.0,"Resultados divergentes (ordered=False). gold=1 linhas, pred=5 linhas."
337,cre_Doc_Template_Mgt,"What is the template type code of the template used by document with the name ""Data base""?","SELECT T1.template_type_code FROM Templates AS T1 JOIN Documents AS T2 ON T1.template_id  =  T2.template_id WHERE T2.document_name  =  ""Data base""","SELECT T1.template_type_code FROM templates AS T1 JOIN documents AS T2 ON T1.template_id  =  T2.template_id WHERE T2.document_name  =  ""Data base""","SELECT T1.template_type_code FROM templates AS T1 JOIN documents AS T2 ON T1.template_id  =  T2.template_id WHERE T2.document_name  =  ""Data base""",1.0,Resultados idênticos (ordered=False).
338,cre_Doc_Template_Mgt,Return the template type code of the template that is used by a document named Data base.,"SELECT T1.template_type_code FROM Templates AS T1 JOIN Documents AS T2 ON T1.template_id  =  T2.template_id WHERE T2.document_name  =  ""Data base""","SELECT T1.template_type_code FROM templates AS T1 JOIN documents AS T2 ON T1.template_id  =  T2.template_id WHERE T2.document_name  =  ""Data base""","SELECT T1.template_type_code FROM templates AS T1 JOIN documents AS T2 ON T1.template_id  =  T2.template_id WHERE T2.document_name  =  ""Data base""",1.0,Resultados idênticos (ordered=False).
339,cre_Doc_Template_Mgt,Show all document names using templates with template type code BK.,"SELECT T2.document_name FROM Templates AS T1 JOIN Documents AS T2 ON T1.template_id  =  T2.template_id WHERE T1.template_type_code  =  ""BK""",SELECT T1.document_name FROM documents AS T1 JOIN templates AS T2 ON T1.template_id  =  T2.template_id WHERE T2.template_type_code  =  'BK',SELECT T1.document_name FROM documents AS T1 JOIN templates AS T2 ON T1.template_id  =  T2.template_id WHERE T2.template_type_code  =  'BK',1.0,Resultados idênticos (ordered=False).
340,cre_Doc_Template_Mgt,What are the names of documents that use templates with the code BK?,"SELECT T2.document_name FROM Templates AS T1 JOIN Documents AS T2 ON T1.template_id  =  T2.template_id WHERE T1.template_type_code  =  ""BK""",SELECT T1.document_name FROM documents AS T1 JOIN templates AS T2 ON T1.template_id  =  T2.template_id WHERE T2.template_type_code  =  'BK',SELECT T1.document_name FROM documents AS T1 JOIN templates AS T2 ON T1.template_id  =  T2.template_id WHERE T2.template_type_code  =  'BK',1.0,Resultados idênticos (ordered=False).
341,cre_Doc_Template_Mgt,Show all template type codes and the number of documents using each type.,"SELECT T1.template_type_code ,  count(*) FROM Templates AS T1 JOIN Documents AS T2 ON T1.template_id  =  T2.template_id GROUP BY T1.template_type_code","SELECT T1.template_type_code ,  count(*) FROM templates AS T1 JOIN documents AS T2 ON T1.template_id  =  T2.template_id GROUP BY T1.template_type_code","SELECT T1.template_type_code ,  count(*) FROM templates AS T1 JOIN documents AS T2 ON T1.template_id  =  T2.template_id GROUP BY T1.template_type_code",1.0,Resultados idênticos (ordered=False).
342,cre_Doc_Template_Mgt,"What are the different template type codes, and how many documents use each type?","SELECT T1.template_type_code ,  count(*) FROM Templates AS T1 JOIN Documents AS T2 ON T1.template_id  =  T2.template_id GROUP BY T1.template_type_code","SELECT T1.template_type_code ,  count(*) FROM templates AS T1 JOIN documents AS T2 ON T1.template_id  =  T2.template_id GROUP BY T1.template_type_code","SELECT T1.template_type_code ,  count(*) FROM templates AS T1 JOIN documents AS T2 ON T1.template_id  =  T2.template_id GROUP BY T1.template_type_code",1.0,Resultados idênticos (ordered=False).
343,cre_Doc_Template_Mgt,Which template type code is used by most number of documents?,SELECT T1.template_type_code FROM Templates AS T1 JOIN Documents AS T2 ON T1.template_id  =  T2.template_id GROUP BY T1.template_type_code ORDER BY count(*) DESC LIMIT 1,SELECT T1.template_type_code FROM templates AS T1 JOIN documents AS T2 ON T1.template_id  =  T2.template_id GROUP BY T1.template_type_code ORDER BY count(*) DESC LIMIT 1,SELECT T1.template_type_code FROM templates AS T1 JOIN documents AS T2 ON T1.template_id  =  T2.template_id GROUP BY T1.template_type_code ORDER BY count(*) DESC LIMIT 1,1.0,Resultados idênticos (ordered=True).
344,cre_Doc_Template_Mgt,Return the code of the template type that is most commonly used in documents.,SELECT T1.template_type_code FROM Templates AS T1 JOIN Documents AS T2 ON T1.template_id  =  T2.template_id GROUP BY T1.template_type_code ORDER BY count(*) DESC LIMIT 1,SELECT T1.template_type_code FROM ref_template_types AS T1 JOIN templates AS T2 ON T1.template_type_code  =  T2.template_type_code GROUP BY T1.template_type_code ORDER BY count(*) DESC LIMIT 1,SELECT T1.template_type_code FROM ref_template_types AS T1 JOIN templates AS T2 ON T1.template_type_code  =  T2.template_type_code GROUP BY T1.template_type_code ORDER BY count(*) DESC LIMIT 1,0.0,"Resultados divergentes (ordered=True). gold=1 linhas, pred=1 linhas."
345,cre_Doc_Template_Mgt,Show all template type codes that are not used by any document.,SELECT template_type_code FROM Templates EXCEPT SELECT template_type_code FROM Templates AS T1 JOIN Documents AS T2 ON T1.template_id  =  T2.template_id,SELECT template_type_code FROM ref_template_types EXCEPT SELECT template_type_code FROM templates,SELECT template_type_code FROM ref_template_types EXCEPT SELECT template_type_code FROM templates,0.0,"Resultados divergentes (ordered=False). gold=1 linhas, pred=0 linhas."
346,cre_Doc_Template_Mgt,What are the codes of template types that are not used for any document?,SELECT template_type_code FROM Templates EXCEPT SELECT template_type_code FROM Templates AS T1 JOIN Documents AS T2 ON T1.template_id  =  T2.template_id,SELECT template_type_code FROM ref_template_types EXCEPT SELECT template_type_code FROM templates,SELECT template_type_code FROM ref_template_types EXCEPT SELECT template_type_code FROM templates,0.0,"Resultados divergentes (ordered=False). gold=1 linhas, pred=0 linhas."
347,cre_Doc_Template_Mgt,Show all template type codes and descriptions.,"SELECT template_type_code ,  template_type_description FROM Ref_template_types","SELECT template_type_code ,  template_type_description FROM ref_template_types","SELECT template_type_code ,  template_type_description FROM ref_template_types",1.0,Resultados idênticos (ordered=False).
348,cre_Doc_Template_Mgt,What are the type codes and descriptions for all template types?,"SELECT template_type_code ,  template_type_description FROM Ref_template_types","SELECT template_type_code ,  template_type_description FROM ref_template_types","SELECT template_type_code ,  template_type_description FROM ref_template_types",1.0,Resultados idênticos (ordered=False).
349,cre_Doc_Template_Mgt,"What is the template type descriptions for template type code ""AD"".","SELECT template_type_description FROM Ref_template_types WHERE template_type_code  =  ""AD""","SELECT T1.template_type_description FROM ref_template_types AS T1 JOIN templates AS T2 ON T1.template_type_code  =  T2.template_type_code WHERE T2.template_type_code  =  ""AD""","SELECT T1.template_type_description FROM ref_template_types AS T1 JOIN templates AS T2 ON T1.template_type_code  =  T2.template_type_code WHERE T2.template_type_code  =  ""AD""",0.0,"Resultados divergentes (ordered=False). gold=1 linhas, pred=3 linhas."
350,cre_Doc_Template_Mgt,Return the template type description of the template type with the code AD.,"SELECT template_type_description FROM Ref_template_types WHERE template_type_code  =  ""AD""",SELECT T1.template_type_description FROM ref_template_types AS T1 JOIN templates AS T2 ON T1.template_type_code  =  T2.template_type_code WHERE T1.template_type_code  =  'AD',SELECT T1.template_type_description FROM ref_template_types AS T1 JOIN templates AS T2 ON T1.template_type_code  =  T2.template_type_code WHERE T1.template_type_code  =  'AD',0.0,"Resultados divergentes (ordered=False). gold=1 linhas, pred=3 linhas."
351,cre_Doc_Template_Mgt,"What is the template type code for template type description ""Book"".","SELECT template_type_code FROM Ref_template_types WHERE template_type_description  =  ""Book""","SELECT template_type_code FROM ref_template_types WHERE template_type_description  =  ""Book""","SELECT template_type_code FROM ref_template_types WHERE template_type_description  =  ""Book""",1.0,Resultados idênticos (ordered=False).
352,cre_Doc_Template_Mgt,"Return the type code of the template type with the description ""Book"".","SELECT template_type_code FROM Ref_template_types WHERE template_type_description  =  ""Book""","SELECT template_type_code FROM ref_template_types WHERE template_type_description  =  ""Book""","SELECT template_type_code FROM ref_template_types WHERE template_type_description  =  ""Book""",1.0,Resultados idênticos (ordered=False).
353,cre_Doc_Template_Mgt,What are the distinct template type descriptions for the templates ever used by any document?,SELECT DISTINCT T1.template_type_description FROM Ref_template_types AS T1 JOIN Templates AS T2 ON T1.template_type_code  = T2.template_type_code JOIN Documents AS T3 ON T2.Template_ID  =  T3.template_ID,SELECT DISTINCT T1.template_type_description FROM ref_template_types AS T1 JOIN templates AS T2 ON T1.template_type_code  =  T2.template_type_code JOIN documents AS T3 ON T2.template_id  =  T3.template_id,SELECT DISTINCT T1.template_type_description FROM ref_template_types AS T1 JOIN templates AS T2 ON T1.template_type_code  =  T2.template_type_code JOIN documents AS T3 ON T2.template_id  =  T3.template_id,1.0,Resultados idênticos (ordered=False).
354,cre_Doc_Template_Mgt,Return the different descriptions for templates that have been used in a document.,SELECT DISTINCT T1.template_type_description FROM Ref_template_types AS T1 JOIN Templates AS T2 ON T1.template_type_code  = T2.template_type_code JOIN Documents AS T3 ON T2.Template_ID  =  T3.template_ID,SELECT DISTINCT T1.template_details FROM templates AS T1 JOIN documents AS T2 ON T1.template_id  =  T2.template_id,SELECT DISTINCT T1.template_details FROM templates AS T1 JOIN documents AS T2 ON T1.template_id  =  T2.template_id,0.0,"Resultados divergentes (ordered=False). gold=4 linhas, pred=1 linhas."
355,cre_Doc_Template_Mgt,"What are the template ids with template type description ""Presentation"".","SELECT T2.template_id FROM Ref_template_types AS T1 JOIN Templates AS T2 ON T1.template_type_code  = T2.template_type_code WHERE T1.template_type_description  =  ""Presentation""","SELECT template_id FROM templates WHERE template_type_code  =  ""Presentation""","SELECT template_id FROM templates WHERE template_type_code  =  ""Presentation""",0.0,"Resultados divergentes (ordered=False). gold=3 linhas, pred=0 linhas."
356,cre_Doc_Template_Mgt,Return the ids corresponding to templates with the description 'Presentation'.,"SELECT T2.template_id FROM Ref_template_types AS T1 JOIN Templates AS T2 ON T1.template_type_code  = T2.template_type_code WHERE T1.template_type_description  =  ""Presentation""",SELECT template_id FROM templates WHERE template_details  =  'Presentation',SELECT template_id FROM templates WHERE template_details  =  'Presentation',0.0,"Resultados divergentes (ordered=False). gold=3 linhas, pred=0 linhas."
357,cre_Doc_Template_Mgt,How many paragraphs in total?,SELECT count(*) FROM Paragraphs,SELECT count(*) FROM Paragraphs,SELECT count(*) FROM Paragraphs,1.0,Resultados idênticos (ordered=False).
358,cre_Doc_Template_Mgt,Count the number of paragraphs.,SELECT count(*) FROM Paragraphs,SELECT count(*) FROM Paragraphs,SELECT count(*) FROM Paragraphs,1.0,Resultados idênticos (ordered=False).
359,cre_Doc_Template_Mgt,How many paragraphs for the document with name 'Summer Show'?,SELECT count(*) FROM Paragraphs AS T1 JOIN Documents AS T2 ON T1.document_ID  =  T2.document_ID WHERE T2.document_name  =  'Summer Show',SELECT count(*) FROM paragraphs AS T1 JOIN documents AS T2 ON T1.document_id  =  T2.document_id WHERE T2.document_name  =  'Summer Show',SELECT count(*) FROM paragraphs AS T1 JOIN documents AS T2 ON T1.document_id  =  T2.document_id WHERE T2.document_name  =  'Summer Show',1.0,Resultados idênticos (ordered=False).
360,cre_Doc_Template_Mgt,Count the number of paragraphs in the document named 'Summer Show'.,SELECT count(*) FROM Paragraphs AS T1 JOIN Documents AS T2 ON T1.document_ID  =  T2.document_ID WHERE T2.document_name  =  'Summer Show',SELECT count(*) FROM paragraphs AS T1 JOIN documents AS T2 ON T1.document_id  =  T2.document_id WHERE T2.document_name  =  'Summer Show',SELECT count(*) FROM paragraphs AS T1 JOIN documents AS T2 ON T1.document_id  =  T2.document_id WHERE T2.document_name  =  'Summer Show',1.0,Resultados idênticos (ordered=False).
361,cre_Doc_Template_Mgt,Show paragraph details for paragraph with text 'Korea ' .,select other_details from paragraphs where paragraph_text like 'korea',SELECT t1.paragraph_text FROM paragraphs AS t1 JOIN documents AS t2 ON t1.document_id  =  t2.document_id WHERE t1.paragraph_text  =  'Korea ',SELECT t1.paragraph_text FROM paragraphs AS t1 JOIN documents AS t2 ON t1.document_id  =  t2.document_id WHERE t1.paragraph_text  =  'Korea ',0.0,"Resultados divergentes (ordered=False). gold=2 linhas, pred=0 linhas."
362,cre_Doc_Template_Mgt,What are the details for the paragraph that includes the text 'Korea ' ?,select other_details from paragraphs where paragraph_text like 'korea',SELECT t1.document_id FROM documents AS t1 JOIN paragraphs AS t2 ON t1.document_id  =  t2.document_id WHERE t2.paragraph_text LIKE '%Korea%',SELECT t1.document_id FROM documents AS t1 JOIN paragraphs AS t2 ON t1.document_id  =  t2.document_id WHERE t2.paragraph_text LIKE '%Korea%',0.0,"Resultados divergentes (ordered=False). gold=2 linhas, pred=2 linhas."
363,cre_Doc_Template_Mgt,Show all paragraph ids and texts for the document with name 'Welcome to NY'.,"SELECT T1.paragraph_id ,   T1.paragraph_text FROM Paragraphs AS T1 JOIN Documents AS T2 ON T1.document_id  =  T2.document_id WHERE T2.Document_Name  =  'Welcome to NY'","SELECT T1.Paragraph_ID ,  T1.Paragraph_Text FROM paragraphs AS T1 JOIN documents AS T2 ON T1.Document_ID  =  T2.Document_ID WHERE T2.Document_Name  =  'Welcome to NY'","SELECT T1.Paragraph_ID ,  T1.Paragraph_Text FROM paragraphs AS T1 JOIN documents AS T2 ON T1.Document_ID  =  T2.Document_ID WHERE T2.Document_Name  =  'Welcome to NY'",1.0,Resultados idênticos (ordered=False).
364,cre_Doc_Template_Mgt,What are the ids and texts of paragraphs in the document titled 'Welcome to NY'?,"SELECT T1.paragraph_id ,   T1.paragraph_text FROM Paragraphs AS T1 JOIN Documents AS T2 ON T1.document_id  =  T2.document_id WHERE T2.Document_Name  =  'Welcome to NY'","SELECT T1.Paragraph_ID ,  T1.Para_text FROM Paragraphs AS T1 JOIN Documents AS T2 ON T1.Document_ID  =  T2.Document_ID WHERE T2.document_name  =  'Welcome to NY'","SELECT T1.Paragraph_ID ,  T1.Para_text FROM Paragraphs AS T1 JOIN Documents AS T2 ON T1.Document_ID  =  T2.Document_ID WHERE T2.document_name  =  'Welcome to NY'",0.0,Falha ao executar a consulta gerada: no such column: T1.Para_text
365,cre_Doc_Template_Mgt,"Show all paragraph texts for the document ""Customer reviews"".","SELECT T1.paragraph_text FROM Paragraphs AS T1 JOIN Documents AS T2 ON T1.document_id  =  T2.document_id WHERE T2.document_name  =  ""Customer reviews""","SELECT t2.paragraph_text FROM documents AS t1 JOIN paragraphs AS t2 ON t1.document_id  =  t2.document_id WHERE t1.document_name  =  ""Customer reviews""","SELECT t2.paragraph_text FROM documents AS t1 JOIN paragraphs AS t2 ON t1.document_id  =  t2.document_id WHERE t1.document_name  =  ""Customer reviews""",1.0,Resultados idênticos (ordered=False).
366,cre_Doc_Template_Mgt,What are the paragraph texts for the document with the name 'Customer reviews'?,"SELECT T1.paragraph_text FROM Paragraphs AS T1 JOIN Documents AS T2 ON T1.document_id  =  T2.document_id WHERE T2.document_name  =  ""Customer reviews""",SELECT T2.Paragraph_Text FROM documents AS T1 JOIN paragraphs AS T2 ON T1.Document_ID  =  T2.Document_ID WHERE T1.document_name  =  'Customer reviews',SELECT T2.Paragraph_Text FROM documents AS T1 JOIN paragraphs AS T2 ON T1.Document_ID  =  T2.Document_ID WHERE T1.document_name  =  'Customer reviews',1.0,Resultados idênticos (ordered=False).
367,cre_Doc_Template_Mgt,Show all document ids and the number of paragraphs in each document. Order by document id.,"SELECT document_id ,  count(*) FROM Paragraphs GROUP BY document_id ORDER BY document_id","SELECT document_id ,  count(*) FROM documents AS T1 JOIN paragraphs AS T2 ON T1.document_id  =  T2.document_id GROUP BY document_id ORDER BY document_id","SELECT document_id ,  count(*) FROM documents AS T1 JOIN paragraphs AS T2 ON T1.document_id  =  T2.document_id GROUP BY document_id ORDER BY document_id",0.0,Falha ao executar a consulta gerada: ambiguous column name: document_id
368,cre_Doc_Template_Mgt,"Return the different document ids along with the number of paragraphs corresponding to each, ordered by id.","SELECT document_id ,  count(*) FROM Paragraphs GROUP BY document_id ORDER BY document_id","SELECT document_id ,  count(*) FROM documents AS T1 JOIN paragraphs AS T2 ON T1.document_id  =  T2.document_id GROUP BY document_id ORDER BY document_id","SELECT document_id ,  count(*) FROM documents AS T1 JOIN paragraphs AS T2 ON T1.document_id  =  T2.document_id GROUP BY document_id ORDER BY document_id",0.0,Falha ao executar a consulta gerada: ambiguous column name: document_id
369,cre_Doc_Template_Mgt,"Show all document ids, names and the number of paragraphs in each document.","SELECT T1.document_id ,  T2.document_name ,  count(*) FROM Paragraphs AS T1 JOIN Documents AS T2 ON T1.document_id  =  T2.document_id GROUP BY T1.document_id","SELECT T1.document_id ,  T1.document_name ,  count(*) FROM documents AS T1 JOIN paragraphs AS T2 ON T1.document_id  =  T2.document_id GROUP BY T1.document_id","SELECT T1.document_id ,  T1.document_name ,  count(*) FROM documents AS T1 JOIN paragraphs AS T2 ON T1.document_id  =  T2.document_id GROUP BY T1.document_id",1.0,Resultados idênticos (ordered=False).
370,cre_Doc_Template_Mgt,"What are the ids and names of each document, as well as the number of paragraphs in each?","SELECT T1.document_id ,  T2.document_name ,  count(*) FROM Paragraphs AS T1 JOIN Documents AS T2 ON T1.document_id  =  T2.document_id GROUP BY T1.document_id","SELECT T1.document_id ,  T1.document_name ,  COUNT(T2.paragraph_id) FROM documents AS T1 JOIN paragraphs AS T2 ON T1.document_id  =  T2.document_id GROUP BY T1.document_id","SELECT T1.document_id ,  T1.document_name ,  COUNT(T2.paragraph_id) FROM documents AS T1 JOIN paragraphs AS T2 ON T1.document_id  =  T2.document_id GROUP BY T1.document_id",1.0,Resultados idênticos (ordered=False).
371,cre_Doc_Template_Mgt,List all document ids with at least two paragraphs.,SELECT document_id FROM Paragraphs GROUP BY document_id HAVING count(*)  >=  2,SELECT document_id FROM paragraphs GROUP BY document_id HAVING count(*)  >=  2,SELECT document_id FROM paragraphs GROUP BY document_id HAVING count(*)  >=  2,1.0,Resultados idênticos (ordered=False).
372,cre_Doc_Template_Mgt,What are the ids of documents that have 2 or more paragraphs?,SELECT document_id FROM Paragraphs GROUP BY document_id HAVING count(*)  >=  2,SELECT document_id FROM paragraphs GROUP BY document_id HAVING count(*)  >=  2,SELECT document_id FROM paragraphs GROUP BY document_id HAVING count(*)  >=  2,1.0,Resultados idênticos (ordered=False).
373,cre_Doc_Template_Mgt,What is the document id and name with greatest number of paragraphs?,"SELECT T1.document_id ,  T2.document_name FROM Paragraphs AS T1 JOIN Documents AS T2 ON T1.document_id  =  T2.document_id GROUP BY T1.document_id ORDER BY count(*) DESC LIMIT 1","SELECT document_id ,  document_name FROM documents ORDER BY count(*) DESC LIMIT 1","SELECT document_id ,  document_name FROM documents ORDER BY count(*) DESC LIMIT 1",0.0,Falha ao executar a consulta gerada: misuse of aggregate: count()
374,cre_Doc_Template_Mgt,Return the id and name of the document with the most paragraphs.,"SELECT T1.document_id ,  T2.document_name FROM Paragraphs AS T1 JOIN Documents AS T2 ON T1.document_id  =  T2.document_id GROUP BY T1.document_id ORDER BY count(*) DESC LIMIT 1","SELECT T1.document_id ,  T1.document_name FROM documents AS T1 JOIN paragraphs AS T2 ON T1.document_id  =  T2.document_id GROUP BY T1.document_id ORDER BY count(*) DESC LIMIT 1","SELECT T1.document_id ,  T1.document_name FROM documents AS T1 JOIN paragraphs AS T2 ON T1.document_id  =  T2.document_id GROUP BY T1.document_id ORDER BY count(*) DESC LIMIT 1",1.0,Resultados idênticos (ordered=True).
375,cre_Doc_Template_Mgt,What is the document id with least number of paragraphs?,SELECT document_id FROM Paragraphs GROUP BY document_id ORDER BY count(*) ASC LIMIT 1,SELECT document_id FROM documents GROUP BY document_id ORDER BY count(*) ASC LIMIT 1,SELECT document_id FROM documents GROUP BY document_id ORDER BY count(*) ASC LIMIT 1,0.0,"Resultados divergentes (ordered=True). gold=1 linhas, pred=1 linhas."
376,cre_Doc_Template_Mgt,Return the id of the document with the fewest paragraphs.,SELECT document_id FROM Paragraphs GROUP BY document_id ORDER BY count(*) ASC LIMIT 1,SELECT document_id FROM paragraphs GROUP BY document_id ORDER BY count(*) LIMIT 1,SELECT document_id FROM paragraphs GROUP BY document_id ORDER BY count(*) LIMIT 1,1.0,Resultados idênticos (ordered=True).
377,cre_Doc_Template_Mgt,What is the document id with 1 to 2 paragraphs?,SELECT document_id FROM Paragraphs GROUP BY document_id HAVING count(*) BETWEEN 1 AND 2,SELECT document_id FROM documents WHERE document_id IN ( SELECT document_id FROM paragraphs GROUP BY document_id HAVING count(*) BETWEEN 1 AND 2 ),SELECT document_id FROM documents WHERE document_id IN ( SELECT document_id FROM paragraphs GROUP BY document_id HAVING count(*) BETWEEN 1 AND 2 ),1.0,Resultados idênticos (ordered=False).
378,cre_Doc_Template_Mgt,Give the ids of documents that have between one and two paragraphs.,SELECT document_id FROM Paragraphs GROUP BY document_id HAVING count(*) BETWEEN 1 AND 2,SELECT document_id FROM paragraphs GROUP BY document_id HAVING count(*) BETWEEN 1 AND 2,SELECT document_id FROM paragraphs GROUP BY document_id HAVING count(*) BETWEEN 1 AND 2,1.0,Resultados idênticos (ordered=False).
379,cre_Doc_Template_Mgt,Show the document id with paragraph text 'Brazil' and 'Ireland'.,SELECT document_id FROM Paragraphs WHERE paragraph_text  =  'Brazil' INTERSECT SELECT document_id FROM Paragraphs WHERE paragraph_text  =  'Ireland',SELECT T1.document_id FROM documents AS T1 JOIN paragraphs AS T2 ON T1.document_id  =  T2.document_id WHERE paragraph_text  =  'Brazil' INTERSECT SELECT document_id FROM documents AS T1 JOIN paragraphs AS T2 ON T1.document_id  =  T2.document_id WHERE paragraph_text  =  'Ireland',SELECT T1.document_id FROM documents AS T1 JOIN paragraphs AS T2 ON T1.document_id  =  T2.document_id WHERE paragraph_text  =  'Brazil' INTERSECT SELECT document_id FROM documents AS T1 JOIN paragraphs AS T2 ON T1.document_id  =  T2.document_id WHERE paragraph_text  =  'Ireland',0.0,Falha ao executar a consulta gerada: ambiguous column name: document_id
380,cre_Doc_Template_Mgt,What are the ids of documents that contain the paragraph text 'Brazil' and 'Ireland'?,SELECT document_id FROM Paragraphs WHERE paragraph_text  =  'Brazil' INTERSECT SELECT document_id FROM Paragraphs WHERE paragraph_text  =  'Ireland',SELECT T1.document_id FROM documents AS T1 JOIN paragraphs AS T2 ON T1.document_id  =  T2.document_id WHERE paragraph_text  =  'Brazil' INTERSECT SELECT document_id FROM documents AS T1 JOIN paragraphs AS T2 ON T1.document_id  =  T2.document_id WHERE paragraph_text  =  'Ireland',SELECT T1.document_id FROM documents AS T1 JOIN paragraphs AS T2 ON T1.document_id  =  T2.document_id WHERE paragraph_text  =  'Brazil' INTERSECT SELECT document_id FROM documents AS T1 JOIN paragraphs AS T2 ON T1.document_id  =  T2.document_id WHERE paragraph_text  =  'Ireland',0.0,Falha ao executar a consulta gerada: ambiguous column name: document_id
381,course_teach,How many teachers are there?,SELECT count(*) FROM teacher,SELECT count(*) FROM teacher,SELECT count(*) FROM teacher,1.0,Resultados idênticos (ordered=False).
382,course_teach,What is the total count of teachers?,SELECT count(*) FROM teacher,SELECT count(*) FROM teacher,SELECT count(*) FROM teacher,1.0,Resultados idênticos (ordered=False).
383,course_teach,List the names of teachers in ascending order of age.,SELECT Name FROM teacher ORDER BY Age ASC,SELECT name FROM teacher ORDER BY age ASC,SELECT name FROM teacher ORDER BY age ASC,1.0,Resultados idênticos (ordered=True).
384,course_teach,What are the names of the teachers ordered by ascending age?,SELECT Name FROM teacher ORDER BY Age ASC,SELECT name FROM teacher ORDER BY age ASC,SELECT name FROM teacher ORDER BY age ASC,1.0,Resultados idênticos (ordered=True).
385,course_teach,What are the age and hometown of teachers?,"SELECT Age ,  Hometown FROM teacher","SELECT Age ,  Hometown FROM teacher","SELECT Age ,  Hometown FROM teacher",1.0,Resultados idênticos (ordered=False).
386,course_teach,What is the age and hometown of every teacher?,"SELECT Age ,  Hometown FROM teacher","SELECT T2.Age ,  T2.Hometown FROM teacher AS T1 JOIN teacher AS T2 ON T1.Teacher_ID  =  T2.Teacher_ID","SELECT T2.Age ,  T2.Hometown FROM teacher AS T1 JOIN teacher AS T2 ON T1.Teacher_ID  =  T2.Teacher_ID",1.0,Resultados idênticos (ordered=False).
387,course_teach,List the name of teachers whose hometown is not `` Little Lever Urban District '' .,"select name from teacher where hometown != ""little lever urban district""","SELECT Name FROM teacher WHERE Hometown != ""Little Lever Urban District""","SELECT Name FROM teacher WHERE Hometown != ""Little Lever Urban District""",0.0,"Resultados divergentes (ordered=False). gold=7 linhas, pred=6 linhas."
388,course_teach,What are the names of the teachers whose hometown is not `` Little Lever Urban District '' ?,"select name from teacher where hometown != ""little lever urban district""","SELECT name FROM teacher WHERE Hometown != ""Little Lever Urban District""","SELECT name FROM teacher WHERE Hometown != ""Little Lever Urban District""",0.0,"Resultados divergentes (ordered=False). gold=7 linhas, pred=6 linhas."
389,course_teach,Show the name of teachers aged either 32 or 33?,SELECT Name FROM teacher WHERE Age  =  32 OR Age  =  33,SELECT Name FROM teacher WHERE Age  =  32 OR Age  =  33,SELECT Name FROM teacher WHERE Age  =  32 OR Age  =  33,1.0,Resultados idênticos (ordered=False).
390,course_teach,What are the names of the teachers who are aged either 32 or 33?,SELECT Name FROM teacher WHERE Age  =  32 OR Age  =  33,SELECT name FROM teacher WHERE age  =  32 OR age  =  33,SELECT name FROM teacher WHERE age  =  32 OR age  =  33,1.0,Resultados idênticos (ordered=False).
391,course_teach,What is the hometown of the youngest teacher?,SELECT Hometown FROM teacher ORDER BY Age ASC LIMIT 1,SELECT Hometown FROM teacher ORDER BY Age LIMIT 1,SELECT Hometown FROM teacher ORDER BY Age LIMIT 1,1.0,Resultados idênticos (ordered=True).
392,course_teach,Where is the youngest teacher from?,SELECT Hometown FROM teacher ORDER BY Age ASC LIMIT 1,SELECT Hometown FROM teacher ORDER BY Age LIMIT 1,SELECT Hometown FROM teacher ORDER BY Age LIMIT 1,1.0,Resultados idênticos (ordered=True).
393,course_teach,Show different hometown of teachers and the number of teachers from each hometown.,"SELECT Hometown ,  COUNT(*) FROM teacher GROUP BY Hometown","SELECT Hometown ,  COUNT(*) FROM teacher GROUP BY Hometown","SELECT Hometown ,  COUNT(*) FROM teacher GROUP BY Hometown",1.0,Resultados idênticos (ordered=False).
394,course_teach,"For each hometown, how many teachers are there?","SELECT Hometown ,  COUNT(*) FROM teacher GROUP BY Hometown","SELECT Hometown ,  COUNT(*) FROM teacher GROUP BY Hometown","SELECT Hometown ,  COUNT(*) FROM teacher GROUP BY Hometown",1.0,Resultados idênticos (ordered=False).
395,course_teach,List the most common hometown of teachers.,SELECT Hometown FROM teacher GROUP BY Hometown ORDER BY COUNT(*) DESC LIMIT 1,SELECT Hometown FROM teacher GROUP BY Hometown ORDER BY COUNT(*) DESC LIMIT 1,SELECT Hometown FROM teacher GROUP BY Hometown ORDER BY COUNT(*) DESC LIMIT 1,1.0,Resultados idênticos (ordered=True).
396,course_teach,What is the most commmon hometowns for teachers?,SELECT Hometown FROM teacher GROUP BY Hometown ORDER BY COUNT(*) DESC LIMIT 1,SELECT Hometown FROM teacher GROUP BY Hometown ORDER BY COUNT(*) DESC LIMIT 1,SELECT Hometown FROM teacher GROUP BY Hometown ORDER BY COUNT(*) DESC LIMIT 1,1.0,Resultados idênticos (ordered=True).
397,course_teach,Show the hometowns shared by at least two teachers.,SELECT Hometown FROM teacher GROUP BY Hometown HAVING COUNT(*)  >=  2,SELECT Hometown FROM teacher GROUP BY Hometown HAVING COUNT(*)  >=  2,SELECT Hometown FROM teacher GROUP BY Hometown HAVING COUNT(*)  >=  2,1.0,Resultados idênticos (ordered=False).
398,course_teach,What are the towns from which at least two teachers come from?,SELECT Hometown FROM teacher GROUP BY Hometown HAVING COUNT(*)  >=  2,SELECT Hometown FROM teacher GROUP BY Hometown HAVING COUNT(*)  >=  2,SELECT Hometown FROM teacher GROUP BY Hometown HAVING COUNT(*)  >=  2,1.0,Resultados idênticos (ordered=False).
399,course_teach,Show names of teachers and the courses they are arranged to teach.,"SELECT T3.Name ,  T2.Course FROM course_arrange AS T1 JOIN course AS T2 ON T1.Course_ID  =  T2.Course_ID JOIN teacher AS T3 ON T1.Teacher_ID  =  T3.Teacher_ID","SELECT T2.Name ,  T1.Course FROM course_arrange AS T1 JOIN teacher AS T2 ON T1.Teacher_ID  =  T2.Teacher_ID","SELECT T2.Name ,  T1.Course FROM course_arrange AS T1 JOIN teacher AS T2 ON T1.Teacher_ID  =  T2.Teacher_ID",0.0,Falha ao executar a consulta gerada: no such column: T1.Course
400,course_teach,What is the name of each teacher and what course they teach?,"SELECT T3.Name ,  T2.Course FROM course_arrange AS T1 JOIN course AS T2 ON T1.Course_ID  =  T2.Course_ID JOIN teacher AS T3 ON T1.Teacher_ID  =  T3.Teacher_ID","SELECT T2.Name ,  T1.Course FROM course_arrange AS T1 JOIN teacher AS T2 ON T1.Teacher_ID  =  T2.Teacher_ID","SELECT T2.Name ,  T1.Course FROM course_arrange AS T1 JOIN teacher AS T2 ON T1.Teacher_ID  =  T2.Teacher_ID",0.0,Falha ao executar a consulta gerada: no such column: T1.Course
401,course_teach,Show names of teachers and the courses they are arranged to teach in ascending alphabetical order of the teacher's name.,"SELECT T3.Name ,  T2.Course FROM course_arrange AS T1 JOIN course AS T2 ON T1.Course_ID  =  T2.Course_ID JOIN teacher AS T3 ON T1.Teacher_ID  =  T3.Teacher_ID ORDER BY T3.Name","SELECT T1.Name ,  T2.Course FROM teacher AS T1 JOIN course_arrange AS T2 ON T1.Teacher_ID  =  T2.Teacher_ID ORDER BY T1.Name","SELECT T1.Name ,  T2.Course FROM teacher AS T1 JOIN course_arrange AS T2 ON T1.Teacher_ID  =  T2.Teacher_ID ORDER BY T1.Name",0.0,Falha ao executar a consulta gerada: no such column: T2.Course
402,course_teach,What are the names of the teachers and the courses they teach in ascending alphabetical order by the name of the teacher?,"SELECT T3.Name ,  T2.Course FROM course_arrange AS T1 JOIN course AS T2 ON T1.Course_ID  =  T2.Course_ID JOIN teacher AS T3 ON T1.Teacher_ID  =  T3.Teacher_ID ORDER BY T3.Name","SELECT T2.Name ,  T1.Course FROM course_arrange AS T1 JOIN teacher AS T2 ON T1.Teacher_ID  =  T2.Teacher_ID ORDER BY T2.Name","SELECT T2.Name ,  T1.Course FROM course_arrange AS T1 JOIN teacher AS T2 ON T1.Teacher_ID  =  T2.Teacher_ID ORDER BY T2.Name",0.0,Falha ao executar a consulta gerada: no such column: T1.Course
403,course_teach,Show the name of the teacher for the math course.,"SELECT T3.Name FROM course_arrange AS T1 JOIN course AS T2 ON T1.Course_ID  =  T2.Course_ID JOIN teacher AS T3 ON T1.Teacher_ID  =  T3.Teacher_ID WHERE T2.Course  =  ""Math""",SELECT T2.Name FROM course AS T1 JOIN course_arrange AS T3 ON T1.Course_ID  =  T3.Course_ID JOIN teacher AS T2 ON T3.Teacher_ID  =  T2.Teacher_ID WHERE T1.course  =  'Math',SELECT T2.Name FROM course AS T1 JOIN course_arrange AS T3 ON T1.Course_ID  =  T3.Course_ID JOIN teacher AS T2 ON T3.Teacher_ID  =  T2.Teacher_ID WHERE T1.course  =  'Math',1.0,Resultados idênticos (ordered=False).
404,course_teach,What are the names of the people who teach math courses?,"SELECT T3.Name FROM course_arrange AS T1 JOIN course AS T2 ON T1.Course_ID  =  T2.Course_ID JOIN teacher AS T3 ON T1.Teacher_ID  =  T3.Teacher_ID WHERE T2.Course  =  ""Math""",SELECT T2.Name FROM course AS T1 JOIN course_arrange AS T3 ON T1.Course_ID  =  T3.Course_ID JOIN teacher AS T2 ON T3.Teacher_ID  =  T2.Teacher_ID WHERE T1.course  =  'Math',SELECT T2.Name FROM course AS T1 JOIN course_arrange AS T3 ON T1.Course_ID  =  T3.Course_ID JOIN teacher AS T2 ON T3.Teacher_ID  =  T2.Teacher_ID WHERE T1.course  =  'Math',1.0,Resultados idênticos (ordered=False).
405,course_teach,Show names of teachers and the number of courses they teach.,"SELECT T2.Name ,  COUNT(*) FROM course_arrange AS T1 JOIN teacher AS T2 ON T1.Teacher_ID  =  T2.Teacher_ID GROUP BY T2.Name","SELECT T2.Name ,  COUNT(*) FROM course_arrange AS T1 JOIN teacher AS T2 ON T1.Teacher_ID  =  T2.Teacher_ID GROUP BY T1.Teacher_ID","SELECT T2.Name ,  COUNT(*) FROM course_arrange AS T1 JOIN teacher AS T2 ON T1.Teacher_ID  =  T2.Teacher_ID GROUP BY T1.Teacher_ID",1.0,Resultados idênticos (ordered=False).
406,course_teach,What are the names of the teachers and how many courses do they teach?,"SELECT T2.Name ,  COUNT(*) FROM course_arrange AS T1 JOIN teacher AS T2 ON T1.Teacher_ID  =  T2.Teacher_ID GROUP BY T2.Name","SELECT T2.Name ,  COUNT(*) FROM course_arrange AS T1 JOIN teacher AS T2 ON T1.Teacher_ID  =  T2.Teacher_ID GROUP BY T1.Teacher_ID","SELECT T2.Name ,  COUNT(*) FROM course_arrange AS T1 JOIN teacher AS T2 ON T1.Teacher_ID  =  T2.Teacher_ID GROUP BY T1.Teacher_ID",1.0,Resultados idênticos (ordered=False).
407,course_teach,Show names of teachers that teach at least two courses.,SELECT T2.Name FROM course_arrange AS T1 JOIN teacher AS T2 ON T1.Teacher_ID  =  T2.Teacher_ID GROUP BY T2.Name HAVING COUNT(*)  >=  2,SELECT T1.Name FROM teacher AS T1 JOIN course_arrange AS T2 ON T1.Teacher_ID  =  T2.Teacher_ID GROUP BY T1.Teacher_ID HAVING COUNT(*)  >=  2,SELECT T1.Name FROM teacher AS T1 JOIN course_arrange AS T2 ON T1.Teacher_ID  =  T2.Teacher_ID GROUP BY T1.Teacher_ID HAVING COUNT(*)  >=  2,1.0,Resultados idênticos (ordered=False).
408,course_teach,What are the names of the teachers who teach at least two courses?,SELECT T2.Name FROM course_arrange AS T1 JOIN teacher AS T2 ON T1.Teacher_ID  =  T2.Teacher_ID GROUP BY T2.Name HAVING COUNT(*)  >=  2,SELECT T2.Name FROM course_arrange AS T1 JOIN teacher AS T2 ON T1.Teacher_ID  =  T2.Teacher_ID GROUP BY T1.Teacher_ID HAVING COUNT(*)  >=  2,SELECT T2.Name FROM course_arrange AS T1 JOIN teacher AS T2 ON T1.Teacher_ID  =  T2.Teacher_ID GROUP BY T1.Teacher_ID HAVING COUNT(*)  >=  2,1.0,Resultados idênticos (ordered=False).
409,course_teach,List the names of teachers who have not been arranged to teach courses.,SELECT Name FROM teacher WHERE Teacher_id NOT IN (SELECT Teacher_id FROM course_arrange),SELECT Name FROM teacher WHERE Teacher_ID NOT IN (SELECT Teacher_ID FROM course_arrange),SELECT Name FROM teacher WHERE Teacher_ID NOT IN (SELECT Teacher_ID FROM course_arrange),1.0,Resultados idênticos (ordered=False).
410,course_teach,What are the names of the teachers whose courses have not been arranged?,SELECT Name FROM teacher WHERE Teacher_id NOT IN (SELECT Teacher_id FROM course_arrange),SELECT T1.Name FROM teacher AS T1 JOIN course AS T2 ON T1.Teacher_ID  =  T2.Course_ID EXCEPT SELECT T1.Name FROM teacher AS T1 JOIN course_arrange AS T2 ON T1.Teacher_ID  =  T2.Teacher_ID,SELECT T1.Name FROM teacher AS T1 JOIN course AS T2 ON T1.Teacher_ID  =  T2.Course_ID EXCEPT SELECT T1.Name FROM teacher AS T1 JOIN course_arrange AS T2 ON T1.Teacher_ID  =  T2.Teacher_ID,1.0,Resultados idênticos (ordered=False).
411,museum_visit,How many visitors below age 30 are there?,SELECT count(*) FROM visitor WHERE age  <  30,SELECT count(*) FROM visitor WHERE Age  <  30,SELECT count(*) FROM visitor WHERE Age  <  30,1.0,Resultados idênticos (ordered=False).
412,museum_visit,"Find the names of the visitors whose membership level is higher than 4, and order the results by the level from high to low.",SELECT name FROM visitor WHERE Level_of_membership  >  4 ORDER BY Level_of_membership DESC,SELECT T2.Name FROM visit AS T1 JOIN visitor AS T2 ON T1.visitor_ID  =  T2.ID WHERE T2.Level_of_membership  >  4 ORDER BY T2.Level_of_membership DESC,SELECT T2.Name FROM visit AS T1 JOIN visitor AS T2 ON T1.visitor_ID  =  T2.ID WHERE T2.Level_of_membership  >  4 ORDER BY T2.Level_of_membership DESC,0.0,"Resultados divergentes (ordered=True). gold=3 linhas, pred=2 linhas."
413,museum_visit,What is the average age of the visitors whose membership level is not higher than 4?,SELECT avg(age) FROM visitor WHERE Level_of_membership  <=  4,SELECT avg(T2.Age) FROM visit AS T1 JOIN visitor AS T2 ON T1.visitor_ID  =  T2.ID WHERE T2.Level_of_membership  <  4,SELECT avg(T2.Age) FROM visit AS T1 JOIN visitor AS T2 ON T1.visitor_ID  =  T2.ID WHERE T2.Level_of_membership  <  4,0.0,"Resultados divergentes (ordered=False). gold=1 linhas, pred=1 linhas."
414,museum_visit,"Find the name and membership level of the visitors whose membership level is higher than 4, and sort by their age from old to young.","SELECT name ,  Level_of_membership FROM visitor WHERE Level_of_membership  >  4 ORDER BY age DESC","SELECT T2.Name ,  T1.Level_of_membership FROM visit AS T1 JOIN visitor AS T2 ON T1.visitor_ID  =  T2.ID WHERE T1.Level_of_membership  >  4 ORDER BY T2.Age","SELECT T2.Name ,  T1.Level_of_membership FROM visit AS T1 JOIN visitor AS T2 ON T1.visitor_ID  =  T2.ID WHERE T1.Level_of_membership  >  4 ORDER BY T2.Age",0.0,Falha ao executar a consulta gerada: no such column: T1.Level_of_membership
415,museum_visit,Find the id and name of the museum that has the most staff members?,"SELECT museum_id ,  name FROM museum ORDER BY num_of_staff DESC LIMIT 1","SELECT museum_id ,  name FROM museum ORDER BY num_of_staff DESC LIMIT 1","SELECT museum_id ,  name FROM museum ORDER BY num_of_staff DESC LIMIT 1",1.0,Resultados idênticos (ordered=True).
416,museum_visit,Find the average number of staff working for the museums that were open before 2009.,SELECT avg(num_of_staff) FROM museum WHERE open_year  <  2009,SELECT avg(num_of_staff) FROM museum WHERE open_year  <  2009,SELECT avg(num_of_staff) FROM museum WHERE open_year  <  2009,1.0,Resultados idênticos (ordered=False).
417,museum_visit,What are the opening year and staff number of the museum named Plaza Museum?,"SELECT Num_of_Staff ,  Open_Year FROM museum WHERE name  =  'Plaza Museum'","SELECT open_year ,  num_of_staff FROM museum WHERE name  =  'Plaza Museum'","SELECT open_year ,  num_of_staff FROM museum WHERE name  =  'Plaza Museum'",0.0,"Resultados divergentes (ordered=False). gold=1 linhas, pred=1 linhas."
418,museum_visit,find the names of museums which have more staff than the minimum staff number of all museums opened after 2010.,SELECT name FROM museum WHERE num_of_staff  >  (SELECT min(num_of_staff) FROM museum WHERE open_year  >  2010),SELECT name FROM museum WHERE num_of_staff  >  (SELECT min(num_of_staff) FROM museum WHERE open_year  >  2010),SELECT name FROM museum WHERE num_of_staff  >  (SELECT min(num_of_staff) FROM museum WHERE open_year  >  2010),1.0,Resultados idênticos (ordered=False).
419,museum_visit,"find the id, name and age for visitors who visited some museums more than once.","SELECT t1.id ,  t1.name ,  t1.age FROM visitor AS t1 JOIN visit AS t2 ON t1.id  =  t2.visitor_id GROUP BY t1.id HAVING count(*)  >  1","SELECT T1.id ,  T1.name ,  T1.age FROM visitor AS T1 JOIN visit AS T2 ON T1.id  =  T2.visitor_id GROUP BY T1.id HAVING count(*)  >  1","SELECT T1.id ,  T1.name ,  T1.age FROM visitor AS T1 JOIN visit AS T2 ON T1.id  =  T2.visitor_id GROUP BY T1.id HAVING count(*)  >  1",1.0,Resultados idênticos (ordered=False).
420,museum_visit,"What are the id, name and membership level of visitors who have spent the largest amount of money in total in all museum tickets?","SELECT t2.visitor_id ,  t1.name ,  t1.Level_of_membership FROM visitor AS t1 JOIN visit AS t2 ON t1.id  =  t2.visitor_id GROUP BY t2.visitor_id ORDER BY sum(t2.Total_spent) DESC LIMIT 1","SELECT T1.ID ,  T2.Name ,  T1.Level_of_membership FROM visit AS T1 JOIN visitor AS T2 ON T1.visitor_ID  =  T2.ID GROUP BY T1.visitor_ID ORDER BY sum(T1.Total_spent) DESC LIMIT 1","SELECT T1.ID ,  T2.Name ,  T1.Level_of_membership FROM visit AS T1 JOIN visitor AS T2 ON T1.visitor_ID  =  T2.ID GROUP BY T1.visitor_ID ORDER BY sum(T1.Total_spent) DESC LIMIT 1",0.0,Falha ao executar a consulta gerada: no such column: T1.ID
421,museum_visit,What are the id and name of the museum visited most times?,"SELECT t2.Museum_ID ,  t1.name FROM museum AS t1 JOIN visit AS t2 ON t1.Museum_ID  =  t2.Museum_ID GROUP BY t2.Museum_ID ORDER BY count(*) DESC LIMIT 1","SELECT T1.Museum_ID ,  T1.Name FROM museum AS T1 JOIN visit AS T2 ON T1.Museum_ID  =  T2.Museum_ID GROUP BY T1.Museum_ID ORDER BY SUM(T2.Num_of_Ticket) DESC LIMIT 1","SELECT T1.Museum_ID ,  T1.Name FROM museum AS T1 JOIN visit AS T2 ON T1.Museum_ID  =  T2.Museum_ID GROUP BY T1.Museum_ID ORDER BY SUM(T2.Num_of_Ticket) DESC LIMIT 1",1.0,Resultados idênticos (ordered=True).
422,museum_visit,What is the name of the museum that had no visitor yet?,SELECT name FROM museum WHERE Museum_ID NOT IN (SELECT museum_id FROM visit),SELECT Name FROM museum WHERE Museum_ID NOT IN (SELECT Museum_ID FROM visit),SELECT Name FROM museum WHERE Museum_ID NOT IN (SELECT Museum_ID FROM visit),1.0,Resultados idênticos (ordered=False).
423,museum_visit,Find the name and age of the visitor who bought the most tickets at once.,"SELECT t1.name ,  t1.age FROM visitor AS t1 JOIN visit AS t2 ON t1.id  =  t2.visitor_id ORDER BY t2.num_of_ticket DESC LIMIT 1","SELECT T2.Name ,  T2.Age FROM visit AS T1 JOIN visitor AS T2 ON T1.visitor_ID  =  T2.ID GROUP BY T1.visitor_ID ORDER BY sum(T1.Num_of_Ticket) DESC LIMIT 1","SELECT T2.Name ,  T2.Age FROM visit AS T1 JOIN visitor AS T2 ON T1.visitor_ID  =  T2.ID GROUP BY T1.visitor_ID ORDER BY sum(T1.Num_of_Ticket) DESC LIMIT 1",1.0,Resultados idênticos (ordered=True).
424,museum_visit,What are the average and maximum number of tickets bought in all visits?,"SELECT avg(num_of_ticket) ,  max(num_of_ticket) FROM visit","SELECT avg(Num_of_Ticket) ,  max(Num_of_Ticket) FROM visit","SELECT avg(Num_of_Ticket) ,  max(Num_of_Ticket) FROM visit",1.0,Resultados idênticos (ordered=False).
425,museum_visit,What is the total ticket expense of the visitors whose membership level is 1?,SELECT sum(t2.Total_spent) FROM visitor AS t1 JOIN visit AS t2 ON t1.id  =  t2.visitor_id WHERE t1.Level_of_membership  =  1,SELECT sum(T2.Num_of_Ticket) FROM visit AS T2 JOIN visitor AS T1 ON T2.visitor_ID  =  T1.ID WHERE T1.Level_of_membership  =  1,SELECT sum(T2.Num_of_Ticket) FROM visit AS T2 JOIN visitor AS T1 ON T2.visitor_ID  =  T1.ID WHERE T1.Level_of_membership  =  1,0.0,"Resultados divergentes (ordered=False). gold=1 linhas, pred=1 linhas."
426,museum_visit,What is the name of the visitor who visited both a museum opened before 2009 and a museum opened after 2011?,SELECT t1.name FROM visitor AS t1 JOIN visit AS t2 ON t1.id  =  t2.visitor_id JOIN museum AS t3 ON t3.Museum_ID  =  t2.Museum_ID WHERE t3.open_year  <  2009 INTERSECT SELECT t1.name FROM visitor AS t1 JOIN visit AS t2 ON t1.id  =  t2.visitor_id JOIN museum AS t3 ON t3.Museum_ID  =  t2.Museum_ID WHERE t3.open_year  >  2011,SELECT T3.name FROM visit AS T1 JOIN museum AS T2 ON T1.museum_id  =  T2.museum_id JOIN visitor AS T3 ON T1.visitor_id  =  T3.id WHERE T2.open_year  <  2009 INTERSECT SELECT T3.name FROM visit AS T1 JOIN museum AS T2 ON T1.museum_id  =  T2.museum_id JOIN visitor AS T3 ON T1.visitor_id  =  T3.id WHERE T2.open_year  >  2011,SELECT T3.name FROM visit AS T1 JOIN museum AS T2 ON T1.museum_id  =  T2.museum_id JOIN visitor AS T3 ON T1.visitor_id  =  T3.id WHERE T2.open_year  <  2009 INTERSECT SELECT T3.name FROM visit AS T1 JOIN museum AS T2 ON T1.museum_id  =  T2.museum_id JOIN visitor AS T3 ON T1.visitor_id  =  T3.id WHERE T2.open_year  >  2011,1.0,Resultados idênticos (ordered=False).
427,museum_visit,Find the number of visitors who did not visit any museum opened after 2010.,SELECT count(*) FROM visitor WHERE id NOT IN (SELECT t2.visitor_id FROM museum AS t1 JOIN visit AS t2 ON t1.Museum_ID  =  t2.Museum_ID WHERE t1.open_year  >  2010),SELECT count(*) FROM visitor WHERE ID NOT IN (SELECT visitor_ID FROM visit WHERE museum_id IN (SELECT museum_id FROM museum WHERE open_year  >  2010)),SELECT count(*) FROM visitor WHERE ID NOT IN (SELECT visitor_ID FROM visit WHERE museum_id IN (SELECT museum_id FROM museum WHERE open_year  >  2010)),1.0,Resultados idênticos (ordered=False).
428,museum_visit,How many museums were opened after 2013 or before 2008?,SELECT count(*) FROM museum WHERE open_year  >  2013 OR open_year  <  2008,SELECT count(*) FROM museum WHERE open_year  >  2013 OR open_year  <  2008,SELECT count(*) FROM museum WHERE open_year  >  2013 OR open_year  <  2008,1.0,Resultados idênticos (ordered=False).
429,wta_1,Find the total number of players.,SELECT count(*) FROM players,SELECT count(*) FROM players,SELECT count(*) FROM players,1.0,Resultados idênticos (ordered=False).
430,wta_1,How many players are there?,SELECT count(*) FROM players,SELECT count(*) FROM players,SELECT count(*) FROM players,1.0,Resultados idênticos (ordered=False).
431,wta_1,Find the total number of matches.,SELECT count(*) FROM matches,SELECT count(*) FROM matches,SELECT count(*) FROM matches,1.0,Resultados idênticos (ordered=False).
432,wta_1,Count the number of matches.,SELECT count(*) FROM matches,SELECT count(*) FROM matches,SELECT count(*) FROM matches,1.0,Resultados idênticos (ordered=False).
433,wta_1,List the first name and birth date of all players from the country with code USA.,"SELECT first_name ,  birth_date FROM players WHERE country_code  =  'USA'","SELECT first_name ,  birth_date FROM players WHERE country_code  =  'USA'","SELECT first_name ,  birth_date FROM players WHERE country_code  =  'USA'",1.0,Resultados idênticos (ordered=False).
434,wta_1,What are the first names and birth dates of players from the USA?,"SELECT first_name ,  birth_date FROM players WHERE country_code  =  'USA'","SELECT first_name ,  birth_date FROM players WHERE country_code  =  'USA'","SELECT first_name ,  birth_date FROM players WHERE country_code  =  'USA'",1.0,Resultados idênticos (ordered=False).
435,wta_1,Find the average age of losers and winners of all matches.,"SELECT avg(loser_age) ,  avg(winner_age) FROM matches","SELECT avg(loser_age) ,  avg(winner_age) FROM matches","SELECT avg(loser_age) ,  avg(winner_age) FROM matches",1.0,Resultados idênticos (ordered=False).
436,wta_1,What are the average ages of losers and winners across matches?,"SELECT avg(loser_age) ,  avg(winner_age) FROM matches","SELECT avg(loser_age) ,  avg(winner_age) FROM matches","SELECT avg(loser_age) ,  avg(winner_age) FROM matches",1.0,Resultados idênticos (ordered=False).
437,wta_1,Find the average rank of winners in all matches.,SELECT avg(winner_rank) FROM matches,SELECT avg(winner_rank) FROM matches,SELECT avg(winner_rank) FROM matches,1.0,Resultados idênticos (ordered=False).
438,wta_1,What is the average rank for winners in all matches?,SELECT avg(winner_rank) FROM matches,SELECT avg(winner_rank) FROM matches,SELECT avg(winner_rank) FROM matches,1.0,Resultados idênticos (ordered=False).
439,wta_1,Find the highest rank of losers in all matches.,SELECT min(loser_rank) FROM matches,SELECT max(loser_rank) FROM matches,SELECT max(loser_rank) FROM matches,0.0,"Resultados divergentes (ordered=False). gold=1 linhas, pred=1 linhas."
440,wta_1,What is the best rank of losers across all matches?,SELECT min(loser_rank) FROM matches,SELECT max(loser_rank) FROM matches,SELECT max(loser_rank) FROM matches,0.0,"Resultados divergentes (ordered=False). gold=1 linhas, pred=1 linhas."
441,wta_1,find the number of distinct country codes of all players.,SELECT count(DISTINCT country_code) FROM players,SELECT count(DISTINCT country_code) FROM players,SELECT count(DISTINCT country_code) FROM players,1.0,Resultados idênticos (ordered=False).
442,wta_1,How many distinct countries do players come from?,SELECT count(DISTINCT country_code) FROM players,SELECT count(DISTINCT country_code) FROM players,SELECT count(DISTINCT country_code) FROM players,1.0,Resultados idênticos (ordered=False).
443,wta_1,Find the number of distinct name of losers.,SELECT count(DISTINCT loser_name) FROM matches,SELECT count(DISTINCT loser_name) FROM matches,SELECT count(DISTINCT loser_name) FROM matches,1.0,Resultados idênticos (ordered=False).
444,wta_1,How many different loser names are there?,SELECT count(DISTINCT loser_name) FROM matches,SELECT count(DISTINCT loser_name) FROM matches,SELECT count(DISTINCT loser_name) FROM matches,1.0,Resultados idênticos (ordered=False).
445,wta_1,Find the name of tourney that has more than 10 matches.,SELECT tourney_name FROM matches GROUP BY tourney_name HAVING count(*)  >  10,SELECT tourney_name FROM matches GROUP BY tourney_name HAVING COUNT(*)  >  10,SELECT tourney_name FROM matches GROUP BY tourney_name HAVING COUNT(*)  >  10,1.0,Resultados idênticos (ordered=False).
446,wta_1,What are the names of tournaments that have more than 10 matches?,SELECT tourney_name FROM matches GROUP BY tourney_name HAVING count(*)  >  10,SELECT tourney_name FROM matches GROUP BY tourney_name HAVING COUNT(*)  >  10,SELECT tourney_name FROM matches GROUP BY tourney_name HAVING COUNT(*)  >  10,1.0,Resultados idênticos (ordered=False).
447,wta_1,List the names of all winners who played in both 2013 and 2016.,SELECT winner_name FROM matches WHERE YEAR  =  2013 INTERSECT SELECT winner_name FROM matches WHERE YEAR  =  2016,SELECT winner_name FROM matches WHERE YEAR  =  2013 INTERSECT SELECT winner_name FROM matches WHERE YEAR  =  2016,SELECT winner_name FROM matches WHERE YEAR  =  2013 INTERSECT SELECT winner_name FROM matches WHERE YEAR  =  2016,1.0,Resultados idênticos (ordered=False).
448,wta_1,What are the names of players who won in both 2013 and 2016?,SELECT winner_name FROM matches WHERE YEAR  =  2013 INTERSECT SELECT winner_name FROM matches WHERE YEAR  =  2016,"SELECT T1.first_name ,  T1.last_name FROM players AS T1 JOIN matches AS T2 ON T1.player_id  =  T2.winner_id WHERE T2.tourney_year  =  2013 INTERSECT SELECT T1.first_name ,  T1.last_name FROM players AS T1 JOIN matches AS T2 ON T1.player_id  =  T2.winner_id WHERE T2.tourney_year  =  2016","SELECT T1.first_name ,  T1.last_name FROM players AS T1 JOIN matches AS T2 ON T1.player_id  =  T2.winner_id WHERE T2.tourney_year  =  2013 INTERSECT SELECT T1.first_name ,  T1.last_name FROM players AS T1 JOIN matches AS T2 ON T1.player_id  =  T2.winner_id WHERE T2.tourney_year  =  2016",0.0,Falha ao executar a consulta gerada: no such column: T2.tourney_year
449,wta_1,List the number of all matches who played in years of 2013 or 2016.,SELECT count(*) FROM matches WHERE YEAR  =  2013 OR YEAR  =  2016,SELECT COUNT(*) FROM matches WHERE YEAR  =  2013 OR YEAR  =  2016,SELECT COUNT(*) FROM matches WHERE YEAR  =  2013 OR YEAR  =  2016,1.0,Resultados idênticos (ordered=False).
450,wta_1,How many matches were played in 2013 or 2016?,SELECT count(*) FROM matches WHERE YEAR  =  2013 OR YEAR  =  2016,SELECT count(*) FROM matches WHERE YEAR  =  2013 OR YEAR  =  2016,SELECT count(*) FROM matches WHERE YEAR  =  2013 OR YEAR  =  2016,1.0,Resultados idênticos (ordered=False).
451,wta_1,What are the country code and first name of the players who won in both tourney WTA Championships and Australian Open?,"SELECT T1.country_code ,  T1.first_name FROM players AS T1 JOIN matches AS T2 ON T1.player_id  =  T2.winner_id WHERE T2.tourney_name  =  'WTA Championships' INTERSECT SELECT T1.country_code ,  T1.first_name FROM players AS T1 JOIN matches AS T2 ON T1.player_id  =  T2.winner_id WHERE T2.tourney_name  =  'Australian Open'","SELECT T1.country_code ,  T2.first_name FROM players AS T1 JOIN matches AS T2 ON T1.player_id  =  T2.winner_id WHERE T2.tourney_name  =  ""WTA Championships"" INTERSECT SELECT T1.country_code ,  T2.first_name FROM players AS T1 JOIN matches AS T2 ON T1.player_id  =  T2.winner_id WHERE T2.tourney_name  =  ""Australian Open""","SELECT T1.country_code ,  T2.first_name FROM players AS T1 JOIN matches AS T2 ON T1.player_id  =  T2.winner_id WHERE T2.tourney_name  =  ""WTA Championships"" INTERSECT SELECT T1.country_code ,  T2.first_name FROM players AS T1 JOIN matches AS T2 ON T1.player_id  =  T2.winner_id WHERE T2.tourney_name  =  ""Australian Open""",0.0,Falha ao executar a consulta gerada: no such column: T2.first_name
452,wta_1,What are the first names and country codes for players who won both the WTA Championships and the Australian Open?,"SELECT T1.country_code ,  T1.first_name FROM players AS T1 JOIN matches AS T2 ON T1.player_id  =  T2.winner_id WHERE T2.tourney_name  =  'WTA Championships' INTERSECT SELECT T1.country_code ,  T1.first_name FROM players AS T1 JOIN matches AS T2 ON T1.player_id  =  T2.winner_id WHERE T2.tourney_name  =  'Australian Open'","SELECT T1.first_name ,  T1.country_code FROM players AS T1 JOIN matches AS T2 ON T1.player_id  =  T2.winner_id WHERE T2.tourney_name  =  ""WTA Championships"" INTERSECT SELECT T1.first_name ,  T1.country_code FROM players AS T1 JOIN matches AS T2 ON T1.player_id  =  T2.winner_id WHERE T2.tourney_name  =  ""Australian Open""","SELECT T1.first_name ,  T1.country_code FROM players AS T1 JOIN matches AS T2 ON T1.player_id  =  T2.winner_id WHERE T2.tourney_name  =  ""WTA Championships"" INTERSECT SELECT T1.first_name ,  T1.country_code FROM players AS T1 JOIN matches AS T2 ON T1.player_id  =  T2.winner_id WHERE T2.tourney_name  =  ""Australian Open""",0.0,"Resultados divergentes (ordered=False). gold=2 linhas, pred=2 linhas."
453,wta_1,Find the first name and country code of the oldest player.,"SELECT first_name ,  country_code FROM players ORDER BY birth_date LIMIT 1","SELECT first_name ,  country_code FROM players ORDER BY birth_date ASC LIMIT 1","SELECT first_name ,  country_code FROM players ORDER BY birth_date ASC LIMIT 1",1.0,Resultados idênticos (ordered=True).
454,wta_1,What is the first name and country code of the oldest player?,"SELECT first_name ,  country_code FROM players ORDER BY birth_date LIMIT 1","SELECT T1.first_name ,  T1.country_code FROM players AS T1 JOIN rankings AS T2 ON T1.player_id  =  T2.player_id ORDER BY T1.birth_date LIMIT 1","SELECT T1.first_name ,  T1.country_code FROM players AS T1 JOIN rankings AS T2 ON T1.player_id  =  T2.player_id ORDER BY T1.birth_date LIMIT 1",0.0,"Resultados divergentes (ordered=True). gold=1 linhas, pred=1 linhas."
455,wta_1,List the first and last name of all players in the order of birth date.,"SELECT first_name ,  last_name FROM players ORDER BY birth_date","SELECT first_name ,  last_name FROM players ORDER BY birth_date","SELECT first_name ,  last_name FROM players ORDER BY birth_date",1.0,Resultados idênticos (ordered=True).
456,wta_1,"What are the full names of all players, sorted by birth date?","SELECT first_name ,  last_name FROM players ORDER BY birth_date","SELECT first_name ,  last_name FROM players ORDER BY birth_date","SELECT first_name ,  last_name FROM players ORDER BY birth_date",1.0,Resultados idênticos (ordered=True).
457,wta_1,List the first and last name of all players who are left / L hand in the order of birth date.,"SELECT first_name ,  last_name FROM players WHERE hand  =  'L' ORDER BY birth_date","SELECT first_name ,  last_name FROM players WHERE hand  =  'L' ORDER BY birth_date","SELECT first_name ,  last_name FROM players WHERE hand  =  'L' ORDER BY birth_date",1.0,Resultados idênticos (ordered=True).
458,wta_1,"What are the full names of all left handed players, in order of birth date?","SELECT first_name ,  last_name FROM players WHERE hand  =  'L' ORDER BY birth_date","SELECT first_name ,  last_name FROM players WHERE hand  =  'L' ORDER BY birth_date","SELECT first_name ,  last_name FROM players WHERE hand  =  'L' ORDER BY birth_date",1.0,Resultados idênticos (ordered=True).
459,wta_1,Find the first name and country code of the player who did the most number of tours.,"SELECT T1.country_code ,  T1.first_name FROM players AS T1 JOIN rankings AS T2 ON T1.player_id  =  T2.player_id ORDER BY T2.tours DESC LIMIT 1","SELECT T1.first_name ,  T1.country_code FROM players AS T1 JOIN rankings AS T2 ON T1.player_id  =  T2.player_id GROUP BY T1.player_id ORDER BY COUNT(*) DESC LIMIT 1","SELECT T1.first_name ,  T1.country_code FROM players AS T1 JOIN rankings AS T2 ON T1.player_id  =  T2.player_id GROUP BY T1.player_id ORDER BY COUNT(*) DESC LIMIT 1",0.0,"Resultados divergentes (ordered=True). gold=1 linhas, pred=1 linhas."
460,wta_1,What is the first name and country code of the player with the most tours?,"SELECT T1.country_code ,  T1.first_name FROM players AS T1 JOIN rankings AS T2 ON T1.player_id  =  T2.player_id ORDER BY T2.tours DESC LIMIT 1","SELECT T1.first_name ,  T1.country_code FROM players AS T1 JOIN rankings AS T2 ON T1.player_id  =  T2.player_id GROUP BY T1.player_id ORDER BY COUNT(*) DESC LIMIT 1","SELECT T1.first_name ,  T1.country_code FROM players AS T1 JOIN rankings AS T2 ON T1.player_id  =  T2.player_id GROUP BY T1.player_id ORDER BY COUNT(*) DESC LIMIT 1",0.0,"Resultados divergentes (ordered=True). gold=1 linhas, pred=1 linhas."
461,wta_1,Find the year that has the most number of matches.,SELECT YEAR FROM matches GROUP BY YEAR ORDER BY count(*) DESC LIMIT 1,SELECT YEAR FROM matches GROUP BY YEAR ORDER BY COUNT(*) DESC LIMIT 1,SELECT YEAR FROM matches GROUP BY YEAR ORDER BY COUNT(*) DESC LIMIT 1,1.0,Resultados idênticos (ordered=True).
462,wta_1,Which year had the most matches?,SELECT YEAR FROM matches GROUP BY YEAR ORDER BY count(*) DESC LIMIT 1,SELECT YEAR FROM matches GROUP BY YEAR ORDER BY COUNT(*) DESC LIMIT 1,SELECT YEAR FROM matches GROUP BY YEAR ORDER BY COUNT(*) DESC LIMIT 1,1.0,Resultados idênticos (ordered=True).
463,wta_1,Find the name and rank points of the winner who won the most times.,"SELECT winner_name ,  winner_rank_points FROM matches GROUP BY winner_name ORDER BY count(*) DESC LIMIT 1","SELECT T1.first_name ,  T1.last_name ,  T2.ranking_points FROM players AS T1 JOIN rankings AS T2 ON T1.player_id  =  T2.player_id WHERE T1.player_id IN ( SELECT winner_id FROM matches GROUP BY winner_id ORDER BY COUNT(*) DESC LIMIT 1 )","SELECT T1.first_name ,  T1.last_name ,  T2.ranking_points FROM players AS T1 JOIN rankings AS T2 ON T1.player_id  =  T2.player_id WHERE T1.player_id IN ( SELECT winner_id FROM matches GROUP BY winner_id ORDER BY COUNT(*) DESC LIMIT 1 )",0.0,"Resultados divergentes (ordered=True). gold=1 linhas, pred=635 linhas."
464,wta_1,"What is the name of the winner who has won the most matches, and how many rank points does this player have?","SELECT winner_name ,  winner_rank_points FROM matches GROUP BY winner_name ORDER BY count(*) DESC LIMIT 1","SELECT T1.first_name ,  T1.last_name ,  T2.ranking FROM players AS T1 JOIN rankings AS T2 ON T1.player_id  =  T2.player_id WHERE T1.player_id IN ( SELECT winner_id FROM matches GROUP BY winner_id ORDER BY COUNT(*) DESC LIMIT 1 )","SELECT T1.first_name ,  T1.last_name ,  T2.ranking FROM players AS T1 JOIN rankings AS T2 ON T1.player_id  =  T2.player_id WHERE T1.player_id IN ( SELECT winner_id FROM matches GROUP BY winner_id ORDER BY COUNT(*) DESC LIMIT 1 )",0.0,"Resultados divergentes (ordered=True). gold=1 linhas, pred=635 linhas."
465,wta_1,Find the name of the winner who has the highest rank points and participated in the Australian Open tourney.,SELECT winner_name FROM matches WHERE tourney_name  =  'Australian Open' ORDER BY winner_rank_points DESC LIMIT 1,"SELECT T1.first_name ,  T1.last_name FROM players AS T1 JOIN matches AS T2 ON T1.player_id  =  T2.winner_id WHERE T2.tourney_name  =  ""Australian Open"" ORDER BY T2.winner_rank_points DESC LIMIT 1","SELECT T1.first_name ,  T1.last_name FROM players AS T1 JOIN matches AS T2 ON T1.player_id  =  T2.winner_id WHERE T2.tourney_name  =  ""Australian Open"" ORDER BY T2.winner_rank_points DESC LIMIT 1",0.0,"Resultados divergentes (ordered=True). gold=1 linhas, pred=1 linhas."
466,wta_1,What is the name of the winner with the most rank points who participated in the Australian Open tournament?,SELECT winner_name FROM matches WHERE tourney_name  =  'Australian Open' ORDER BY winner_rank_points DESC LIMIT 1,"SELECT T1.first_name ,  T1.last_name FROM players AS T1 JOIN matches AS T2 ON T1.player_id  =  T2.winner_id WHERE T2.tourney_name  =  ""Australian Open"" ORDER BY T2.ranking_points DESC LIMIT 1","SELECT T1.first_name ,  T1.last_name FROM players AS T1 JOIN matches AS T2 ON T1.player_id  =  T2.winner_id WHERE T2.tourney_name  =  ""Australian Open"" ORDER BY T2.ranking_points DESC LIMIT 1",0.0,Falha ao executar a consulta gerada: no such column: T2.ranking_points
467,wta_1,find the names of loser and winner who played in the match with greatest number of minutes.,"SELECT winner_name ,  loser_name FROM matches ORDER BY minutes DESC LIMIT 1","SELECT T1.first_name ,  T1.last_name ,  T2.first_name ,  T2.last_name FROM players AS T1 JOIN players AS T2 ON T1.player_id  =  T2.player_id JOIN matches AS T3 ON T1.player_id  =  T3.loser_id OR T1.player_id  =  T3.winner_id WHERE T3.minutes  =  ( SELECT MAX(minutes) FROM matches )","SELECT T1.first_name ,  T1.last_name ,  T2.first_name ,  T2.last_name FROM players AS T1 JOIN players AS T2 ON T1.player_id  =  T2.player_id JOIN matches AS T3 ON T1.player_id  =  T3.loser_id OR T1.player_id  =  T3.winner_id WHERE T3.minutes  =  ( SELECT MAX(minutes) FROM matches )",0.0,"Resultados divergentes (ordered=True). gold=1 linhas, pred=2 linhas."
468,wta_1,What are the names of the winner and loser who played in the longest match?,"SELECT winner_name ,  loser_name FROM matches ORDER BY minutes DESC LIMIT 1","SELECT T1.first_name ,  T1.last_name ,  T2.first_name ,  T2.last_name FROM players AS T1 JOIN players AS T2 ON T1.player_id  =  T2.player_id JOIN matches AS T3 ON T1.player_id  =  T3.winner_id OR T1.player_id  =  T3.loser_id WHERE T3.minutes  =  ( SELECT max(minutes) FROM matches )","SELECT T1.first_name ,  T1.last_name ,  T2.first_name ,  T2.last_name FROM players AS T1 JOIN players AS T2 ON T1.player_id  =  T2.player_id JOIN matches AS T3 ON T1.player_id  =  T3.winner_id OR T1.player_id  =  T3.loser_id WHERE T3.minutes  =  ( SELECT max(minutes) FROM matches )",0.0,"Resultados divergentes (ordered=True). gold=1 linhas, pred=2 linhas."
469,wta_1,Find the average ranking for each player and their first name.,"SELECT avg(ranking) ,  T1.first_name FROM players AS T1 JOIN rankings AS T2 ON T1.player_id  =  T2.player_id GROUP BY T1.first_name","SELECT avg(ranking) ,  first_name FROM rankings AS T1 JOIN players AS T2 ON T1.player_id  =  T2.player_id GROUP BY T1.player_id","SELECT avg(ranking) ,  first_name FROM rankings AS T1 JOIN players AS T2 ON T1.player_id  =  T2.player_id GROUP BY T1.player_id",0.0,"Resultados divergentes (ordered=False). gold=1580 linhas, pred=2775 linhas."
470,wta_1,"What are the first names of all players, and their average rankings?","SELECT avg(ranking) ,  T1.first_name FROM players AS T1 JOIN rankings AS T2 ON T1.player_id  =  T2.player_id GROUP BY T1.first_name","SELECT T1.first_name ,  avg(T2.ranking) FROM players AS T1 JOIN rankings AS T2 ON T1.player_id  =  T2.player_id GROUP BY T1.player_id","SELECT T1.first_name ,  avg(T2.ranking) FROM players AS T1 JOIN rankings AS T2 ON T1.player_id  =  T2.player_id GROUP BY T1.player_id",0.0,"Resultados divergentes (ordered=False). gold=1580 linhas, pred=2775 linhas."
471,wta_1,Find the total ranking points for each player and their first name.,"SELECT sum(ranking_points) ,  T1.first_name FROM players AS T1 JOIN rankings AS T2 ON T1.player_id  =  T2.player_id GROUP BY T1.first_name","SELECT sum(ranking_points) ,  first_name FROM rankings AS T1 JOIN players AS T2 ON T1.player_id  =  T2.player_id GROUP BY T1.player_id","SELECT sum(ranking_points) ,  first_name FROM rankings AS T1 JOIN players AS T2 ON T1.player_id  =  T2.player_id GROUP BY T1.player_id",0.0,"Resultados divergentes (ordered=False). gold=1580 linhas, pred=2775 linhas."
472,wta_1,"What are the first names of all players, and their total ranking points?","SELECT sum(ranking_points) ,  T1.first_name FROM players AS T1 JOIN rankings AS T2 ON T1.player_id  =  T2.player_id GROUP BY T1.first_name","SELECT T1.first_name ,  sum(T2.ranking_points) FROM players AS T1 JOIN rankings AS T2 ON T1.player_id  =  T2.player_id GROUP BY T1.player_id","SELECT T1.first_name ,  sum(T2.ranking_points) FROM players AS T1 JOIN rankings AS T2 ON T1.player_id  =  T2.player_id GROUP BY T1.player_id",0.0,"Resultados divergentes (ordered=False). gold=1580 linhas, pred=2775 linhas."
473,wta_1,find the number of players for each country.,"SELECT count(*) ,  country_code FROM players GROUP BY country_code","SELECT country_code ,  COUNT(*) FROM players GROUP BY country_code","SELECT country_code ,  COUNT(*) FROM players GROUP BY country_code",0.0,"Resultados divergentes (ordered=False). gold=153 linhas, pred=153 linhas."
474,wta_1,How many players are from each country?,"SELECT count(*) ,  country_code FROM players GROUP BY country_code","SELECT country_code ,  COUNT(*) FROM players GROUP BY country_code","SELECT country_code ,  COUNT(*) FROM players GROUP BY country_code",0.0,"Resultados divergentes (ordered=False). gold=153 linhas, pred=153 linhas."
475,wta_1,find the code of the country where has the greatest number of players.,SELECT country_code FROM players GROUP BY country_code ORDER BY count(*) DESC LIMIT 1,SELECT country_code FROM players GROUP BY country_code ORDER BY COUNT(*) DESC LIMIT 1,SELECT country_code FROM players GROUP BY country_code ORDER BY COUNT(*) DESC LIMIT 1,1.0,Resultados idênticos (ordered=True).
476,wta_1,What is the code of the country with the most players?,SELECT country_code FROM players GROUP BY country_code ORDER BY count(*) DESC LIMIT 1,SELECT country_code FROM players GROUP BY country_code ORDER BY COUNT(*) DESC LIMIT 1,SELECT country_code FROM players GROUP BY country_code ORDER BY COUNT(*) DESC LIMIT 1,1.0,Resultados idênticos (ordered=True).
477,wta_1,Find the codes of countries that have more than 50 players.,SELECT country_code FROM players GROUP BY country_code HAVING count(*)  >  50,SELECT country_code FROM players GROUP BY country_code HAVING COUNT(*)  >  50,SELECT country_code FROM players GROUP BY country_code HAVING COUNT(*)  >  50,1.0,Resultados idênticos (ordered=False).
478,wta_1,What are the codes of countries with more than 50 players?,SELECT country_code FROM players GROUP BY country_code HAVING count(*)  >  50,SELECT country_code FROM players GROUP BY country_code HAVING COUNT(*)  >  50,SELECT country_code FROM players GROUP BY country_code HAVING COUNT(*)  >  50,1.0,Resultados idênticos (ordered=False).
479,wta_1,Find the total number of tours for each ranking date.,"SELECT sum(tours) ,  ranking_date FROM rankings GROUP BY ranking_date","SELECT ranking_date ,  COUNT(*) FROM rankings GROUP BY ranking_date","SELECT ranking_date ,  COUNT(*) FROM rankings GROUP BY ranking_date",0.0,"Resultados divergentes (ordered=False). gold=1504 linhas, pred=1504 linhas."
480,wta_1,How many total tours were there for each ranking date?,"SELECT sum(tours) ,  ranking_date FROM rankings GROUP BY ranking_date","SELECT COUNT (t1.tour) ,  t2.ranking_date FROM players AS t1 JOIN rankings AS t2 ON t1.player_id  =  t2.player_id GROUP BY t2.ranking_date","SELECT COUNT (t1.tour) ,  t2.ranking_date FROM players AS t1 JOIN rankings AS t2 ON t1.player_id  =  t2.player_id GROUP BY t2.ranking_date",0.0,Falha ao executar a consulta gerada: no such column: t1.tour
481,wta_1,Find the number of matches happened in each year.,"SELECT count(*) ,  YEAR FROM matches GROUP BY YEAR","SELECT YEAR ,  COUNT(*) FROM matches GROUP BY YEAR","SELECT YEAR ,  COUNT(*) FROM matches GROUP BY YEAR",0.0,"Resultados divergentes (ordered=False). gold=3 linhas, pred=3 linhas."
482,wta_1,How many matches were played in each year?,"SELECT count(*) ,  YEAR FROM matches GROUP BY YEAR","SELECT YEAR ,  COUNT(*) FROM matches GROUP BY YEAR","SELECT YEAR ,  COUNT(*) FROM matches GROUP BY YEAR",0.0,"Resultados divergentes (ordered=False). gold=3 linhas, pred=3 linhas."
483,wta_1,Find the name and rank of the 3 youngest winners across all matches.,"SELECT DISTINCT winner_name ,  winner_rank FROM matches ORDER BY winner_age LIMIT 3","SELECT T1.first_name ,  T1.last_name ,  T2.winner_rank FROM players AS T1 JOIN matches AS T2 ON T1.player_id  =  T2.winner_id ORDER BY T2.winner_age LIMIT 3","SELECT T1.first_name ,  T1.last_name ,  T2.winner_rank FROM players AS T1 JOIN matches AS T2 ON T1.player_id  =  T2.winner_id ORDER BY T2.winner_age LIMIT 3",0.0,"Resultados divergentes (ordered=True). gold=3 linhas, pred=3 linhas."
484,wta_1,What are the names and ranks of the three youngest winners across all matches?,"SELECT DISTINCT winner_name ,  winner_rank FROM matches ORDER BY winner_age LIMIT 3","SELECT T1.first_name ,  T1.last_name ,  T2.winner_rank FROM players AS T1 JOIN matches AS T2 ON T1.player_id  =  T2.winner_id ORDER BY T2.winner_age LIMIT 3","SELECT T1.first_name ,  T1.last_name ,  T2.winner_rank FROM players AS T1 JOIN matches AS T2 ON T1.player_id  =  T2.winner_id ORDER BY T2.winner_age LIMIT 3",0.0,"Resultados divergentes (ordered=True). gold=3 linhas, pred=3 linhas."
485,wta_1,How many different winners both participated in the WTA Championships and were left handed?,SELECT count(DISTINCT winner_name) FROM matches WHERE tourney_name  =  'WTA Championships' AND winner_hand  =  'L',"SELECT COUNT (DISTINCT T1.first_name) FROM players AS T1 JOIN matches AS T2 ON T1.player_id  =  T2.winner_id WHERE T2.tourney_name  =  ""WTA Championships"" AND T1.hand  =  ""L""","SELECT COUNT (DISTINCT T1.first_name) FROM players AS T1 JOIN matches AS T2 ON T1.player_id  =  T2.winner_id WHERE T2.tourney_name  =  ""WTA Championships"" AND T1.hand  =  ""L""",1.0,Resultados idênticos (ordered=False).
486,wta_1,Find the number of left handed winners who participated in the WTA Championships.,SELECT count(DISTINCT winner_name) FROM matches WHERE tourney_name  =  'WTA Championships' AND winner_hand  =  'L',"SELECT COUNT (DISTINCT winner_name) FROM players AS T1 JOIN matches AS T2 ON T1.player_id  =  T2.winner_id WHERE T1.hand  =  ""L"" AND T2.tourney_name  =  ""WTA Championships""","SELECT COUNT (DISTINCT winner_name) FROM players AS T1 JOIN matches AS T2 ON T1.player_id  =  T2.winner_id WHERE T1.hand  =  ""L"" AND T2.tourney_name  =  ""WTA Championships""",1.0,Resultados idênticos (ordered=False).
487,wta_1,"Find the first name, country code and birth date of the winner who has the highest rank points in all matches.","SELECT T1.first_name ,  T1.country_code ,  T1.birth_date FROM players AS T1 JOIN matches AS T2 ON T1.player_id  =  T2.winner_id ORDER BY T2.winner_rank_points DESC LIMIT 1","SELECT T1.first_name ,  T1.country_code ,  T1.birth_date FROM players AS T1 JOIN matches AS T2 ON T1.player_id  =  T2.winner_id JOIN rankings AS T3 ON T1.player_id  =  T3.player_id WHERE T3.ranking_points  =  ( SELECT max(ranking_points) FROM rankings )","SELECT T1.first_name ,  T1.country_code ,  T1.birth_date FROM players AS T1 JOIN matches AS T2 ON T1.player_id  =  T2.winner_id JOIN rankings AS T3 ON T1.player_id  =  T3.player_id WHERE T3.ranking_points  =  ( SELECT max(ranking_points) FROM rankings )",0.0,"Resultados divergentes (ordered=True). gold=1 linhas, pred=45 linhas."
488,wta_1,"What is the first name, country code, and birth date of the player with the most winner rank points across all matches?","SELECT T1.first_name ,  T1.country_code ,  T1.birth_date FROM players AS T1 JOIN matches AS T2 ON T1.player_id  =  T2.winner_id ORDER BY T2.winner_rank_points DESC LIMIT 1","SELECT T1.first_name ,  T1.country_code ,  T1.birth_date FROM players AS T1 JOIN rankings AS T2 ON T1.player_id  =  T2.player_id GROUP BY T1.player_id ORDER BY sum(T2.ranking_points) DESC LIMIT 1","SELECT T1.first_name ,  T1.country_code ,  T1.birth_date FROM players AS T1 JOIN rankings AS T2 ON T1.player_id  =  T2.player_id GROUP BY T1.player_id ORDER BY sum(T2.ranking_points) DESC LIMIT 1",1.0,Resultados idênticos (ordered=True).
489,wta_1,Find the number of players for each hand type.,"SELECT count(*) ,  hand FROM players GROUP BY hand","SELECT hand ,  COUNT(*) FROM players GROUP BY hand","SELECT hand ,  COUNT(*) FROM players GROUP BY hand",0.0,"Resultados divergentes (ordered=False). gold=4 linhas, pred=4 linhas."
490,wta_1,How many players are there for each hand type?,"SELECT count(*) ,  hand FROM players GROUP BY hand","SELECT hand ,  COUNT(*) FROM players GROUP BY hand","SELECT hand ,  COUNT(*) FROM players GROUP BY hand",0.0,"Resultados divergentes (ordered=False). gold=4 linhas, pred=4 linhas."
491,battle_death,How many ships ended up being 'Captured'?,SELECT count(*) FROM ship WHERE disposition_of_ship  =  'Captured',SELECT count(*) FROM ship WHERE disposition_of_ship  =  'Captured',SELECT count(*) FROM ship WHERE disposition_of_ship  =  'Captured',1.0,Resultados idênticos (ordered=False).
492,battle_death,List the name and tonnage ordered by in descending alphaetical order for the names.,"SELECT name ,  tonnage FROM ship ORDER BY name DESC","SELECT name ,  tonnage FROM ship ORDER BY name DESC","SELECT name ,  tonnage FROM ship ORDER BY name DESC",1.0,Resultados idênticos (ordered=True).
493,battle_death,"List the name, date and result of each battle.","SELECT name ,  date FROM battle","SELECT name ,  date ,  result FROM battle","SELECT name ,  date ,  result FROM battle",0.0,"Resultados divergentes (ordered=False). gold=8 linhas, pred=8 linhas."
494,battle_death,What is maximum and minimum death toll caused each time?,"SELECT max(killed) ,  min(killed) FROM death","SELECT max(killed) ,  min(killed) FROM death","SELECT max(killed) ,  min(killed) FROM death",1.0,Resultados idênticos (ordered=False).
495,battle_death,What is the average number of injuries caused each time?,SELECT avg(injured) FROM death,SELECT avg(injured) FROM death,SELECT avg(injured) FROM death,1.0,Resultados idênticos (ordered=False).
496,battle_death,What are the death and injury situations caused by the ship with tonnage 't'?,"SELECT T1.killed ,  T1.injured FROM death AS T1 JOIN ship AS t2 ON T1.caused_by_ship_id  =  T2.id WHERE T2.tonnage  =  't'","SELECT T2.killed ,  T2.injured FROM ship AS T1 JOIN death AS T2 ON T1.id  =  T2.caused_by_ship_id WHERE T1.tonnage  =  't'","SELECT T2.killed ,  T2.injured FROM ship AS T1 JOIN death AS T2 ON T1.id  =  T2.caused_by_ship_id WHERE T1.tonnage  =  't'",1.0,Resultados idênticos (ordered=False).
497,battle_death,What are the name and results of the battles when the bulgarian commander is not 'Boril',"SELECT name ,  RESULT FROM battle WHERE bulgarian_commander != 'Boril'","SELECT T1.name ,  T1.result FROM battle AS T1 JOIN candidate AS T2 ON T1.bulgarian_commander  =  T2.name WHERE T2.name != 'Boril'","SELECT T1.name ,  T1.result FROM battle AS T1 JOIN candidate AS T2 ON T1.bulgarian_commander  =  T2.name WHERE T2.name != 'Boril'",0.0,Falha ao executar a consulta gerada: no such table: candidate
498,battle_death,What are the different ids and names of the battles that lost any 'Brig' type shipes?,"SELECT DISTINCT T1.id ,  T1.name FROM battle AS T1 JOIN ship AS T2 ON T1.id  =  T2.lost_in_battle WHERE T2.ship_type  =  'Brig'","SELECT T1.id ,  T1.name FROM battle AS T1 JOIN ship AS T2 ON T1.lost_in_battle  =  T2.id WHERE T2.ship_type  =  'Brig'","SELECT T1.id ,  T1.name FROM battle AS T1 JOIN ship AS T2 ON T1.lost_in_battle  =  T2.id WHERE T2.ship_type  =  'Brig'",0.0,Falha ao executar a consulta gerada: no such column: T1.lost_in_battle
499,battle_death,What are the ids and names of the battles that led to more than 10 people killed in total.,"SELECT T1.id ,  T1.name FROM battle AS T1 JOIN ship AS T2 ON T1.id  =  T2.lost_in_battle JOIN death AS T3 ON T2.id  =  T3.caused_by_ship_id GROUP BY T1.id HAVING sum(T3.killed)  >  10","SELECT T2.id ,  T2.name FROM death AS T1 JOIN battle AS T2 ON T1.caused_by_ship_id  =  T2.id GROUP BY T2.id HAVING sum(killed)  >  10","SELECT T2.id ,  T2.name FROM death AS T1 JOIN battle AS T2 ON T1.caused_by_ship_id  =  T2.id GROUP BY T2.id HAVING sum(killed)  >  10",0.0,"Resultados divergentes (ordered=False). gold=3 linhas, pred=3 linhas."
500,battle_death,What is the ship id and name that caused most total injuries?,"SELECT T2.id ,  T2.name FROM death AS T1 JOIN ship AS t2 ON T1.caused_by_ship_id  =  T2.id GROUP BY T2.id ORDER BY count(*) DESC LIMIT 1","SELECT t1.id ,  t1.name FROM ship AS t1 JOIN death AS t2 ON t1.id  =  t2.caused_by_ship_id GROUP BY t1.id ORDER BY sum(t2.injured) DESC LIMIT 1","SELECT t1.id ,  t1.name FROM ship AS t1 JOIN death AS t2 ON t1.id  =  t2.caused_by_ship_id GROUP BY t1.id ORDER BY sum(t2.injured) DESC LIMIT 1",0.0,"Resultados divergentes (ordered=True). gold=1 linhas, pred=1 linhas."
501,battle_death,What are the distinct battle names which are between bulgarian commander 'Kaloyan' and latin commander 'Baldwin I'?,SELECT name FROM battle WHERE bulgarian_commander  =  'Kaloyan' AND latin_commander  =  'Baldwin I',SELECT DISTINCT T1.name FROM battle AS T1 JOIN candidate AS T2 ON T1.bulgarian_commander  =  T2.name JOIN candidate AS T3 ON T1.latin_commander  =  T3.name WHERE T2.name  =  'Kaloyan' AND T3.name  =  'Baldwin I',SELECT DISTINCT T1.name FROM battle AS T1 JOIN candidate AS T2 ON T1.bulgarian_commander  =  T2.name JOIN candidate AS T3 ON T1.latin_commander  =  T3.name WHERE T2.name  =  'Kaloyan' AND T3.name  =  'Baldwin I',0.0,Falha ao executar a consulta gerada: no such table: candidate
502,battle_death,How many different results are there for the battles?,SELECT count(DISTINCT RESULT) FROM battle,SELECT count(DISTINCT result) FROM battle,SELECT count(DISTINCT result) FROM battle,1.0,Resultados idênticos (ordered=False).
503,battle_death,How many battles did not lose any ship with tonnage '225'?,SELECT count(*) FROM battle WHERE id NOT IN ( SELECT lost_in_battle FROM ship WHERE tonnage  =  '225' );,SELECT count(*) FROM battle AS T1 JOIN ship AS T2 ON T1.id  =  T2.lost_in_battle WHERE T2.tonnage != '225',SELECT count(*) FROM battle AS T1 JOIN ship AS T2 ON T1.id  =  T2.lost_in_battle WHERE T2.tonnage != '225',0.0,"Resultados divergentes (ordered=False). gold=1 linhas, pred=1 linhas."
504,battle_death,List the name and date the battle that has lost the ship named 'Lettice' and the ship named 'HMS Atalanta',"SELECT T1.name ,  T1.date FROM battle AS T1 JOIN ship AS T2 ON T1.id  =  T2.lost_in_battle WHERE T2.name  =  'Lettice' INTERSECT SELECT T1.name ,  T1.date FROM battle AS T1 JOIN ship AS T2 ON T1.id  =  T2.lost_in_battle WHERE T2.name  =  'HMS Atalanta'","SELECT T1.name ,  T1.date FROM battle AS T1 JOIN ship AS T2 ON T1.id  =  T2.lost_in_battle WHERE T2.name  =  'Lettice' INTERSECT SELECT T1.name ,  T1.date FROM battle AS T1 JOIN ship AS T2 ON T1.id  =  T2.lost_in_battle WHERE T2.name  =  'HMS Atalanta'","SELECT T1.name ,  T1.date FROM battle AS T1 JOIN ship AS T2 ON T1.id  =  T2.lost_in_battle WHERE T2.name  =  'Lettice' INTERSECT SELECT T1.name ,  T1.date FROM battle AS T1 JOIN ship AS T2 ON T1.id  =  T2.lost_in_battle WHERE T2.name  =  'HMS Atalanta'",1.0,Resultados idênticos (ordered=False).
505,battle_death,"Show names, results and bulgarian commanders of the battles with no ships lost in the 'English Channel'.","SELECT name ,  RESULT ,  bulgarian_commander FROM battle EXCEPT SELECT T1.name ,  T1.result ,  T1.bulgarian_commander FROM battle AS T1 JOIN ship AS T2 ON T1.id  =  T2.lost_in_battle WHERE T2.location  =  'English Channel'","SELECT name ,  result ,  bulgarian_commander FROM battle WHERE id NOT IN ( SELECT lost_in_battle FROM ship ) AND LOCATION  =  'English Channel'","SELECT name ,  result ,  bulgarian_commander FROM battle WHERE id NOT IN ( SELECT lost_in_battle FROM ship ) AND LOCATION  =  'English Channel'",0.0,Falha ao executar a consulta gerada: no such column: LOCATION
506,battle_death,What are the notes of the death events which has substring 'East'?,SELECT note FROM death WHERE note LIKE '%East%',SELECT note FROM death WHERE note LIKE '%East%',SELECT note FROM death WHERE note LIKE '%East%',1.0,Resultados idênticos (ordered=False).
507,student_transcripts_tracking,what are all the addresses including line 1 and line 2?,"SELECT line_1 ,  line_2 FROM addresses","SELECT line_1 ,  line_2 FROM addresses","SELECT line_1 ,  line_2 FROM addresses",1.0,Resultados idênticos (ordered=False).
508,student_transcripts_tracking,What is the first and second line for all addresses?,"SELECT line_1 ,  line_2 FROM addresses","SELECT line_1 ,  line_2 FROM addresses","SELECT line_1 ,  line_2 FROM addresses",1.0,Resultados idênticos (ordered=False).
509,student_transcripts_tracking,How many courses in total are listed?,SELECT count(*) FROM Courses,SELECT count(*) FROM COURSES,SELECT count(*) FROM COURSES,1.0,Resultados idênticos (ordered=False).
510,student_transcripts_tracking,How many courses are there?,SELECT count(*) FROM Courses,SELECT count(*) FROM COURSES,SELECT count(*) FROM COURSES,1.0,Resultados idênticos (ordered=False).
511,student_transcripts_tracking,How is the math course described?,SELECT course_description FROM Courses WHERE course_name  =  'math',"SELECT course_description FROM courses WHERE course_name  =  ""Math"";","SELECT course_description FROM courses WHERE course_name  =  ""Math""",0.0,"Resultados divergentes (ordered=False). gold=1 linhas, pred=0 linhas."
512,student_transcripts_tracking,What are the descriptions for all the math courses?,SELECT course_description FROM Courses WHERE course_name  =  'math',"SELECT T2.course_description FROM departments AS T1 JOIN courses AS T2 ON T1.department_id  =  T2.department_id WHERE T1.department_name  =  ""Mathematics""","SELECT T2.course_description FROM departments AS T1 JOIN courses AS T2 ON T1.department_id  =  T2.department_id WHERE T1.department_name  =  ""Mathematics""",0.0,Falha ao executar a consulta gerada: no such column: T2.department_id
513,student_transcripts_tracking,What is the zip code of the address in the city Port Chelsea?,SELECT zip_postcode FROM Addresses WHERE city  =  'Port Chelsea',"SELECT zip_postcode FROM addresses WHERE city  =  ""Port Chelsea""","SELECT zip_postcode FROM addresses WHERE city  =  ""Port Chelsea""",1.0,Resultados idênticos (ordered=False).
514,student_transcripts_tracking,What is the zip code for Port Chelsea?,SELECT zip_postcode FROM Addresses WHERE city  =  'Port Chelsea',"SELECT zip_postcode FROM addresses WHERE city  =  ""Port Chelsea""","SELECT zip_postcode FROM addresses WHERE city  =  ""Port Chelsea""",1.0,Resultados idênticos (ordered=False).
515,student_transcripts_tracking,Which department offers the most number of degrees? List department name and id.,"SELECT T2.department_name ,  T1.department_id FROM Degree_Programs AS T1 JOIN Departments AS T2 ON T1.department_id  =  T2.department_id GROUP BY T1.department_id ORDER BY count(*) DESC LIMIT 1","SELECT T1.department_name ,  T1.department_id FROM departments AS T1 JOIN degree_programs AS T2 ON T1.department_id  =  T2.department_id GROUP BY T2.department_id ORDER BY count(*) DESC LIMIT 1","SELECT T1.department_name ,  T1.department_id FROM departments AS T1 JOIN degree_programs AS T2 ON T1.department_id  =  T2.department_id GROUP BY T2.department_id ORDER BY count(*) DESC LIMIT 1",1.0,Resultados idênticos (ordered=True).
516,student_transcripts_tracking,What is the name and id of the department with the most number of degrees ?,"select t2.department_name ,  t1.department_id from degree_programs as t1 join departments as t2 on t1.department_id  =  t2.department_id group by t1.department_id order by count(*) desc limit 1","SELECT T1.department_name ,  T1.department_id FROM DEPARTMENTS AS T1 JOIN degree_programs AS T2 ON T1.department_id  =  T2.department_id GROUP BY T1.department_id ORDER BY count(*) DESC LIMIT 1","SELECT T1.department_name ,  T1.department_id FROM DEPARTMENTS AS T1 JOIN degree_programs AS T2 ON T1.department_id  =  T2.department_id GROUP BY T1.department_id ORDER BY count(*) DESC LIMIT 1",1.0,Resultados idênticos (ordered=True).
517,student_transcripts_tracking,How many departments offer any degree?,SELECT count(DISTINCT department_id) FROM Degree_Programs,SELECT count(DISTINCT department_id) FROM degree_programs,SELECT count(DISTINCT department_id) FROM degree_programs,1.0,Resultados idênticos (ordered=False).
518,student_transcripts_tracking,How many different departments offer degrees?,SELECT count(DISTINCT department_id) FROM Degree_Programs,SELECT count(DISTINCT department_id) FROM degree_programs,SELECT count(DISTINCT department_id) FROM degree_programs,1.0,Resultados idênticos (ordered=False).
519,student_transcripts_tracking,How many different degree names are offered?,SELECT count(DISTINCT degree_summary_name) FROM Degree_Programs,SELECT count(DISTINCT degree_summary_name) FROM degree_programs,SELECT count(DISTINCT degree_summary_name) FROM degree_programs,1.0,Resultados idênticos (ordered=False).
520,student_transcripts_tracking,How many different degrees are offered?,SELECT count(DISTINCT degree_summary_name) FROM Degree_Programs,SELECT count(DISTINCT degree_summary_name) FROM degree_programs,SELECT count(DISTINCT degree_summary_name) FROM degree_programs,1.0,Resultados idênticos (ordered=False).
521,student_transcripts_tracking,How many degrees does the engineering department offer?,SELECT count(*) FROM Departments AS T1 JOIN Degree_Programs AS T2 ON T1.department_id  =  T2.department_id WHERE T1.department_name  =  'engineer',SELECT count(*) FROM departments AS T1 JOIN degree_programs AS T2 ON T1.department_id  =  T2.department_id WHERE T1.department_name  =  'Engineering',SELECT count(*) FROM departments AS T1 JOIN degree_programs AS T2 ON T1.department_id  =  T2.department_id WHERE T1.department_name  =  'Engineering',1.0,Resultados idênticos (ordered=False).
522,student_transcripts_tracking,How many degrees does the engineering department have?,SELECT count(*) FROM Departments AS T1 JOIN Degree_Programs AS T2 ON T1.department_id  =  T2.department_id WHERE T1.department_name  =  'engineer',SELECT count(*) FROM departments AS T1 JOIN degree_programs AS T2 ON T1.department_id  =  T2.department_id WHERE T1.department_name  =  'Engineering',SELECT count(*) FROM departments AS T1 JOIN degree_programs AS T2 ON T1.department_id  =  T2.department_id WHERE T1.department_name  =  'Engineering',1.0,Resultados idênticos (ordered=False).
523,student_transcripts_tracking,What are the names and descriptions of all the sections?,"SELECT section_name ,  section_description FROM Sections","SELECT section_name ,  section_description FROM Sections","SELECT section_name ,  section_description FROM Sections",1.0,Resultados idênticos (ordered=False).
524,student_transcripts_tracking,What are the names and descriptions for all the sections?,"SELECT section_name ,  section_description FROM Sections","SELECT section_name ,  section_description FROM Sections","SELECT section_name ,  section_description FROM Sections",1.0,Resultados idênticos (ordered=False).
525,student_transcripts_tracking,What are the names and id of courses having at most 2 sections?,"SELECT T1.course_name ,  T1.course_id FROM Courses AS T1 JOIN Sections AS T2 ON T1.course_id  =  T2.course_id GROUP BY T1.course_id HAVING count(*)  <=  2","SELECT T1.course_name ,  T1.course_id FROM COURSES AS T1 JOIN SECTIONS AS T2 ON T1.course_id  =  T2.course_id GROUP BY T1.course_id HAVING count(*)  <=  2","SELECT T1.course_name ,  T1.course_id FROM COURSES AS T1 JOIN SECTIONS AS T2 ON T1.course_id  =  T2.course_id GROUP BY T1.course_id HAVING count(*)  <=  2",1.0,Resultados idênticos (ordered=False).
526,student_transcripts_tracking,What are the names and ids of every course with less than 2 sections?,"SELECT T1.course_name ,  T1.course_id FROM Courses AS T1 JOIN Sections AS T2 ON T1.course_id  =  T2.course_id GROUP BY T1.course_id HAVING count(*)  <=  2","SELECT T1.course_name ,  T1.course_id FROM courses AS T1 JOIN sections AS T2 ON T1.course_id  =  T2.course_id GROUP BY T1.course_id HAVING count(*)  <  2","SELECT T1.course_name ,  T1.course_id FROM courses AS T1 JOIN sections AS T2 ON T1.course_id  =  T2.course_id GROUP BY T1.course_id HAVING count(*)  <  2",0.0,"Resultados divergentes (ordered=False). gold=11 linhas, pred=7 linhas."
527,student_transcripts_tracking,List the section_name in reversed lexicographical order.,SELECT section_name FROM Sections ORDER BY section_name DESC,SELECT section_name FROM sections ORDER BY section_name DESC,SELECT section_name FROM sections ORDER BY section_name DESC,1.0,Resultados idênticos (ordered=True).
528,student_transcripts_tracking,What are the names of the sections in reverse alphabetical order?,SELECT section_name FROM Sections ORDER BY section_name DESC,SELECT section_name FROM sections ORDER BY section_name DESC,SELECT section_name FROM sections ORDER BY section_name DESC,1.0,Resultados idênticos (ordered=True).
529,student_transcripts_tracking,What is the semester which most student registered in? Show both the name and the id.,"SELECT T1.semester_name ,  T1.semester_id FROM Semesters AS T1 JOIN Student_Enrolment AS T2 ON T1.semester_id  =  T2.semester_id GROUP BY T1.semester_id ORDER BY count(*) DESC LIMIT 1","SELECT T1.semester_name ,  T1.semester_id FROM Semesters AS T1 JOIN Student_Enrolment AS T2 ON T1.semester_id  =  T2.semester_id GROUP BY T1.semester_id ORDER BY count(*) DESC LIMIT 1","SELECT T1.semester_name ,  T1.semester_id FROM Semesters AS T1 JOIN Student_Enrolment AS T2 ON T1.semester_id  =  T2.semester_id GROUP BY T1.semester_id ORDER BY count(*) DESC LIMIT 1",1.0,Resultados idênticos (ordered=True).
530,student_transcripts_tracking,"For each semester, what is the name and id of the one with the most students registered?","SELECT T1.semester_name ,  T1.semester_id FROM Semesters AS T1 JOIN Student_Enrolment AS T2 ON T1.semester_id  =  T2.semester_id GROUP BY T1.semester_id ORDER BY count(*) DESC LIMIT 1","SELECT T1.semester_name ,  T1.semester_id FROM Semesters AS T1 JOIN Student_Enrolment AS T2 ON T1.semester_id  =  T2.semester_id GROUP BY T1.semester_name ORDER BY count(*) DESC LIMIT 1","SELECT T1.semester_name ,  T1.semester_id FROM Semesters AS T1 JOIN Student_Enrolment AS T2 ON T1.semester_id  =  T2.semester_id GROUP BY T1.semester_name ORDER BY count(*) DESC LIMIT 1",1.0,Resultados idênticos (ordered=True).
531,student_transcripts_tracking,What is the description of the department whose name has the substring the computer?,SELECT department_description FROM Departments WHERE department_name LIKE '%computer%',"SELECT T1.department_description FROM departments AS T1 JOIN degree_programs AS T2 ON T1.department_id  =  T2.department_id WHERE T2.department_name LIKE ""%the computer%""","SELECT T1.department_description FROM departments AS T1 JOIN degree_programs AS T2 ON T1.department_id  =  T2.department_id WHERE T2.department_name LIKE ""%the computer%""",0.0,Falha ao executar a consulta gerada: no such column: T2.department_name
532,student_transcripts_tracking,What is the department description for the one whose name has the word computer?,SELECT department_description FROM Departments WHERE department_name LIKE '%computer%',"SELECT T1.department_description FROM departments AS T1 JOIN degree_programs AS T2 ON T1.department_id  =  T2.department_id WHERE T2.degree_summary_name LIKE ""%computer%""","SELECT T1.department_description FROM departments AS T1 JOIN degree_programs AS T2 ON T1.department_id  =  T2.department_id WHERE T2.degree_summary_name LIKE ""%computer%""",0.0,"Resultados divergentes (ordered=False). gold=1 linhas, pred=0 linhas."
533,student_transcripts_tracking,"Who are enrolled in 2 degree programs in one semester? List the first name, middle name and last name and the id.","SELECT T1.first_name ,  T1.middle_name ,  T1.last_name ,  T1.student_id FROM Students AS T1 JOIN Student_Enrolment AS T2 ON T1.student_id  =  T2.student_id GROUP BY T1.student_id HAVING count(*)  =  2","SELECT T1.first_name ,  T1.middle_name ,  T1.last_name ,  T2.student_id FROM Students AS T1 JOIN Student_Enrolment AS T2 ON T1.student_id = T2.student_id WHERE T2.semester_id IN ( SELECT T2.semester_id FROM Student_Enrolment AS T2 JOIN Degree_Programs AS T3 ON T2.degree_program_id = T3.degree_program_id GROUP BY T2.semester_id HAVING COUNT(*)  >=  2 )","SELECT T1.first_name ,  T1.middle_name ,  T1.last_name ,  T2.student_id FROM Students AS T1 JOIN Student_Enrolment AS T2 ON T1.student_id = T2.student_id WHERE T2.semester_id IN ( SELECT T2.semester_id FROM Student_Enrolment AS T2 JOIN Degree_Programs AS T3 ON T2.degree_program_id = T3.degree_program_id GROUP BY T2.semester_id HAVING COUNT(*)  >=  2 )",0.0,"Resultados divergentes (ordered=False). gold=3 linhas, pred=9 linhas."
534,student_transcripts_tracking,"What are the first, middle, and last names, along with the ids, of all students who enrolled in 2 degree programs in one semester?","SELECT T1.first_name ,  T1.middle_name ,  T1.last_name ,  T1.student_id FROM Students AS T1 JOIN Student_Enrolment AS T2 ON T1.student_id  =  T2.student_id GROUP BY T1.student_id HAVING count(*)  =  2","SELECT T1.first_name ,  T1.middle_name ,  T1.last_name ,  T2.student_id FROM Students AS T1 JOIN Student_Enrolment AS T2 ON T1.student_id = T2.student_id WHERE T2.degree_program_id IN ( SELECT degree_program_id FROM student_enrolment GROUP BY degree_program_id HAVING count(*)  >= 2 ) INTERSECT SELECT T1.first_name ,  T1.middle_name ,  T1.last_name ,  T2.student_id FROM Students AS T1 JOIN Student_Enrolment AS T2 ON T1.student_id = T2.student_id WHERE T2.semester_id IN ( SELECT semester_id FROM student_enrolment GROUP BY semester_id HAVING count(*)  >= 2 )","SELECT T1.first_name ,  T1.middle_name ,  T1.last_name ,  T2.student_id FROM Students AS T1 JOIN Student_Enrolment AS T2 ON T1.student_id = T2.student_id WHERE T2.degree_program_id IN ( SELECT degree_program_id FROM student_enrolment GROUP BY degree_program_id HAVING count(*)  >= 2 ) INTERSECT SELECT T1.first_name ,  T1.middle_name ,  T1.last_name ,  T2.student_id FROM Students AS T1 JOIN Student_Enrolment AS T2 ON T1.student_id = T2.student_id WHERE T2.semester_id IN ( SELECT semester_id FROM student_enrolment GROUP BY semester_id HAVING count(*)  >= 2 )",0.0,"Resultados divergentes (ordered=False). gold=3 linhas, pred=6 linhas."
535,student_transcripts_tracking,"Who is enrolled in a Bachelor degree program? List the first name, middle name, last name.","SELECT DISTINCT T1.first_name ,  T1.middle_name ,  T1.last_name FROM Students AS T1 JOIN Student_Enrolment AS T2 ON T1.student_id  =  T2.student_id JOIN Degree_Programs AS T3 ON T2.degree_program_id  =  T3.degree_program_id WHERE T3.degree_summary_name  =  'Bachelor'","SELECT T1.first_name ,  T1.middle_name ,  T1.last_name FROM students AS T1 JOIN student_enrolment AS T2 ON T1.student_id = T2.student_id JOIN degree_programs AS T3 ON T2.degree_program_id = T3.degree_program_id WHERE T3.department_id IN ( SELECT department_id FROM departments WHERE degree_summary_name = ""Bachelor"" )","SELECT T1.first_name ,  T1.middle_name ,  T1.last_name FROM students AS T1 JOIN student_enrolment AS T2 ON T1.student_id = T2.student_id JOIN degree_programs AS T3 ON T2.degree_program_id = T3.degree_program_id WHERE T3.department_id IN ( SELECT department_id FROM departments WHERE degree_summary_name = ""Bachelor"" )",0.0,"Resultados divergentes (ordered=False). gold=5 linhas, pred=8 linhas."
536,student_transcripts_tracking,"What are the first, middle, and last names for everybody enrolled in a Bachelors program?","SELECT DISTINCT T1.first_name ,  T1.middle_name ,  T1.last_name FROM Students AS T1 JOIN Student_Enrolment AS T2 ON T1.student_id  =  T2.student_id JOIN Degree_Programs AS T3 ON T2.degree_program_id  =  T3.degree_program_id WHERE T3.degree_summary_name  =  'Bachelor'","SELECT T1.first_name ,  T1.middle_name ,  T1.last_name FROM students AS T1 JOIN student_enrolment AS T2 ON T1.student_id  =  T2.student_id JOIN degree_programs AS T3 ON T2.degree_program_id  =  T3.degree_program_id WHERE T3.department_id  =  ( SELECT department_id FROM departments WHERE degree_summary_name  =  'Bachelors' )","SELECT T1.first_name ,  T1.middle_name ,  T1.last_name FROM students AS T1 JOIN student_enrolment AS T2 ON T1.student_id  =  T2.student_id JOIN degree_programs AS T3 ON T2.degree_program_id  =  T3.degree_program_id WHERE T3.department_id  =  ( SELECT department_id FROM departments WHERE degree_summary_name  =  'Bachelors' )",0.0,"Resultados divergentes (ordered=False). gold=5 linhas, pred=0 linhas."
537,student_transcripts_tracking,Find the kind of program which most number of students are enrolled in?,SELECT T1.degree_summary_name FROM Degree_Programs AS T1 JOIN Student_Enrolment AS T2 ON T1.degree_program_id  =  T2.degree_program_id GROUP BY T1.degree_summary_name ORDER BY count(*) DESC LIMIT 1,"SELECT T1.department_name ,  COUNT(*) FROM departments AS T1 JOIN degree_programs AS T2 ON T1.department_id  =  T2.department_id JOIN student_enrolment AS T3 ON T2.degree_program_id  =  T3.degree_program_id GROUP BY T1.department_name ORDER BY COUNT(*) DESC LIMIT 1","SELECT T1.department_name ,  COUNT(*) FROM departments AS T1 JOIN degree_programs AS T2 ON T1.department_id  =  T2.department_id JOIN student_enrolment AS T3 ON T2.degree_program_id  =  T3.degree_program_id GROUP BY T1.department_name ORDER BY COUNT(*) DESC LIMIT 1",0.0,"Resultados divergentes (ordered=True). gold=1 linhas, pred=1 linhas."
538,student_transcripts_tracking,What is the degree summary name that has the most number of students enrolled?,SELECT T1.degree_summary_name FROM Degree_Programs AS T1 JOIN Student_Enrolment AS T2 ON T1.degree_program_id  =  T2.degree_program_id GROUP BY T1.degree_summary_name ORDER BY count(*) DESC LIMIT 1,SELECT T2.degree_summary_name FROM student_enrolment AS T1 JOIN degree_programs AS T2 ON T1.degree_program_id  =  T2.degree_program_id GROUP BY T2.degree_summary_name ORDER BY count(*) DESC LIMIT 1,SELECT T2.degree_summary_name FROM student_enrolment AS T1 JOIN degree_programs AS T2 ON T1.degree_program_id  =  T2.degree_program_id GROUP BY T2.degree_summary_name ORDER BY count(*) DESC LIMIT 1,1.0,Resultados idênticos (ordered=True).
539,student_transcripts_tracking,Find the program which most number of students are enrolled in. List both the id and the summary.,"SELECT T1.degree_program_id ,  T1.degree_summary_name FROM Degree_Programs AS T1 JOIN Student_Enrolment AS T2 ON T1.degree_program_id  =  T2.degree_program_id GROUP BY T1.degree_program_id ORDER BY count(*) DESC LIMIT 1","SELECT degree_summary_id ,  degree_summary_name FROM degree_programs GROUP BY degree_summary_id ORDER BY count(*) DESC LIMIT 1","SELECT degree_summary_id ,  degree_summary_name FROM degree_programs GROUP BY degree_summary_id ORDER BY count(*) DESC LIMIT 1",0.0,Falha ao executar a consulta gerada: no such column: degree_summary_id
540,student_transcripts_tracking,What is the program id and the summary of the degree that has the most students enrolled?,"SELECT T1.degree_program_id ,  T1.degree_summary_name FROM Degree_Programs AS T1 JOIN Student_Enrolment AS T2 ON T1.degree_program_id  =  T2.degree_program_id GROUP BY T1.degree_program_id ORDER BY count(*) DESC LIMIT 1","SELECT degree_program_id ,  degree_summary_name FROM degree_programs GROUP BY degree_program_id ORDER BY count(*) DESC LIMIT 1","SELECT degree_program_id ,  degree_summary_name FROM degree_programs GROUP BY degree_program_id ORDER BY count(*) DESC LIMIT 1",0.0,"Resultados divergentes (ordered=True). gold=1 linhas, pred=1 linhas."
541,student_transcripts_tracking,"Which student has enrolled for the most times in any program? List the id, first name, middle name, last name, the number of enrollments and student id.","SELECT T1.student_id ,  T1.first_name ,  T1.middle_name ,  T1.last_name ,  count(*) ,  T1.student_id FROM Students AS T1 JOIN Student_Enrolment AS T2 ON T1.student_id  =  T2.student_id GROUP BY T1.student_id ORDER BY count(*) DESC LIMIT 1","SELECT T1.student_id ,  T1.first_name ,  T1.middle_name ,  T1.last_name ,  COUNT(*) ,  T1.student_id FROM Students AS T1 JOIN Student_Enrolment AS T2 ON T1.student_id  =  T2.student_id GROUP BY T1.student_id ORDER BY COUNT(*) DESC LIMIT 1","SELECT T1.student_id ,  T1.first_name ,  T1.middle_name ,  T1.last_name ,  COUNT(*) ,  T1.student_id FROM Students AS T1 JOIN Student_Enrolment AS T2 ON T1.student_id  =  T2.student_id GROUP BY T1.student_id ORDER BY COUNT(*) DESC LIMIT 1",1.0,Resultados idênticos (ordered=True).
542,student_transcripts_tracking,"What is the first, middle, and last name, along with the id and number of enrollments, for the student who enrolled the most in any program?","SELECT T1.student_id ,  T1.first_name ,  T1.middle_name ,  T1.last_name ,  count(*) ,  T1.student_id FROM Students AS T1 JOIN Student_Enrolment AS T2 ON T1.student_id  =  T2.student_id GROUP BY T1.student_id ORDER BY count(*) DESC LIMIT 1","SELECT T1.first_name ,  T1.middle_name ,  T1.last_name ,  T1.student_id ,  COUNT(*) FROM Students AS T1 JOIN Student_Enrolment AS T2 ON T1.student_id  =  T2.student_id GROUP BY T1.student_id ORDER BY COUNT(*) DESC LIMIT 1","SELECT T1.first_name ,  T1.middle_name ,  T1.last_name ,  T1.student_id ,  COUNT(*) FROM Students AS T1 JOIN Student_Enrolment AS T2 ON T1.student_id  =  T2.student_id GROUP BY T1.student_id ORDER BY COUNT(*) DESC LIMIT 1",0.0,"Resultados divergentes (ordered=True). gold=1 linhas, pred=1 linhas."
543,student_transcripts_tracking,Which semesters do not have any student enrolled? List the semester name.,SELECT semester_name FROM Semesters WHERE semester_id NOT IN( SELECT semester_id FROM Student_Enrolment ),SELECT semester_name FROM Semesters WHERE semester_id NOT IN ( SELECT semester_id FROM Student_Enrolment ),SELECT semester_name FROM Semesters WHERE semester_id NOT IN ( SELECT semester_id FROM Student_Enrolment ),1.0,Resultados idênticos (ordered=False).
544,student_transcripts_tracking,What is the name of the semester with no students enrolled?,SELECT semester_name FROM Semesters WHERE semester_id NOT IN( SELECT semester_id FROM Student_Enrolment ),SELECT T1.semester_name FROM Semesters AS T1 JOIN Student_Enrolment AS T2 ON T1.semester_id  =  T2.semester_id WHERE T2.student_id  =  0,SELECT T1.semester_name FROM Semesters AS T1 JOIN Student_Enrolment AS T2 ON T1.semester_id  =  T2.semester_id WHERE T2.student_id  =  0,0.0,"Resultados divergentes (ordered=False). gold=6 linhas, pred=0 linhas."
545,student_transcripts_tracking,What are all the course names of the courses which ever have students enrolled in?,SELECT DISTINCT T1.course_name FROM Courses AS T1 JOIN Student_Enrolment_Courses AS T2 ON T1.course_id  =  T2.course_id,SELECT T1.course_name FROM courses AS T1 JOIN student_enrolment_courses AS T2 ON T1.course_id  =  T2.course_id,SELECT T1.course_name FROM courses AS T1 JOIN student_enrolment_courses AS T2 ON T1.course_id  =  T2.course_id,0.0,"Resultados divergentes (ordered=False). gold=10 linhas, pred=15 linhas."
546,student_transcripts_tracking,What are the names of all courses that have some students enrolled?,SELECT DISTINCT T1.course_name FROM Courses AS T1 JOIN Student_Enrolment_Courses AS T2 ON T1.course_id  =  T2.course_id,SELECT T1.course_name FROM courses AS T1 JOIN student_enrolment_courses AS T2 ON T1.course_id  =  T2.course_id GROUP BY T1.course_name HAVING COUNT(*)  >  0,SELECT T1.course_name FROM courses AS T1 JOIN student_enrolment_courses AS T2 ON T1.course_id  =  T2.course_id GROUP BY T1.course_name HAVING COUNT(*)  >  0,1.0,Resultados idênticos (ordered=False).
547,student_transcripts_tracking,What's the name of the course with most number of enrollments?,SELECT  T1.course_name FROM Courses AS T1 JOIN Student_Enrolment_Courses AS T2 ON T1.course_id  =  T2.course_id GROUP BY T1.course_name ORDER BY count(*) DESC LIMIT 1,SELECT T1.course_name FROM courses AS T1 JOIN student_enrolment_courses AS T2 ON T1.course_id  =  T2.course_id GROUP BY T1.course_name ORDER BY count(*) DESC LIMIT 1,SELECT T1.course_name FROM courses AS T1 JOIN student_enrolment_courses AS T2 ON T1.course_id  =  T2.course_id GROUP BY T1.course_name ORDER BY count(*) DESC LIMIT 1,1.0,Resultados idênticos (ordered=True).
548,student_transcripts_tracking,What is the name of the course with the most students enrolled?,SELECT  T1.course_name FROM Courses AS T1 JOIN Student_Enrolment_Courses AS T2 ON T1.course_id  =  T2.course_id GROUP BY T1.course_name ORDER BY count(*) DESC LIMIT 1,SELECT T1.course_name FROM courses AS T1 JOIN student_enrolment_courses AS T2 ON T1.course_id  =  T2.course_id GROUP BY T1.course_name ORDER BY count(*) DESC LIMIT 1,SELECT T1.course_name FROM courses AS T1 JOIN student_enrolment_courses AS T2 ON T1.course_id  =  T2.course_id GROUP BY T1.course_name ORDER BY count(*) DESC LIMIT 1,1.0,Resultados idênticos (ordered=True).
549,student_transcripts_tracking,Find the last name of the students who currently live in the state of North Carolina but have not registered in any degree program.,SELECT T1.last_name FROM Students AS T1 JOIN Addresses AS T2 ON T1.current_address_id  =  T2.address_id WHERE T2.state_province_county  =  'NorthCarolina' EXCEPT SELECT DISTINCT T3.last_name FROM Students AS T3 JOIN Student_Enrolment AS T4 ON T3.student_id  =  T4.student_id,SELECT T1.last_name FROM students AS T1 JOIN addresses AS T2 ON T1.current_address_id  =  T2.address_id WHERE T2.state_province_county  =  'North Carolina' EXCEPT SELECT T1.last_name FROM student_enrolment AS T1 JOIN degrees AS T2 ON T1.degree_program_id  =  T2.degree_program_id,SELECT T1.last_name FROM students AS T1 JOIN addresses AS T2 ON T1.current_address_id  =  T2.address_id WHERE T2.state_province_county  =  'North Carolina' EXCEPT SELECT T1.last_name FROM student_enrolment AS T1 JOIN degrees AS T2 ON T1.degree_program_id  =  T2.degree_program_id,0.0,Falha ao executar a consulta gerada: no such table: degrees
550,student_transcripts_tracking,What are the last name of the students who live in North Carolina but have not registered in any degree programs?,SELECT T1.last_name FROM Students AS T1 JOIN Addresses AS T2 ON T1.current_address_id  =  T2.address_id WHERE T2.state_province_county  =  'NorthCarolina' EXCEPT SELECT DISTINCT T3.last_name FROM Students AS T3 JOIN Student_Enrolment AS T4 ON T3.student_id  =  T4.student_id,SELECT T1.last_name FROM students AS T1 JOIN addresses AS T2 ON T1.permanent_address_id  =  T2.address_id WHERE T2.city  =  'North Carolina' EXCEPT SELECT T1.last_name FROM students AS T1 JOIN degree_programs AS T2 ON T1.student_id  =  T2.student_id,SELECT T1.last_name FROM students AS T1 JOIN addresses AS T2 ON T1.permanent_address_id  =  T2.address_id WHERE T2.city  =  'North Carolina' EXCEPT SELECT T1.last_name FROM students AS T1 JOIN degree_programs AS T2 ON T1.student_id  =  T2.student_id,0.0,Falha ao executar a consulta gerada: no such column: T2.student_id
551,student_transcripts_tracking,Show the date and id of the transcript with at least 2 course results.,"SELECT T2.transcript_date ,  T1.transcript_id FROM Transcript_Contents AS T1 JOIN Transcripts AS T2 ON T1.transcript_id  =  T2.transcript_id GROUP BY T1.transcript_id HAVING count(*)  >=  2","SELECT T1.date ,  T1.transcript_id FROM transcripts AS T1 JOIN transcript_contents AS T2 ON T1.transcript_id  =  T2.transcript_id GROUP BY T1.transcript_id HAVING COUNT(*)  >=  2","SELECT T1.date ,  T1.transcript_id FROM transcripts AS T1 JOIN transcript_contents AS T2 ON T1.transcript_id  =  T2.transcript_id GROUP BY T1.transcript_id HAVING COUNT(*)  >=  2",0.0,Falha ao executar a consulta gerada: no such column: T1.date
552,student_transcripts_tracking,What is the date and id of the transcript with at least 2 courses listed?,"SELECT T2.transcript_date ,  T1.transcript_id FROM Transcript_Contents AS T1 JOIN Transcripts AS T2 ON T1.transcript_id  =  T2.transcript_id GROUP BY T1.transcript_id HAVING count(*)  >=  2","SELECT T1.date ,  T1.transcript_id FROM transcripts AS T1 JOIN transcript_contents AS T2 ON T1.transcript_id  =  T2.transcript_id GROUP BY T1.transcript_id HAVING count(*)  >=  2","SELECT T1.date ,  T1.transcript_id FROM transcripts AS T1 JOIN transcript_contents AS T2 ON T1.transcript_id  =  T2.transcript_id GROUP BY T1.transcript_id HAVING count(*)  >=  2",0.0,Falha ao executar a consulta gerada: no such column: T1.date
553,student_transcripts_tracking,What is the phone number of the man with the first name Timmothy and the last name Ward?,SELECT cell_mobile_number FROM Students WHERE first_name  =  'Timmothy' AND last_name  =  'Ward',"SELECT cell_mobile_number FROM students WHERE first_name  =  ""Timmothy"" AND last_name  =  ""Ward""","SELECT cell_mobile_number FROM students WHERE first_name  =  ""Timmothy"" AND last_name  =  ""Ward""",1.0,Resultados idênticos (ordered=False).
554,student_transcripts_tracking,What is the mobile phone number of the student named Timmothy Ward ?,select cell_mobile_number from students where first_name  =  'timmothy' and last_name  =  'ward',"SELECT cell_mobile_number FROM students WHERE first_name  =  ""Timmothy"" AND last_name  =  ""Ward""","SELECT cell_mobile_number FROM students WHERE first_name  =  ""Timmothy"" AND last_name  =  ""Ward""",0.0,"Resultados divergentes (ordered=False). gold=0 linhas, pred=1 linhas."
555,student_transcripts_tracking,"Who is the first student to register? List the first name, middle name and last name.","SELECT first_name ,  middle_name ,  last_name FROM Students ORDER BY date_first_registered ASC LIMIT 1","SELECT first_name ,  middle_name ,  last_name FROM students ORDER BY date_first_registered ASC LIMIT 1","SELECT first_name ,  middle_name ,  last_name FROM students ORDER BY date_first_registered ASC LIMIT 1",1.0,Resultados idênticos (ordered=True).
556,student_transcripts_tracking,"What is the first, middle, and last name of the first student to register?","SELECT first_name ,  middle_name ,  last_name FROM Students ORDER BY date_first_registered ASC LIMIT 1","SELECT first_name ,  middle_name ,  last_name FROM students ORDER BY date_first_registered ASC LIMIT 1","SELECT first_name ,  middle_name ,  last_name FROM students ORDER BY date_first_registered ASC LIMIT 1",1.0,Resultados idênticos (ordered=True).
557,student_transcripts_tracking,"Who is the earliest graduate of the school? List the first name, middle name and last name.","SELECT first_name ,  middle_name ,  last_name FROM Students ORDER BY date_left ASC LIMIT 1","SELECT T1.first_name ,  T1.middle_name ,  T1.last_name FROM students AS T1 JOIN student_enrolment AS T2 ON T1.student_id  =  T2.student_id WHERE T2.date_left  =  ( SELECT min(date_left) FROM student_enrolment )","SELECT T1.first_name ,  T1.middle_name ,  T1.last_name FROM students AS T1 JOIN student_enrolment AS T2 ON T1.student_id  =  T2.student_id WHERE T2.date_left  =  ( SELECT min(date_left) FROM student_enrolment )",0.0,Falha ao executar a consulta gerada: no such column: T2.date_left
558,student_transcripts_tracking,"What is the first, middle, and last name of the earliest school graduate?","SELECT first_name ,  middle_name ,  last_name FROM Students ORDER BY date_left ASC LIMIT 1","SELECT T1.first_name ,  T1.middle_name ,  T1.last_name FROM students AS T1 JOIN student_enrolment AS T2 ON T1.student_id = T2.student_id WHERE T2.date_first_registered = ( SELECT min(date_first_registered) FROM student_enrolment )","SELECT T1.first_name ,  T1.middle_name ,  T1.last_name FROM students AS T1 JOIN student_enrolment AS T2 ON T1.student_id = T2.student_id WHERE T2.date_first_registered = ( SELECT min(date_first_registered) FROM student_enrolment )",0.0,Falha ao executar a consulta gerada: no such column: T2.date_first_registered
559,student_transcripts_tracking,Whose permanent address is different from his or her current address? List his or her first name.,SELECT first_name FROM Students WHERE current_address_id != permanent_address_id,SELECT T1.first_name FROM students AS T1 JOIN addresses AS T2 ON T1.permanent_address_id  =  T2.address_id WHERE T2.address_id != T1.current_address_id,SELECT T1.first_name FROM students AS T1 JOIN addresses AS T2 ON T1.permanent_address_id  =  T2.address_id WHERE T2.address_id != T1.current_address_id,1.0,Resultados idênticos (ordered=False).
560,student_transcripts_tracking,What is the first name of the student whose permanent address is different from his or her current one?,SELECT first_name FROM Students WHERE current_address_id != permanent_address_id,SELECT T1.first_name FROM students AS T1 JOIN addresses AS T2 ON T1.permanent_address_id  =  T2.address_id EXCEPT SELECT T1.first_name FROM students AS T1 JOIN addresses AS T2 ON T1.current_address_id  =  T2.address_id,SELECT T1.first_name FROM students AS T1 JOIN addresses AS T2 ON T1.permanent_address_id  =  T2.address_id EXCEPT SELECT T1.first_name FROM students AS T1 JOIN addresses AS T2 ON T1.current_address_id  =  T2.address_id,0.0,"Resultados divergentes (ordered=False). gold=14 linhas, pred=0 linhas."
561,student_transcripts_tracking,Which address holds the most number of students currently? List the address id and all lines.,"SELECT T1.address_id ,  T1.line_1 ,  T1.line_2 FROM Addresses AS T1 JOIN Students AS T2 ON T1.address_id  =  T2.current_address_id GROUP BY T1.address_id ORDER BY count(*) DESC LIMIT 1","SELECT T1.address_id ,  T1.line_1 ,  T1.line_2 ,  T1.line_3 ,  T1.city ,  T1.zip_postcode ,  T1.state_province_county ,  T1.country ,  T1.other_address_details FROM addresses AS T1 JOIN student_enrolment AS T2 ON T1.address_id  =  T2.current_address_id GROUP BY T1.address_id ORDER BY count(*) DESC LIMIT 1","SELECT T1.address_id ,  T1.line_1 ,  T1.line_2 ,  T1.line_3 ,  T1.city ,  T1.zip_postcode ,  T1.state_province_county ,  T1.country ,  T1.other_address_details FROM addresses AS T1 JOIN student_enrolment AS T2 ON T1.address_id  =  T2.current_address_id GROUP BY T1.address_id ORDER BY count(*) DESC LIMIT 1",0.0,Falha ao executar a consulta gerada: no such column: T2.current_address_id
562,student_transcripts_tracking,"What is the id, line 1, and line 2 of the address with the most students?","SELECT T1.address_id ,  T1.line_1 ,  T1.line_2 FROM Addresses AS T1 JOIN Students AS T2 ON T1.address_id  =  T2.current_address_id GROUP BY T1.address_id ORDER BY count(*) DESC LIMIT 1","SELECT T1.address_id ,  T1.line_1 ,  T1.line_2 FROM addresses AS T1 JOIN student_enrolment AS T2 ON T1.address_id = T2.current_address_id GROUP BY T1.address_id ORDER BY count(*) DESC LIMIT 1","SELECT T1.address_id ,  T1.line_1 ,  T1.line_2 FROM addresses AS T1 JOIN student_enrolment AS T2 ON T1.address_id = T2.current_address_id GROUP BY T1.address_id ORDER BY count(*) DESC LIMIT 1",0.0,Falha ao executar a consulta gerada: no such column: T2.current_address_id
563,student_transcripts_tracking,"On average, when were the transcripts printed?",SELECT avg(transcript_date) FROM Transcripts,SELECT avg(transcript_date) FROM transcripts,SELECT avg(transcript_date) FROM transcripts,1.0,Resultados idênticos (ordered=False).
564,student_transcripts_tracking,What is the average transcript date?,SELECT avg(transcript_date) FROM Transcripts,SELECT avg(transcript_date) FROM transcripts,SELECT avg(transcript_date) FROM transcripts,1.0,Resultados idênticos (ordered=False).
565,student_transcripts_tracking,When is the first transcript released? List the date and details.,"SELECT transcript_date ,  other_details FROM Transcripts ORDER BY transcript_date ASC LIMIT 1","SELECT transcript_date ,  other_details FROM transcripts ORDER BY transcript_date LIMIT 1","SELECT transcript_date ,  other_details FROM transcripts ORDER BY transcript_date LIMIT 1",1.0,Resultados idênticos (ordered=True).
566,student_transcripts_tracking,"What is the earliest date of a transcript release, and what details can you tell me?","SELECT transcript_date ,  other_details FROM Transcripts ORDER BY transcript_date ASC LIMIT 1","SELECT min(transcript_date) ,  other_details FROM transcripts","SELECT min(transcript_date) ,  other_details FROM transcripts",1.0,Resultados idênticos (ordered=True).
567,student_transcripts_tracking,How many transcripts are released?,SELECT count(*) FROM Transcripts,SELECT count(*) FROM transcripts,SELECT count(*) FROM transcripts,1.0,Resultados idênticos (ordered=False).
568,student_transcripts_tracking,How many transcripts are listed?,SELECT count(*) FROM Transcripts,SELECT count(*) FROM transcripts,SELECT count(*) FROM transcripts,1.0,Resultados idênticos (ordered=False).
569,student_transcripts_tracking,What is the last transcript release date?,SELECT transcript_date FROM Transcripts ORDER BY transcript_date DESC LIMIT 1,SELECT max(transcript_date) FROM transcripts,SELECT max(transcript_date) FROM transcripts,1.0,Resultados idênticos (ordered=True).
570,student_transcripts_tracking,When was the last transcript released?,SELECT transcript_date FROM Transcripts ORDER BY transcript_date DESC LIMIT 1,SELECT max(transcript_date) FROM transcripts,SELECT max(transcript_date) FROM transcripts,1.0,Resultados idênticos (ordered=True).
571,student_transcripts_tracking,How many times at most can a course enrollment result show in different transcripts? Also show the course enrollment id.,"SELECT count(*) ,  student_course_id FROM Transcript_Contents GROUP BY student_course_id ORDER BY count(*) DESC LIMIT 1","SELECT student_course_id ,  count(*) FROM Transcript_Contents GROUP BY student_course_id ORDER BY count(*) DESC LIMIT 1","SELECT student_course_id ,  count(*) FROM Transcript_Contents GROUP BY student_course_id ORDER BY count(*) DESC LIMIT 1",0.0,"Resultados divergentes (ordered=True). gold=1 linhas, pred=1 linhas."
572,student_transcripts_tracking,What is the maximum number of times that a course shows up in different transcripts and what is that course's enrollment id?,"SELECT count(*) ,  student_course_id FROM Transcript_Contents GROUP BY student_course_id ORDER BY count(*) DESC LIMIT 1","SELECT T2.course_id ,  count(*) FROM Transcript_Contents AS T1 JOIN Courses AS T2 ON T1.student_course_id  =  T2.course_id GROUP BY T2.course_id ORDER BY count(*) DESC LIMIT 1","SELECT T2.course_id ,  count(*) FROM Transcript_Contents AS T1 JOIN Courses AS T2 ON T1.student_course_id  =  T2.course_id GROUP BY T2.course_id ORDER BY count(*) DESC LIMIT 1",0.0,"Resultados divergentes (ordered=True). gold=1 linhas, pred=1 linhas."
573,student_transcripts_tracking,"Show the date of the transcript which shows the least number of results, also list the id.","SELECT T2.transcript_date ,  T1.transcript_id FROM Transcript_Contents AS T1 JOIN Transcripts AS T2 ON T1.transcript_id  =  T2.transcript_id GROUP BY T1.transcript_id ORDER BY count(*) ASC LIMIT 1","SELECT T1.date ,  T1.transcript_id FROM transcripts AS T1 JOIN transcript_contents AS T2 ON T1.transcript_id  =  T2.transcript_id GROUP BY T1.transcript_id ORDER BY count(*) ASC LIMIT 1","SELECT T1.date ,  T1.transcript_id FROM transcripts AS T1 JOIN transcript_contents AS T2 ON T1.transcript_id  =  T2.transcript_id GROUP BY T1.transcript_id ORDER BY count(*) ASC LIMIT 1",0.0,Falha ao executar a consulta gerada: no such column: T1.date
574,student_transcripts_tracking,What is the date and id of the transcript with the least number of results?,"SELECT T2.transcript_date ,  T1.transcript_id FROM Transcript_Contents AS T1 JOIN Transcripts AS T2 ON T1.transcript_id  =  T2.transcript_id GROUP BY T1.transcript_id ORDER BY count(*) ASC LIMIT 1","SELECT T1.date ,  T1.transcript_id FROM transcripts AS T1 JOIN transcript_contents AS T2 ON T1.transcript_id  =  T2.transcript_id GROUP BY T1.transcript_id ORDER BY count(*) ASC LIMIT 1","SELECT T1.date ,  T1.transcript_id FROM transcripts AS T1 JOIN transcript_contents AS T2 ON T1.transcript_id  =  T2.transcript_id GROUP BY T1.transcript_id ORDER BY count(*) ASC LIMIT 1",0.0,Falha ao executar a consulta gerada: no such column: T1.date
575,student_transcripts_tracking,Find the semester when both Master students and Bachelor students got enrolled in.,SELECT DISTINCT T2.semester_id FROM Degree_Programs AS T1 JOIN Student_Enrolment AS T2 ON T1.degree_program_id  =  T2.degree_program_id WHERE degree_summary_name  =  'Master' INTERSECT SELECT DISTINCT T2.semester_id FROM Degree_Programs AS T1 JOIN Student_Enrolment AS T2 ON T1.degree_program_id  =  T2.degree_program_id WHERE degree_summary_name  =  'Bachelor',SELECT T1.semester_name FROM semesters AS T1 JOIN student_enrolment AS T2 ON T1.semester_id  =  T2.semester_id JOIN degree_programs AS T3 ON T2.degree_program_id  =  T3.degree_program_id WHERE T3.department_id  =  ( SELECT department_id FROM departments WHERE department_name  =  'Master' ) INTERSECT SELECT T1.semester_name FROM semesters AS T1 JOIN student_enrolment AS T2 ON T1.semester_id  =  T2.semester_id JOIN degree_programs AS T3 ON T2.degree_program_id  =  T3.degree_program_id WHERE T3.department_id  =  ( SELECT department_id FROM departments WHERE department_name  =  'Bachelor' ),SELECT T1.semester_name FROM semesters AS T1 JOIN student_enrolment AS T2 ON T1.semester_id  =  T2.semester_id JOIN degree_programs AS T3 ON T2.degree_program_id  =  T3.degree_program_id WHERE T3.department_id  =  ( SELECT department_id FROM departments WHERE department_name  =  'Master' ) INTERSECT SELECT T1.semester_name FROM semesters AS T1 JOIN student_enrolment AS T2 ON T1.semester_id  =  T2.semester_id JOIN degree_programs AS T3 ON T2.degree_program_id  =  T3.degree_program_id WHERE T3.department_id  =  ( SELECT department_id FROM departments WHERE department_name  =  'Bachelor' ),0.0,"Resultados divergentes (ordered=False). gold=1 linhas, pred=0 linhas."
576,student_transcripts_tracking,What is the id of the semester that had both Masters and Bachelors students enrolled?,SELECT DISTINCT T2.semester_id FROM Degree_Programs AS T1 JOIN Student_Enrolment AS T2 ON T1.degree_program_id  =  T2.degree_program_id WHERE degree_summary_name  =  'Master' INTERSECT SELECT DISTINCT T2.semester_id FROM Degree_Programs AS T1 JOIN Student_Enrolment AS T2 ON T1.degree_program_id  =  T2.degree_program_id WHERE degree_summary_name  =  'Bachelor',SELECT T1.semester_id FROM student_enrolment AS T1 JOIN semesters AS T2 ON T1.semester_id  =  T2.semester_id JOIN degree_programs AS T3 ON T1.degree_program_id  =  T3.degree_program_id WHERE T3.degree_summary_name  =  'Masters' INTERSECT SELECT T1.semester_id FROM student_enrolment AS T1 JOIN semesters AS T2 ON T1.semester_id  =  T2.semester_id JOIN degree_programs AS T3 ON T1.degree_program_id  =  T3.degree_program_id WHERE T3.degree_summary_name  =  'Bachelors',SELECT T1.semester_id FROM student_enrolment AS T1 JOIN semesters AS T2 ON T1.semester_id  =  T2.semester_id JOIN degree_programs AS T3 ON T1.degree_program_id  =  T3.degree_program_id WHERE T3.degree_summary_name  =  'Masters' INTERSECT SELECT T1.semester_id FROM student_enrolment AS T1 JOIN semesters AS T2 ON T1.semester_id  =  T2.semester_id JOIN degree_programs AS T3 ON T1.degree_program_id  =  T3.degree_program_id WHERE T3.degree_summary_name  =  'Bachelors',0.0,"Resultados divergentes (ordered=False). gold=1 linhas, pred=0 linhas."
577,student_transcripts_tracking,How many different addresses do the students currently live?,SELECT count(DISTINCT current_address_id) FROM Students,SELECT count(DISTINCT current_address_id) FROM Students,SELECT count(DISTINCT current_address_id) FROM Students,1.0,Resultados idênticos (ordered=False).
578,student_transcripts_tracking,What are the different addresses that have students living there?,SELECT count(DISTINCT current_address_id) FROM Students,SELECT DISTINCT T1.address_id FROM addresses AS T1 JOIN students AS T2 ON T1.address_id  =  T2.current_address_id,SELECT DISTINCT T1.address_id FROM addresses AS T1 JOIN students AS T2 ON T1.address_id  =  T2.current_address_id,0.0,"Resultados divergentes (ordered=False). gold=1 linhas, pred=9 linhas."
579,student_transcripts_tracking,List all the student details in reversed lexicographical order.,SELECT other_student_details FROM Students ORDER BY other_student_details DESC,"SELECT first_name ,  last_name FROM students ORDER BY last_name ,  first_name DESC","SELECT first_name ,  last_name FROM students ORDER BY last_name ,  first_name DESC",0.0,"Resultados divergentes (ordered=True). gold=15 linhas, pred=15 linhas."
580,student_transcripts_tracking,What other details can you tell me about students in reverse alphabetical order?,SELECT other_student_details FROM Students ORDER BY other_student_details DESC,SELECT other_student_details FROM Students ORDER BY last_name DESC,SELECT other_student_details FROM Students ORDER BY last_name DESC,0.0,"Resultados divergentes (ordered=True). gold=15 linhas, pred=15 linhas."
581,student_transcripts_tracking,Describe the section h.,SELECT section_description FROM Sections WHERE section_name  =  'h',"SELECT section_description FROM sections WHERE section_name  =  ""h""","SELECT section_description FROM sections WHERE section_name  =  ""h""",1.0,Resultados idênticos (ordered=False).
582,student_transcripts_tracking,What is the description for the section named h?,SELECT section_description FROM Sections WHERE section_name  =  'h',"SELECT section_description FROM sections WHERE section_name  =  ""h""","SELECT section_description FROM sections WHERE section_name  =  ""h""",1.0,Resultados idênticos (ordered=False).
583,student_transcripts_tracking,Find the first name of the students who permanently live in the country Haiti or have the cell phone number 09700166582 .,select t1.first_name from students as t1 join addresses as t2 on t1.permanent_address_id  =  t2.address_id where t2.country  =  'haiti' or t1.cell_mobile_number  =  '09700166582',"SELECT T1.first_name FROM Students AS T1 JOIN Addresses AS T2 ON T1.permanent_address_id = T2.address_id WHERE T2.country = ""Haiti"" OR T1.cell_mobile_number = ""09700166582""","SELECT T1.first_name FROM Students AS T1 JOIN Addresses AS T2 ON T1.permanent_address_id = T2.address_id WHERE T2.country = ""Haiti"" OR T1.cell_mobile_number = ""09700166582""",0.0,"Resultados divergentes (ordered=False). gold=1 linhas, pred=4 linhas."
584,student_transcripts_tracking,What are the first names of the students who live in Haiti permanently or have the cell phone number 09700166582 ?,select t1.first_name from students as t1 join addresses as t2 on t1.permanent_address_id  =  t2.address_id where t2.country  =  'haiti' or t1.cell_mobile_number  =  '09700166582',"SELECT T1.first_name FROM Students AS T1 JOIN Addresses AS T2 ON T1.permanent_address_id = T2.address_id WHERE T2.city = ""Haiti"" OR T1.cell_mobile_number = ""09700166582""","SELECT T1.first_name FROM Students AS T1 JOIN Addresses AS T2 ON T1.permanent_address_id = T2.address_id WHERE T2.city = ""Haiti"" OR T1.cell_mobile_number = ""09700166582""",1.0,Resultados idênticos (ordered=False).
585,tvshow,List the title of all cartoons in alphabetical order.,SELECT Title FROM Cartoon ORDER BY title,SELECT title FROM Cartoon ORDER BY title,SELECT title FROM Cartoon ORDER BY title,1.0,Resultados idênticos (ordered=True).
586,tvshow,What are the titles of the cartoons sorted alphabetically?,SELECT Title FROM Cartoon ORDER BY title,SELECT title FROM Cartoon ORDER BY title,SELECT title FROM Cartoon ORDER BY title,1.0,Resultados idênticos (ordered=True).
587,tvshow,"List all cartoon directed by ""Ben Jones"".","SELECT Title FROM Cartoon WHERE Directed_by = ""Ben Jones"";","SELECT t1.title FROM Cartoon AS t1 JOIN directed_by AS t2 ON t1.id  =  t2.id WHERE t2.directed_by  =  ""Ben Jones""","SELECT t1.title FROM Cartoon AS t1 JOIN directed_by AS t2 ON t1.id  =  t2.id WHERE t2.directed_by  =  ""Ben Jones""",0.0,Falha ao executar a consulta gerada: no such table: directed_by
588,tvshow,What are the names of all cartoons directed by Ben Jones?,"SELECT Title FROM Cartoon WHERE Directed_by = ""Ben Jones"";","SELECT T2.Title FROM people AS T1 JOIN Cartoon AS T2 ON T1.People_ID  =  T2.directed_by WHERE T1.Name  =  ""Ben Jones""","SELECT T2.Title FROM people AS T1 JOIN Cartoon AS T2 ON T1.People_ID  =  T2.directed_by WHERE T1.Name  =  ""Ben Jones""",0.0,Falha ao executar a consulta gerada: no such table: people
589,tvshow,"How many cartoons were written by ""Joseph Kuhr""?","SELECT count(*) FROM Cartoon WHERE Written_by = ""Joseph Kuhr"";","SELECT count(*) FROM cartoon AS T1 JOIN written_by AS T2 ON T1.id  =  T2.id WHERE T2.Written_by  =  ""Joseph Kuhr""","SELECT count(*) FROM cartoon AS T1 JOIN written_by AS T2 ON T1.id  =  T2.id WHERE T2.Written_by  =  ""Joseph Kuhr""",0.0,Falha ao executar a consulta gerada: no such table: written_by
590,tvshow,What is the number of cartoones written by Joseph Kuhr?,"SELECT count(*) FROM Cartoon WHERE Written_by = ""Joseph Kuhr"";","SELECT count(*) FROM Cartoon AS T1 JOIN Written_by AS T2 ON T1.id  =  T2.id WHERE T2.Written_by  =  ""Joseph Kuhr""","SELECT count(*) FROM Cartoon AS T1 JOIN Written_by AS T2 ON T1.id  =  T2.id WHERE T2.Written_by  =  ""Joseph Kuhr""",0.0,Falha ao executar a consulta gerada: no such table: Written_by
591,tvshow,list all cartoon titles and their directors ordered by their air date,"SELECT title ,  Directed_by FROM Cartoon ORDER BY Original_air_date","SELECT T2.Title ,  T1.directed_by FROM Cartoon AS T1 JOIN TV_Channel AS T2 ON T1.Channel  =  T2.id ORDER BY T1.original_air_date","SELECT T2.Title ,  T1.directed_by FROM Cartoon AS T1 JOIN TV_Channel AS T2 ON T1.Channel  =  T2.id ORDER BY T1.original_air_date",0.0,Falha ao executar a consulta gerada: no such column: T2.Title
592,tvshow,What is the name and directors of all the cartoons that are ordered by air date?,"SELECT title ,  Directed_by FROM Cartoon ORDER BY Original_air_date","SELECT T2.series_name ,  T1.directed_by FROM Cartoon AS T1 JOIN TV_Channel AS T2 ON T1.Channel  =  T2.id ORDER BY T1.original_air_date","SELECT T2.series_name ,  T1.directed_by FROM Cartoon AS T1 JOIN TV_Channel AS T2 ON T1.Channel  =  T2.id ORDER BY T1.original_air_date",0.0,"Resultados divergentes (ordered=True). gold=12 linhas, pred=12 linhas."
593,tvshow,"List the title of all cartoon directed by ""Ben Jones"" or ""Brandon Vietti"".","SELECT Title FROM Cartoon WHERE Directed_by = ""Ben Jones"" OR Directed_by = ""Brandon Vietti"";","SELECT T2.Title FROM TV_Channel AS T1 JOIN Cartoon AS T2 ON T1.id  =  T2.Channel WHERE T2.directed_by  =  ""Ben Jones"" OR T2.directed_by  =  ""Brandon Vietti""","SELECT T2.Title FROM TV_Channel AS T1 JOIN Cartoon AS T2 ON T1.id  =  T2.Channel WHERE T2.directed_by  =  ""Ben Jones"" OR T2.directed_by  =  ""Brandon Vietti""",1.0,Resultados idênticos (ordered=False).
594,tvshow,What are the titles of all cartoons directed by Ben Jones or Brandon Vietti?,"SELECT Title FROM Cartoon WHERE Directed_by = ""Ben Jones"" OR Directed_by = ""Brandon Vietti"";",SELECT T1.Title FROM Cartoon AS T1 JOIN TV_Channel AS T2 ON T1.Channel  =  T2.id WHERE T2.directed_by  =  'Ben Jones' OR T2.directed_by  =  'Brandon Vietti',SELECT T1.Title FROM Cartoon AS T1 JOIN TV_Channel AS T2 ON T1.Channel  =  T2.id WHERE T2.directed_by  =  'Ben Jones' OR T2.directed_by  =  'Brandon Vietti',0.0,Falha ao executar a consulta gerada: no such column: T2.directed_by
595,tvshow,Which country has the most of TV Channels? List the country and number of TV Channels it has.,"SELECT Country ,  count(*) FROM TV_Channel GROUP BY Country ORDER BY count(*) DESC LIMIT 1;","SELECT T2.Country ,  COUNT(*) FROM TV_CHANNEL AS T1 JOIN TV_series AS T2 ON T1.id  =  T2.Channel GROUP BY T2.Country ORDER BY COUNT(*) DESC LIMIT 1","SELECT T2.Country ,  COUNT(*) FROM TV_CHANNEL AS T1 JOIN TV_series AS T2 ON T1.id  =  T2.Channel GROUP BY T2.Country ORDER BY COUNT(*) DESC LIMIT 1",0.0,Falha ao executar a consulta gerada: no such column: T2.Country
596,tvshow,What is the country with the most number of TV Channels and how many does it have?,"SELECT Country ,  count(*) FROM TV_Channel GROUP BY Country ORDER BY count(*) DESC LIMIT 1;","SELECT T2.Country ,  COUNT(*) FROM Cartoon AS T1 JOIN TV_Channel AS T2 ON T1.Channel  =  T2.id GROUP BY T2.Country ORDER BY COUNT(*) DESC LIMIT 1","SELECT T2.Country ,  COUNT(*) FROM Cartoon AS T1 JOIN TV_Channel AS T2 ON T1.Channel  =  T2.id GROUP BY T2.Country ORDER BY COUNT(*) DESC LIMIT 1",0.0,"Resultados divergentes (ordered=True). gold=1 linhas, pred=1 linhas."
597,tvshow,List the number of different series names and contents in the TV Channel table.,"SELECT count(DISTINCT series_name) ,  count(DISTINCT content) FROM TV_Channel;","SELECT count(DISTINCT series_name) ,  count(DISTINCT content) FROM TV_CHANNEL","SELECT count(DISTINCT series_name) ,  count(DISTINCT content) FROM TV_CHANNEL",1.0,Resultados idênticos (ordered=False).
598,tvshow,How many different series and contents are listed in the TV Channel table?,"SELECT count(DISTINCT series_name) ,  count(DISTINCT content) FROM TV_Channel;","SELECT count(DISTINCT series_name) ,  count(DISTINCT content) FROM TV_CHANNEL","SELECT count(DISTINCT series_name) ,  count(DISTINCT content) FROM TV_CHANNEL",1.0,Resultados idênticos (ordered=False).
599,tvshow,"What is the content of TV Channel with serial name ""Sky Radio""?","SELECT Content FROM TV_Channel WHERE series_name = ""Sky Radio"";","SELECT Content FROM TV_CHANNEL WHERE series_name  =  ""Sky Radio""","SELECT Content FROM TV_CHANNEL WHERE series_name  =  ""Sky Radio""",1.0,Resultados idênticos (ordered=False).
600,tvshow,What is the content of the series Sky Radio?,"SELECT Content FROM TV_Channel WHERE series_name = ""Sky Radio"";","SELECT Content FROM TV_CHANNEL WHERE series_name  =  ""Sky Radio""","SELECT Content FROM TV_CHANNEL WHERE series_name  =  ""Sky Radio""",1.0,Resultados idênticos (ordered=False).
601,tvshow,"What is the Package Option of TV Channel with serial name ""Sky Radio""?","SELECT Package_Option FROM TV_Channel WHERE series_name = ""Sky Radio"";","SELECT package_option FROM TV_CHANNEL WHERE series_name  =  ""Sky Radio""","SELECT package_option FROM TV_CHANNEL WHERE series_name  =  ""Sky Radio""",1.0,Resultados idênticos (ordered=False).
602,tvshow,What are the Package Options of the TV Channels whose series names are Sky Radio?,"SELECT Package_Option FROM TV_Channel WHERE series_name = ""Sky Radio"";","SELECT package_option FROM TV_CHANNEL WHERE series_name  =  ""Sky Radio""","SELECT package_option FROM TV_CHANNEL WHERE series_name  =  ""Sky Radio""",1.0,Resultados idênticos (ordered=False).
603,tvshow,How many TV Channel using language English?,"SELECT count(*) FROM TV_Channel WHERE LANGUAGE = ""English"";",SELECT count(*) FROM TV_CHANNEL WHERE Language  =  'English',SELECT count(*) FROM TV_CHANNEL WHERE Language  =  'English',1.0,Resultados idênticos (ordered=False).
604,tvshow,How many TV Channels use the English language?,"SELECT count(*) FROM TV_Channel WHERE LANGUAGE = ""English"";",SELECT count(*) FROM TV_CHANNEL WHERE Language  =  'English',SELECT count(*) FROM TV_CHANNEL WHERE Language  =  'English',1.0,Resultados idênticos (ordered=False).
605,tvshow,List the language used least number of TV Channel. List language and number of TV Channel.,"SELECT LANGUAGE ,  count(*) FROM TV_Channel GROUP BY LANGUAGE ORDER BY count(*) ASC LIMIT 1;","SELECT Language ,  COUNT(*) FROM TV_Channel GROUP BY Language ORDER BY COUNT(*) ASC","SELECT Language ,  COUNT(*) FROM TV_Channel GROUP BY Language ORDER BY COUNT(*) ASC",0.0,"Resultados divergentes (ordered=True). gold=1 linhas, pred=2 linhas."
606,tvshow,What are the languages used by the least number of TV Channels and how many channels use it?,"SELECT LANGUAGE ,  count(*) FROM TV_Channel GROUP BY LANGUAGE ORDER BY count(*) ASC LIMIT 1;","SELECT T2.language ,  COUNT(*) FROM Cartoon AS T1 JOIN TV_CHANNEL AS T2 ON T1.channel  =  T2.id GROUP BY T2.language ORDER BY COUNT(*) ASC LIMIT 1","SELECT T2.language ,  COUNT(*) FROM Cartoon AS T1 JOIN TV_CHANNEL AS T2 ON T1.channel  =  T2.id GROUP BY T2.language ORDER BY COUNT(*) ASC LIMIT 1",0.0,"Resultados divergentes (ordered=True). gold=1 linhas, pred=1 linhas."
607,tvshow,List each language and the number of TV Channels using it.,"SELECT LANGUAGE ,  count(*) FROM TV_Channel GROUP BY LANGUAGE","SELECT Language ,  COUNT(*) FROM TV_Channel GROUP BY Language","SELECT Language ,  COUNT(*) FROM TV_Channel GROUP BY Language",1.0,Resultados idênticos (ordered=False).
608,tvshow,"For each language, list the number of TV Channels that use it.","SELECT LANGUAGE ,  count(*) FROM TV_Channel GROUP BY LANGUAGE","SELECT Language ,  COUNT(*) FROM TV_Channel GROUP BY Language","SELECT Language ,  COUNT(*) FROM TV_Channel GROUP BY Language",1.0,Resultados idênticos (ordered=False).
609,tvshow,"What is the TV Channel that shows the cartoon ""The Rise of the Blue Beetle!""? List the TV Channel's series name.","SELECT T1.series_name FROM TV_Channel AS T1 JOIN Cartoon AS T2 ON T1.id = T2.Channel WHERE T2.Title = ""The Rise of the Blue Beetle!"";","SELECT T2.series_name FROM Cartoon AS T1 JOIN TV_CHANNEL AS T2 ON T1.Channel  =  T2.id WHERE T1.Title  =  ""The Rise of the Blue Beetle!""","SELECT T2.series_name FROM Cartoon AS T1 JOIN TV_CHANNEL AS T2 ON T1.Channel  =  T2.id WHERE T1.Title  =  ""The Rise of the Blue Beetle!""",1.0,Resultados idênticos (ordered=False).
610,tvshow,"What is the series name of the TV Channel that shows the cartoon ""The Rise of the Blue Beetle""?","SELECT T1.series_name FROM TV_Channel AS T1 JOIN Cartoon AS T2 ON T1.id = T2.Channel WHERE T2.Title = ""The Rise of the Blue Beetle!"";","SELECT T2.series_name FROM Cartoon AS T1 JOIN TV_CHANNEL AS T2 ON T1.Channel  =  T2.id WHERE T1.Title  =  ""The Rise of the Blue Beetle""","SELECT T2.series_name FROM Cartoon AS T1 JOIN TV_CHANNEL AS T2 ON T1.Channel  =  T2.id WHERE T1.Title  =  ""The Rise of the Blue Beetle""",0.0,"Resultados divergentes (ordered=False). gold=1 linhas, pred=0 linhas."
611,tvshow,"List the title of all  Cartoons showed on TV Channel with series name ""Sky Radio"".","SELECT T2.Title FROM TV_Channel AS T1 JOIN Cartoon AS T2 ON T1.id = T2.Channel WHERE T1.series_name = ""Sky Radio"";","SELECT T2.Title FROM TV_CHANNEL AS T1 JOIN Cartoon AS T2 ON T1.id  =  T2.Channel WHERE T1.series_name  =  ""Sky Radio""","SELECT T2.Title FROM TV_CHANNEL AS T1 JOIN Cartoon AS T2 ON T1.id  =  T2.Channel WHERE T1.series_name  =  ""Sky Radio""",1.0,Resultados idênticos (ordered=False).
612,tvshow,"What is the title of all the cartools that are on the TV Channel with the series name ""Sky Radio""?","SELECT T2.Title FROM TV_Channel AS T1 JOIN Cartoon AS T2 ON T1.id = T2.Channel WHERE T1.series_name = ""Sky Radio"";","SELECT T2.Title FROM TV_CHANNEL AS T1 JOIN Cartoon AS T2 ON T1.id  =  T2.Channel WHERE T1.series_name  =  ""Sky Radio""","SELECT T2.Title FROM TV_CHANNEL AS T1 JOIN Cartoon AS T2 ON T1.id  =  T2.Channel WHERE T1.series_name  =  ""Sky Radio""",1.0,Resultados idênticos (ordered=False).
613,tvshow,List the Episode of all TV series sorted by rating.,SELECT Episode FROM TV_series ORDER BY rating,SELECT Episode FROM TV_series ORDER BY Rating,SELECT Episode FROM TV_series ORDER BY Rating,1.0,Resultados idênticos (ordered=True).
614,tvshow,What are all of the episodes ordered by ratings?,SELECT Episode FROM TV_series ORDER BY rating,SELECT Episode FROM TV_series ORDER BY Rating,SELECT Episode FROM TV_series ORDER BY Rating,1.0,Resultados idênticos (ordered=True).
615,tvshow,List top 3 highest Rating  TV series. List the TV series's Episode and Rating.,"SELECT Episode ,  Rating FROM TV_series ORDER BY Rating DESC LIMIT 3;","SELECT Episode ,  Rating FROM TV_series ORDER BY Rating DESC LIMIT 3","SELECT Episode ,  Rating FROM TV_series ORDER BY Rating DESC LIMIT 3",1.0,Resultados idênticos (ordered=True).
616,tvshow,What are 3 most highly rated episodes in the TV series table and what were those ratings?,"SELECT Episode ,  Rating FROM TV_series ORDER BY Rating DESC LIMIT 3;","SELECT Episode ,  Rating FROM TV_series ORDER BY Rating DESC LIMIT 3","SELECT Episode ,  Rating FROM TV_series ORDER BY Rating DESC LIMIT 3",1.0,Resultados idênticos (ordered=True).
617,tvshow,What is minimum and maximum share of TV series?,"SELECT max(SHARE) , min(SHARE) FROM TV_series;","SELECT min(Share) ,  max(Share) FROM TV_series","SELECT min(Share) ,  max(Share) FROM TV_series",0.0,"Resultados divergentes (ordered=False). gold=1 linhas, pred=1 linhas."
618,tvshow,What is the maximum and minimum share for the TV series?,"SELECT max(SHARE) , min(SHARE) FROM TV_series;","SELECT max(Share) ,  min(Share) FROM TV_series","SELECT max(Share) ,  min(Share) FROM TV_series",1.0,Resultados idênticos (ordered=False).
619,tvshow,"What is the air date of TV series with Episode ""A Love of a Lifetime""?","SELECT Air_Date FROM TV_series WHERE Episode = ""A Love of a Lifetime"";","SELECT T2.Air_Date FROM TV_series AS T1 JOIN Cartoon AS T2 ON T1.Channel  =  T2.id WHERE T1.Episode  =  ""A Love of a Lifetime""","SELECT T2.Air_Date FROM TV_series AS T1 JOIN Cartoon AS T2 ON T1.Channel  =  T2.id WHERE T1.Episode  =  ""A Love of a Lifetime""",0.0,Falha ao executar a consulta gerada: no such column: T2.Air_Date
620,tvshow,"When did the episode ""A Love of a Lifetime"" air?","SELECT Air_Date FROM TV_series WHERE Episode = ""A Love of a Lifetime"";","SELECT T2.air_date FROM Cartoon AS T1 JOIN TV_series AS T2 ON T1.id  =  T2.channel WHERE T1.title  =  ""A Love of a Lifetime""","SELECT T2.air_date FROM Cartoon AS T1 JOIN TV_series AS T2 ON T1.id  =  T2.channel WHERE T1.title  =  ""A Love of a Lifetime""",0.0,"Resultados divergentes (ordered=False). gold=1 linhas, pred=0 linhas."
621,tvshow,"What is Weekly Rank of TV series with Episode ""A Love of a Lifetime""?","SELECT Weekly_Rank FROM TV_series WHERE Episode = ""A Love of a Lifetime"";","SELECT T2.Weekly_Rank FROM Cartoon AS T1 JOIN TV_series AS T2 ON T1.id  =  T2.Channel WHERE T1.Title  =  ""A Love of a Lifetime""","SELECT T2.Weekly_Rank FROM Cartoon AS T1 JOIN TV_series AS T2 ON T1.id  =  T2.Channel WHERE T1.Title  =  ""A Love of a Lifetime""",0.0,"Resultados divergentes (ordered=False). gold=1 linhas, pred=0 linhas."
622,tvshow,"What is the weekly rank for the episode ""A Love of a Lifetime""?","SELECT Weekly_Rank FROM TV_series WHERE Episode = ""A Love of a Lifetime"";","SELECT T2.weekly_rank FROM Cartoon AS T1 JOIN TV_series AS T2 ON T1.id  =  T2.channel WHERE T1.title  =  ""A Love of a Lifetime""","SELECT T2.weekly_rank FROM Cartoon AS T1 JOIN TV_series AS T2 ON T1.id  =  T2.channel WHERE T1.title  =  ""A Love of a Lifetime""",0.0,"Resultados divergentes (ordered=False). gold=1 linhas, pred=0 linhas."
623,tvshow,"What is the TV Channel of TV series with Episode ""A Love of a Lifetime""? List the TV Channel's series name.","SELECT T1.series_name FROM TV_Channel AS T1 JOIN TV_series AS T2 ON T1.id = T2.Channel WHERE T2.Episode = ""A Love of a Lifetime"";","SELECT T2.series_name FROM TV_series AS T1 JOIN TV_CHANNEL AS T2 ON T1.Channel  =  T2.id WHERE Episode  =  ""A Love of a Lifetime""","SELECT T2.series_name FROM TV_series AS T1 JOIN TV_CHANNEL AS T2 ON T1.Channel  =  T2.id WHERE Episode  =  ""A Love of a Lifetime""",1.0,Resultados idênticos (ordered=False).
624,tvshow,"What is the name of the series that has the episode ""A Love of a Lifetime""?","SELECT T1.series_name FROM TV_Channel AS T1 JOIN TV_series AS T2 ON T1.id = T2.Channel WHERE T2.Episode = ""A Love of a Lifetime"";","SELECT T2.series_name FROM Cartoon AS T1 JOIN TV_series AS T2 ON T1.id  =  T2.Channel WHERE T1.Title  =  ""A Love of a Lifetime""","SELECT T2.series_name FROM Cartoon AS T1 JOIN TV_series AS T2 ON T1.id  =  T2.Channel WHERE T1.Title  =  ""A Love of a Lifetime""",0.0,Falha ao executar a consulta gerada: no such column: T2.series_name
625,tvshow,"List the Episode of all  TV series showed on TV Channel with series name ""Sky Radio"".","SELECT T2.Episode FROM TV_Channel AS T1 JOIN TV_series AS T2 ON T1.id = T2.Channel WHERE T1.series_name = ""Sky Radio"";","SELECT T2.Episode FROM TV_CHANNEL AS T1 JOIN TV_series AS T2 ON T1.id  =  T2.Channel WHERE T1.series_name  =  ""Sky Radio""","SELECT T2.Episode FROM TV_CHANNEL AS T1 JOIN TV_series AS T2 ON T1.id  =  T2.Channel WHERE T1.series_name  =  ""Sky Radio""",1.0,Resultados idênticos (ordered=False).
626,tvshow,"What is the episode for the TV series named ""Sky Radio""?","SELECT T2.Episode FROM TV_Channel AS T1 JOIN TV_series AS T2 ON T1.id = T2.Channel WHERE T1.series_name = ""Sky Radio"";","SELECT Episode FROM TV_series WHERE series_name  =  ""Sky Radio""","SELECT Episode FROM TV_series WHERE series_name  =  ""Sky Radio""",0.0,Falha ao executar a consulta gerada: no such column: series_name
627,tvshow,Find the number of cartoons directed by each of the listed directors.,"SELECT count(*) ,  Directed_by FROM cartoon GROUP BY Directed_by","SELECT directed_by ,  COUNT(*) FROM Cartoon GROUP BY directed_by","SELECT directed_by ,  COUNT(*) FROM Cartoon GROUP BY directed_by",0.0,"Resultados divergentes (ordered=False). gold=3 linhas, pred=3 linhas."
628,tvshow,How many cartoons did each director create?,"SELECT count(*) ,  Directed_by FROM cartoon GROUP BY Directed_by","SELECT directed_by ,  COUNT(*) FROM Cartoon GROUP BY directed_by","SELECT directed_by ,  COUNT(*) FROM Cartoon GROUP BY directed_by",0.0,"Resultados divergentes (ordered=False). gold=3 linhas, pred=3 linhas."
629,tvshow,Find the production code and channel of the most recently aired cartoon .,"select production_code ,  channel from cartoon order by original_air_date desc limit 1","SELECT T2.production_code ,  T2.channel FROM Cartoon AS T1 JOIN TV_CHANNEL AS T2 ON T1.channel  =  T2.id ORDER BY original_air_date DESC LIMIT 1","SELECT T2.production_code ,  T2.channel FROM Cartoon AS T1 JOIN TV_CHANNEL AS T2 ON T1.channel  =  T2.id ORDER BY original_air_date DESC LIMIT 1",0.0,Falha ao executar a consulta gerada: no such column: T2.production_code
630,tvshow,What is the produdction code and channel of the most recent cartoon ?,"select production_code ,  channel from cartoon order by original_air_date desc limit 1","SELECT production_code ,  channel FROM Cartoon ORDER BY original_air_date DESC LIMIT 1","SELECT production_code ,  channel FROM Cartoon ORDER BY original_air_date DESC LIMIT 1",1.0,Resultados idênticos (ordered=True).
631,tvshow,Find the package choice and series name of the TV channel that has high definition TV.,"SELECT package_option ,  series_name FROM TV_Channel WHERE hight_definition_TV  =  ""yes""","SELECT package_option ,  series_name FROM TV_CHANNEL WHERE Hight_definition_TV  =  'Yes'","SELECT package_option ,  series_name FROM TV_CHANNEL WHERE Hight_definition_TV  =  'Yes'",0.0,"Resultados divergentes (ordered=False). gold=1 linhas, pred=0 linhas."
632,tvshow,What are the package options and the name of the series for the TV Channel that supports high definition TV?,"SELECT package_option ,  series_name FROM TV_Channel WHERE hight_definition_TV  =  ""yes""","SELECT Package_Option ,  series_name FROM TV_CHANNEL WHERE High_definition_TV  =  'Yes'","SELECT Package_Option ,  series_name FROM TV_CHANNEL WHERE High_definition_TV  =  'Yes'",0.0,Falha ao executar a consulta gerada: no such column: High_definition_TV
633,tvshow,which countries' tv channels are playing some cartoon written by Todd Casey?,SELECT T1.country FROM TV_Channel AS T1 JOIN cartoon AS T2 ON T1.id = T2.Channel WHERE T2.written_by  =  'Todd Casey',"SELECT T2.Country FROM Cartoon AS T1 JOIN TV_CHANNEL AS T2 ON T1.Channel  =  T2.id WHERE T1.Written_by  =  ""Todd Casey""","SELECT T2.Country FROM Cartoon AS T1 JOIN TV_CHANNEL AS T2 ON T1.Channel  =  T2.id WHERE T1.Written_by  =  ""Todd Casey""",1.0,Resultados idênticos (ordered=False).
634,tvshow,What are the countries that have cartoons on TV that were written by Todd Casey?,SELECT T1.country FROM TV_Channel AS T1 JOIN cartoon AS T2 ON T1.id = T2.Channel WHERE T2.written_by  =  'Todd Casey',"SELECT T2.Country FROM Cartoon AS T1 JOIN TV_Channel AS T2 ON T1.Channel  =  T2.id WHERE Written_by  =  ""Todd Casey""","SELECT T2.Country FROM Cartoon AS T1 JOIN TV_Channel AS T2 ON T1.Channel  =  T2.id WHERE Written_by  =  ""Todd Casey""",1.0,Resultados idênticos (ordered=False).
635,tvshow,which countries' tv channels are not playing any cartoon written by Todd Casey?,SELECT country FROM TV_Channel EXCEPT SELECT T1.country FROM TV_Channel AS T1 JOIN cartoon AS T2 ON T1.id = T2.Channel WHERE T2.written_by  =  'Todd Casey',"SELECT T2.Country FROM Cartoon AS T1 JOIN TV_Channel AS T2 ON T1.Channel  =  T2.id WHERE T1.Written_by != ""Todd Casey""","SELECT T2.Country FROM Cartoon AS T1 JOIN TV_Channel AS T2 ON T1.Channel  =  T2.id WHERE T1.Written_by != ""Todd Casey""",0.0,"Resultados divergentes (ordered=False). gold=1 linhas, pred=10 linhas."
636,tvshow,What are the countries that are not playing cartoons written by Todd Casey?,SELECT country FROM TV_Channel EXCEPT SELECT T1.country FROM TV_Channel AS T1 JOIN cartoon AS T2 ON T1.id = T2.Channel WHERE T2.written_by  =  'Todd Casey',SELECT country FROM TV_CHANNEL EXCEPT SELECT T2.country FROM Cartoon AS T1 JOIN TV_CHANNEL AS T2 ON T1.channel  =  T2.id WHERE T1.Written_by  =  'Todd Casey',SELECT country FROM TV_CHANNEL EXCEPT SELECT T2.country FROM Cartoon AS T1 JOIN TV_CHANNEL AS T2 ON T1.channel  =  T2.id WHERE T1.Written_by  =  'Todd Casey',1.0,Resultados idênticos (ordered=False).
637,tvshow,Find the series name and country of the tv channel that is playing some cartoons directed by Ben Jones and Michael Chang?,"SELECT T1.series_name ,  T1.country FROM TV_Channel AS T1 JOIN cartoon AS T2 ON T1.id = T2.Channel WHERE T2.directed_by  =  'Michael Chang' INTERSECT SELECT T1.series_name ,  T1.country FROM TV_Channel AS T1 JOIN cartoon AS T2 ON T1.id = T2.Channel WHERE T2.directed_by  =  'Ben Jones'","SELECT T2.series_name ,  T2.Country FROM Cartoon AS T1 JOIN TV_CHANNEL AS T2 ON T1.Channel  =  T2.id WHERE T1.directed_by  =  'Ben Jones' INTERSECT SELECT T2.series_name ,  T2.Country FROM Cartoon AS T1 JOIN TV_CHANNEL AS T2 ON T1.Channel  =  T2.id WHERE T1.directed_by  =  'Michael Chang'","SELECT T2.series_name ,  T2.Country FROM Cartoon AS T1 JOIN TV_CHANNEL AS T2 ON T1.Channel  =  T2.id WHERE T1.directed_by  =  'Ben Jones' INTERSECT SELECT T2.series_name ,  T2.Country FROM Cartoon AS T1 JOIN TV_CHANNEL AS T2 ON T1.Channel  =  T2.id WHERE T1.directed_by  =  'Michael Chang'",1.0,Resultados idênticos (ordered=False).
638,tvshow,What is the series name and country of all TV channels that are playing cartoons directed by Ben Jones and cartoons directed by Michael Chang?,"SELECT T1.series_name ,  T1.country FROM TV_Channel AS T1 JOIN cartoon AS T2 ON T1.id = T2.Channel WHERE T2.directed_by  =  'Michael Chang' INTERSECT SELECT T1.series_name ,  T1.country FROM TV_Channel AS T1 JOIN cartoon AS T2 ON T1.id = T2.Channel WHERE T2.directed_by  =  'Ben Jones'","SELECT T2.series_name ,  T2.Country FROM Cartoon AS T1 JOIN TV_Channel AS T2 ON T1.Channel  =  T2.id WHERE T1.directed_by  =  'Ben Jones' INTERSECT SELECT T2.series_name ,  T2.Country FROM Cartoon AS T1 JOIN TV_Channel AS T2 ON T1.Channel  =  T2.id WHERE T1.directed_by  =  'Michael Chang'","SELECT T2.series_name ,  T2.Country FROM Cartoon AS T1 JOIN TV_Channel AS T2 ON T1.Channel  =  T2.id WHERE T1.directed_by  =  'Ben Jones' INTERSECT SELECT T2.series_name ,  T2.Country FROM Cartoon AS T1 JOIN TV_Channel AS T2 ON T1.Channel  =  T2.id WHERE T1.directed_by  =  'Michael Chang'",1.0,Resultados idênticos (ordered=False).
639,tvshow,find the pixel aspect ratio and nation of the tv channels that do not use English.,"SELECT Pixel_aspect_ratio_PAR ,  country FROM tv_channel WHERE LANGUAGE != 'English'","SELECT T2.Pixel_aspect_ratio_PAR ,  T2.Country FROM TV_CHANNEL AS T1 JOIN TV_CHANNEL AS T2 ON T1.id  =  T2.id WHERE T2.Language != 'English'","SELECT T2.Pixel_aspect_ratio_PAR ,  T2.Country FROM TV_CHANNEL AS T1 JOIN TV_CHANNEL AS T2 ON T1.id  =  T2.id WHERE T2.Language != 'English'",1.0,Resultados idênticos (ordered=False).
640,tvshow,What is the pixel aspect ratio and country of origin for all TV channels that do not use English?,"SELECT Pixel_aspect_ratio_PAR ,  country FROM tv_channel WHERE LANGUAGE != 'English'","SELECT T2.Pixel_aspect_ratio_PAR ,  T2.Country FROM TV_CHANNEL AS T1 JOIN TV_series AS T2 ON T1.id  =  T2.Channel WHERE T2.Language != 'English'","SELECT T2.Pixel_aspect_ratio_PAR ,  T2.Country FROM TV_CHANNEL AS T1 JOIN TV_series AS T2 ON T1.id  =  T2.Channel WHERE T2.Language != 'English'",0.0,Falha ao executar a consulta gerada: no such column: T2.Pixel_aspect_ratio_PAR
641,tvshow,find id of the tv channels that from the countries where have more than two tv channels.,SELECT id FROM tv_channel GROUP BY country HAVING count(*)  >  2,SELECT id FROM TV_CHANNEL GROUP BY id HAVING COUNT(*)  >  2,SELECT id FROM TV_CHANNEL GROUP BY id HAVING COUNT(*)  >  2,0.0,"Resultados divergentes (ordered=False). gold=1 linhas, pred=0 linhas."
642,tvshow,What are the ids of all tv channels that have more than 2 TV channels?,SELECT id FROM tv_channel GROUP BY country HAVING count(*)  >  2,SELECT id FROM TV_CHANNEL GROUP BY id HAVING COUNT(*)  >  2,SELECT id FROM TV_CHANNEL GROUP BY id HAVING COUNT(*)  >  2,0.0,"Resultados divergentes (ordered=False). gold=1 linhas, pred=0 linhas."
643,tvshow,find the id of tv channels that do not play any cartoon directed by Ben Jones.,SELECT id FROM TV_Channel EXCEPT SELECT channel FROM cartoon WHERE directed_by  =  'Ben Jones',SELECT id FROM TV_CHANNEL EXCEPT SELECT T2.id FROM Cartoon AS T1 JOIN TV_CHANNEL AS T2 ON T1.channel  =  T2.id WHERE directed_by  =  'Ben Jones',SELECT id FROM TV_CHANNEL EXCEPT SELECT T2.id FROM Cartoon AS T1 JOIN TV_CHANNEL AS T2 ON T1.channel  =  T2.id WHERE directed_by  =  'Ben Jones',1.0,Resultados idênticos (ordered=False).
644,tvshow,What are the ids of the TV channels that do not have any cartoons directed by Ben Jones?,SELECT id FROM TV_Channel EXCEPT SELECT channel FROM cartoon WHERE directed_by  =  'Ben Jones',SELECT id FROM TV_CHANNEL EXCEPT SELECT T2.id FROM Cartoon AS T1 JOIN TV_CHANNEL AS T2 ON T1.channel  =  T2.id WHERE directed_by  =  'Ben Jones',SELECT id FROM TV_CHANNEL EXCEPT SELECT T2.id FROM Cartoon AS T1 JOIN TV_CHANNEL AS T2 ON T1.channel  =  T2.id WHERE directed_by  =  'Ben Jones',1.0,Resultados idênticos (ordered=False).
645,tvshow,find the package option of the tv channel that do not have any cartoon directed by Ben Jones.,SELECT package_option FROM TV_Channel WHERE id NOT IN (SELECT channel FROM cartoon WHERE directed_by  =  'Ben Jones'),SELECT package_option FROM TV_CHANNEL EXCEPT SELECT package_option FROM TV_CHANNEL AS T1 JOIN Cartoon AS T2 ON T1.id  =  T2.channel WHERE directed_by  =  'Ben Jones',SELECT package_option FROM TV_CHANNEL EXCEPT SELECT package_option FROM TV_CHANNEL AS T1 JOIN Cartoon AS T2 ON T1.id  =  T2.channel WHERE directed_by  =  'Ben Jones',0.0,"Resultados divergentes (ordered=False). gold=11 linhas, pred=2 linhas."
646,tvshow,What are the package options of all tv channels that are not playing any cartoons directed by Ben Jones?,SELECT package_option FROM TV_Channel WHERE id NOT IN (SELECT channel FROM cartoon WHERE directed_by  =  'Ben Jones'),SELECT Package_Option FROM TV_CHANNEL EXCEPT SELECT Package_Option FROM TV_CHANNEL AS T1 JOIN Cartoon AS T2 ON T1.id  =  T2.Channel WHERE Directed_by  =  'Ben Jones',SELECT Package_Option FROM TV_CHANNEL EXCEPT SELECT Package_Option FROM TV_CHANNEL AS T1 JOIN Cartoon AS T2 ON T1.id  =  T2.Channel WHERE Directed_by  =  'Ben Jones',0.0,"Resultados divergentes (ordered=False). gold=11 linhas, pred=2 linhas."
647,poker_player,How many poker players are there?,SELECT count(*) FROM poker_player,SELECT count(*) FROM poker_player,SELECT count(*) FROM poker_player,1.0,Resultados idênticos (ordered=False).
648,poker_player,Count the number of poker players.,SELECT count(*) FROM poker_player,SELECT count(*) FROM poker_player,SELECT count(*) FROM poker_player,1.0,Resultados idênticos (ordered=False).
649,poker_player,List the earnings of poker players in descending order.,SELECT Earnings FROM poker_player ORDER BY Earnings DESC,SELECT Earnings FROM poker_player ORDER BY Earnings DESC,SELECT Earnings FROM poker_player ORDER BY Earnings DESC,1.0,Resultados idênticos (ordered=True).
650,poker_player,"What are the earnings of poker players, ordered descending by value?",SELECT Earnings FROM poker_player ORDER BY Earnings DESC,SELECT Earnings FROM poker_player ORDER BY Earnings DESC,SELECT Earnings FROM poker_player ORDER BY Earnings DESC,1.0,Resultados idênticos (ordered=True).
651,poker_player,List the final tables made and the best finishes of poker players.,"SELECT Final_Table_Made ,  Best_Finish FROM poker_player","SELECT Final_Table_Made ,  Best_Finish FROM poker_player","SELECT Final_Table_Made ,  Best_Finish FROM poker_player",1.0,Resultados idênticos (ordered=False).
652,poker_player,What are the final tables made and best finishes for all poker players?,"SELECT Final_Table_Made ,  Best_Finish FROM poker_player","SELECT Final_Table_Made ,  Best_Finish FROM poker_player","SELECT Final_Table_Made ,  Best_Finish FROM poker_player",1.0,Resultados idênticos (ordered=False).
653,poker_player,What is the average earnings of poker players?,SELECT avg(Earnings) FROM poker_player,SELECT avg(Earnings) FROM poker_player,SELECT avg(Earnings) FROM poker_player,1.0,Resultados idênticos (ordered=False).
654,poker_player,Return the average earnings across all poker players.,SELECT avg(Earnings) FROM poker_player,SELECT avg(Earnings) FROM poker_player,SELECT avg(Earnings) FROM poker_player,1.0,Resultados idênticos (ordered=False).
655,poker_player,What is the money rank of the poker player with the highest earnings?,SELECT Money_Rank FROM poker_player ORDER BY Earnings DESC LIMIT 1,SELECT Money_Rank FROM poker_player ORDER BY Earnings DESC LIMIT 1,SELECT Money_Rank FROM poker_player ORDER BY Earnings DESC LIMIT 1,1.0,Resultados idênticos (ordered=True).
656,poker_player,Return the money rank of the player with the greatest earnings.,SELECT Money_Rank FROM poker_player ORDER BY Earnings DESC LIMIT 1,SELECT Money_Rank FROM poker_player ORDER BY Earnings DESC LIMIT 1,SELECT Money_Rank FROM poker_player ORDER BY Earnings DESC LIMIT 1,1.0,Resultados idênticos (ordered=True).
657,poker_player,What is the maximum number of final tables made among poker players with earnings less than 200000?,SELECT max(Final_Table_Made) FROM poker_player WHERE Earnings  <  200000,SELECT max(Final_Table_Made) FROM poker_player WHERE Earnings  <  200000,SELECT max(Final_Table_Made) FROM poker_player WHERE Earnings  <  200000,1.0,Resultados idênticos (ordered=False).
658,poker_player,Return the maximum final tables made across all poker players who have earnings below 200000.,SELECT max(Final_Table_Made) FROM poker_player WHERE Earnings  <  200000,SELECT max(Final_Table_Made) FROM poker_player WHERE Earnings  <  200000,SELECT max(Final_Table_Made) FROM poker_player WHERE Earnings  <  200000,1.0,Resultados idênticos (ordered=False).
659,poker_player,What are the names of poker players?,SELECT T1.Name FROM people AS T1 JOIN poker_player AS T2 ON T1.People_ID  =  T2.People_ID,SELECT T2.Name FROM poker_player AS T1 JOIN people AS T2 ON T1.People_ID  =  T2.People_ID,SELECT T2.Name FROM poker_player AS T1 JOIN people AS T2 ON T1.People_ID  =  T2.People_ID,1.0,Resultados idênticos (ordered=False).
660,poker_player,Return the names of all the poker players.,SELECT T1.Name FROM people AS T1 JOIN poker_player AS T2 ON T1.People_ID  =  T2.People_ID,SELECT T2.Name FROM poker_player AS T1 JOIN people AS T2 ON T1.People_ID  =  T2.People_ID,SELECT T2.Name FROM poker_player AS T1 JOIN people AS T2 ON T1.People_ID  =  T2.People_ID,1.0,Resultados idênticos (ordered=False).
661,poker_player,What are the names of poker players whose earnings is higher than 300000?,SELECT T1.Name FROM people AS T1 JOIN poker_player AS T2 ON T1.People_ID  =  T2.People_ID WHERE T2.Earnings  >  300000,SELECT T1.Name FROM people AS T1 JOIN poker_player AS T2 ON T1.People_ID  =  T2.People_ID WHERE Earnings  >  300ml,SELECT T1.Name FROM people AS T1 JOIN poker_player AS T2 ON T1.People_ID  =  T2.People_ID WHERE Earnings  >  300ml,0.0,"Falha ao executar a consulta gerada: unrecognized token: ""300ml"""
662,poker_player,Give the names of poker players who have earnings above 300000.,SELECT T1.Name FROM people AS T1 JOIN poker_player AS T2 ON T1.People_ID  =  T2.People_ID WHERE T2.Earnings  >  300000,SELECT T1.Name FROM people AS T1 JOIN poker_player AS T2 ON T1.People_ID  =  T2.People_ID WHERE Earnings  >  300ml,SELECT T1.Name FROM people AS T1 JOIN poker_player AS T2 ON T1.People_ID  =  T2.People_ID WHERE Earnings  >  300ml,0.0,"Falha ao executar a consulta gerada: unrecognized token: ""300ml"""
663,poker_player,List the names of poker players ordered by the final tables made in ascending order.,SELECT T1.Name FROM people AS T1 JOIN poker_player AS T2 ON T1.People_ID  =  T2.People_ID ORDER BY T2.Final_Table_Made,SELECT T2.Name FROM poker_player AS T1 JOIN people AS T2 ON T1.People_ID  =  T2.People_ID ORDER BY T1.Final_Table_Made ASC,SELECT T2.Name FROM poker_player AS T1 JOIN people AS T2 ON T1.People_ID  =  T2.People_ID ORDER BY T1.Final_Table_Made ASC,1.0,Resultados idênticos (ordered=True).
664,poker_player,"What are the names of poker players, ordered ascending by the number of final tables they have made?",SELECT T1.Name FROM people AS T1 JOIN poker_player AS T2 ON T1.People_ID  =  T2.People_ID ORDER BY T2.Final_Table_Made,SELECT T2.Name FROM poker_player AS T1 JOIN people AS T2 ON T1.People_ID  =  T2.People_ID ORDER BY T1.Final_Table_Made,SELECT T2.Name FROM poker_player AS T1 JOIN people AS T2 ON T1.People_ID  =  T2.People_ID ORDER BY T1.Final_Table_Made,1.0,Resultados idênticos (ordered=True).
665,poker_player,What is the birth date of the poker player with the lowest earnings?,SELECT T1.Birth_Date FROM people AS T1 JOIN poker_player AS T2 ON T1.People_ID  =  T2.People_ID ORDER BY T2.Earnings ASC LIMIT 1,SELECT T1.Birth_Date FROM people AS T1 JOIN poker_player AS T2 ON T1.People_ID  =  T2.People_ID ORDER BY Earnings LIMIT 1,SELECT T1.Birth_Date FROM people AS T1 JOIN poker_player AS T2 ON T1.People_ID  =  T2.People_ID ORDER BY Earnings LIMIT 1,1.0,Resultados idênticos (ordered=True).
666,poker_player,Return the birth date of the poker player with the lowest earnings.,SELECT T1.Birth_Date FROM people AS T1 JOIN poker_player AS T2 ON T1.People_ID  =  T2.People_ID ORDER BY T2.Earnings ASC LIMIT 1,SELECT T1.Birth_Date FROM people AS T1 JOIN poker_player AS T2 ON T1.People_ID  =  T2.People_ID ORDER BY Earnings LIMIT 1,SELECT T1.Birth_Date FROM people AS T1 JOIN poker_player AS T2 ON T1.People_ID  =  T2.People_ID ORDER BY Earnings LIMIT 1,1.0,Resultados idênticos (ordered=True).
667,poker_player,What is the money rank of the tallest poker player?,SELECT T2.Money_Rank FROM people AS T1 JOIN poker_player AS T2 ON T1.People_ID  =  T2.People_ID ORDER BY T1.Height DESC LIMIT 1,SELECT T2.Money_Rank FROM people AS T1 JOIN poker_player AS T2 ON T1.People_ID  =  T2.People_ID ORDER BY T1.Height DESC LIMIT 1,SELECT T2.Money_Rank FROM people AS T1 JOIN poker_player AS T2 ON T1.People_ID  =  T2.People_ID ORDER BY T1.Height DESC LIMIT 1,1.0,Resultados idênticos (ordered=True).
668,poker_player,Return the money rank of the poker player with the greatest height.,SELECT T2.Money_Rank FROM people AS T1 JOIN poker_player AS T2 ON T1.People_ID  =  T2.People_ID ORDER BY T1.Height DESC LIMIT 1,SELECT T2.Money_Rank FROM people AS T1 JOIN poker_player AS T2 ON T1.People_ID  =  T2.People_ID ORDER BY T1.Height DESC LIMIT 1,SELECT T2.Money_Rank FROM people AS T1 JOIN poker_player AS T2 ON T1.People_ID  =  T2.People_ID ORDER BY T1.Height DESC LIMIT 1,1.0,Resultados idênticos (ordered=True).
669,poker_player,What is the average earnings of poker players with height higher than 200?,SELECT avg(T2.Earnings) FROM people AS T1 JOIN poker_player AS T2 ON T1.People_ID  =  T2.People_ID WHERE T1.Height  >  200,SELECT avg(T1.Earnings) FROM poker_player AS T1 JOIN people AS T2 ON T1.People_ID  =  T2.People_ID WHERE T2.Height  >  200,SELECT avg(T1.Earnings) FROM poker_player AS T1 JOIN people AS T2 ON T1.People_ID  =  T2.People_ID WHERE T2.Height  >  200,1.0,Resultados idênticos (ordered=False).
670,poker_player,Give average earnings of poker players who are taller than 200.,SELECT avg(T2.Earnings) FROM people AS T1 JOIN poker_player AS T2 ON T1.People_ID  =  T2.People_ID WHERE T1.Height  >  200,SELECT avg(T1.Earnings) FROM poker_player AS T1 JOIN people AS T2 ON T1.People_ID  =  T2.People_ID WHERE T2.Height  >  200,SELECT avg(T1.Earnings) FROM poker_player AS T1 JOIN people AS T2 ON T1.People_ID  =  T2.People_ID WHERE T2.Height  >  200,1.0,Resultados idênticos (ordered=False).
671,poker_player,What are the names of poker players in descending order of earnings?,SELECT T1.Name FROM people AS T1 JOIN poker_player AS T2 ON T1.People_ID  =  T2.People_ID ORDER BY T2.Earnings DESC,SELECT T2.Name FROM poker_player AS T1 JOIN people AS T2 ON T1.People_ID  =  T2.People_ID ORDER BY Earnings DESC,SELECT T2.Name FROM poker_player AS T1 JOIN people AS T2 ON T1.People_ID  =  T2.People_ID ORDER BY Earnings DESC,1.0,Resultados idênticos (ordered=True).
672,poker_player,Return the names of poker players sorted by their earnings descending.,SELECT T1.Name FROM people AS T1 JOIN poker_player AS T2 ON T1.People_ID  =  T2.People_ID ORDER BY T2.Earnings DESC,SELECT T2.Name FROM poker_player AS T1 JOIN people AS T2 ON T1.People_ID  =  T2.People_ID ORDER BY Earnings DESC,SELECT T2.Name FROM poker_player AS T1 JOIN people AS T2 ON T1.People_ID  =  T2.People_ID ORDER BY Earnings DESC,1.0,Resultados idênticos (ordered=True).
673,poker_player,What are different nationalities of people and the corresponding number of people from each nation?,"SELECT Nationality ,  COUNT(*) FROM people GROUP BY Nationality","SELECT Nationality ,  COUNT(*) FROM people GROUP BY Nationality","SELECT Nationality ,  COUNT(*) FROM people GROUP BY Nationality",1.0,Resultados idênticos (ordered=False).
674,poker_player,How many people are there of each nationality?,"SELECT Nationality ,  COUNT(*) FROM people GROUP BY Nationality","SELECT Nationality ,  COUNT(*) FROM people GROUP BY Nationality","SELECT Nationality ,  COUNT(*) FROM people GROUP BY Nationality",1.0,Resultados idênticos (ordered=False).
675,poker_player,What is the most common nationality of people?,SELECT Nationality FROM people GROUP BY Nationality ORDER BY COUNT(*) DESC LIMIT 1,SELECT Nationality FROM people GROUP BY Nationality ORDER BY COUNT(*) DESC LIMIT 1,SELECT Nationality FROM people GROUP BY Nationality ORDER BY COUNT(*) DESC LIMIT 1,1.0,Resultados idênticos (ordered=True).
676,poker_player,Give the nationality that is most common across all people.,SELECT Nationality FROM people GROUP BY Nationality ORDER BY COUNT(*) DESC LIMIT 1,SELECT Nationality FROM people GROUP BY Nationality ORDER BY COUNT(*) DESC LIMIT 1,SELECT Nationality FROM people GROUP BY Nationality ORDER BY COUNT(*) DESC LIMIT 1,1.0,Resultados idênticos (ordered=True).
677,poker_player,What are the nationalities that are shared by at least two people?,SELECT Nationality FROM people GROUP BY Nationality HAVING COUNT(*)  >=  2,SELECT Nationality FROM people GROUP BY Nationality HAVING COUNT(*)  >=  2,SELECT Nationality FROM people GROUP BY Nationality HAVING COUNT(*)  >=  2,1.0,Resultados idênticos (ordered=False).
678,poker_player,Return the nationalities for which there are two or more people.,SELECT Nationality FROM people GROUP BY Nationality HAVING COUNT(*)  >=  2,SELECT Nationality FROM people GROUP BY Nationality HAVING COUNT(*)  >=  2,SELECT Nationality FROM people GROUP BY Nationality HAVING COUNT(*)  >=  2,1.0,Resultados idênticos (ordered=False).
679,poker_player,List the names and birth dates of people in ascending alphabetical order of name.,"SELECT Name ,  Birth_Date FROM people ORDER BY Name ASC","SELECT Name ,  Birth_Date FROM people ORDER BY Name ASC","SELECT Name ,  Birth_Date FROM people ORDER BY Name ASC",1.0,Resultados idênticos (ordered=True).
680,poker_player,"What are the names and birth dates of people, ordered by their names in alphabetical order?","SELECT Name ,  Birth_Date FROM people ORDER BY Name ASC","SELECT Name ,  Birth_Date FROM people ORDER BY Name","SELECT Name ,  Birth_Date FROM people ORDER BY Name",1.0,Resultados idênticos (ordered=True).
681,poker_player,"Show names of people whose nationality is not ""Russia"".","SELECT Name FROM people WHERE Nationality != ""Russia""","SELECT Name FROM people WHERE Nationality != ""Russia""","SELECT Name FROM people WHERE Nationality != ""Russia""",1.0,Resultados idênticos (ordered=False).
682,poker_player,What are the names of people who are not from Russia?,"SELECT Name FROM people WHERE Nationality != ""Russia""",SELECT Name FROM people WHERE Nationality != 'Russia',SELECT Name FROM people WHERE Nationality != 'Russia',1.0,Resultados idênticos (ordered=False).
683,poker_player,List the names of people that are not poker players.,SELECT Name FROM people WHERE People_ID NOT IN (SELECT People_ID FROM poker_player),SELECT Name FROM people WHERE People_ID NOT IN (SELECT People_ID FROM poker_player),SELECT Name FROM people WHERE People_ID NOT IN (SELECT People_ID FROM poker_player),1.0,Resultados idênticos (ordered=False).
684,poker_player,What are the names of people who do not play poker?,SELECT Name FROM people WHERE People_ID NOT IN (SELECT People_ID FROM poker_player),SELECT Name FROM people WHERE People_ID NOT IN (SELECT People_ID FROM poker_player),SELECT Name FROM people WHERE People_ID NOT IN (SELECT People_ID FROM poker_player),1.0,Resultados idênticos (ordered=False).
685,poker_player,How many distinct nationalities are there?,SELECT count(DISTINCT Nationality) FROM people,SELECT count(DISTINCT Nationality) FROM people,SELECT count(DISTINCT Nationality) FROM people,1.0,Resultados idênticos (ordered=False).
686,poker_player,Count the number of different nationalities.,SELECT count(DISTINCT Nationality) FROM people,SELECT count(DISTINCT Nationality) FROM people,SELECT count(DISTINCT Nationality) FROM people,1.0,Resultados idênticos (ordered=False).
687,voter_1,How many states are there?,SELECT count(*) FROM area_code_state,SELECT count(*) FROM AREA_CODE_STATE,SELECT count(*) FROM AREA_CODE_STATE,1.0,Resultados idênticos (ordered=False).
688,voter_1,"List the contestant numbers and names, ordered by contestant name descending.","SELECT contestant_number ,  contestant_name FROM contestants ORDER BY contestant_name DESC","SELECT T1.contestant_number ,  T1.contestant_name FROM CONTESTANTS AS T1 ORDER BY T1.contestant_name DESC","SELECT T1.contestant_number ,  T1.contestant_name FROM CONTESTANTS AS T1 ORDER BY T1.contestant_name DESC",1.0,Resultados idênticos (ordered=True).
689,voter_1,"List the vote ids, phone numbers and states of all votes.","SELECT vote_id ,  phone_number ,  state FROM votes","SELECT vote_id ,  phone_number ,  state FROM VOTES","SELECT vote_id ,  phone_number ,  state FROM VOTES",1.0,Resultados idênticos (ordered=False).
690,voter_1,What are the maximum and minimum values of area codes?,"SELECT max(area_code) ,  min(area_code) FROM area_code_state","SELECT max(area_code) ,  min(area_code) FROM AREA_CODE_STATE","SELECT max(area_code) ,  min(area_code) FROM AREA_CODE_STATE",1.0,Resultados idênticos (ordered=False).
691,voter_1,What is last date created of votes from the state 'CA'?,SELECT max(created) FROM votes WHERE state  =  'CA',SELECT max(created) FROM VOTES WHERE state  =  'CA',SELECT max(created) FROM VOTES WHERE state  =  'CA',1.0,Resultados idênticos (ordered=False).
692,voter_1,What are the names of the contestants whose names are not 'Jessie Alloway',SELECT contestant_name FROM contestants WHERE contestant_name != 'Jessie Alloway',SELECT contestant_name FROM contestants WHERE contestant_name != 'Jessie Alloway',SELECT contestant_name FROM contestants WHERE contestant_name != 'Jessie Alloway',1.0,Resultados idênticos (ordered=False).
693,voter_1,What are the distinct states and create time of all votes?,"SELECT DISTINCT state ,  created FROM votes","SELECT DISTINCT state ,  created FROM VOTES","SELECT DISTINCT state ,  created FROM VOTES",1.0,Resultados idênticos (ordered=False).
694,voter_1,What are the contestant numbers and names of the contestants who had at least two votes?,"SELECT T1.contestant_number , T1.contestant_name FROM contestants AS T1 JOIN votes AS T2 ON T1.contestant_number  =  T2.contestant_number GROUP BY T1.contestant_number HAVING count(*)  >=  2","SELECT T1.contestant_number ,  T1.contestant_name FROM CONTESTANTS AS T1 JOIN VOTES AS T2 ON T1.contestant_number  =  T2.contestant_number GROUP BY T1.contestant_number HAVING COUNT(*)  >=  2","SELECT T1.contestant_number ,  T1.contestant_name FROM CONTESTANTS AS T1 JOIN VOTES AS T2 ON T1.contestant_number  =  T2.contestant_number GROUP BY T1.contestant_number HAVING COUNT(*)  >=  2",1.0,Resultados idênticos (ordered=False).
695,voter_1,"Of all the contestants who got voted, what is the contestant number and name of the contestant who got least votes?","SELECT T1.contestant_number , T1.contestant_name FROM contestants AS T1 JOIN votes AS T2 ON T1.contestant_number  =  T2.contestant_number GROUP BY T1.contestant_number ORDER BY count(*) ASC LIMIT 1","SELECT T1.contestant_number ,  T1.contestant_name FROM CONTESTANTS AS T1 JOIN VOTES AS T2 ON T1.contestant_number  =  T2.contestant_number GROUP BY T1.contestant_number ORDER BY sum(T2.vote_id) ASC LIMIT 1","SELECT T1.contestant_number ,  T1.contestant_name FROM CONTESTANTS AS T1 JOIN VOTES AS T2 ON T1.contestant_number  =  T2.contestant_number GROUP BY T1.contestant_number ORDER BY sum(T2.vote_id) ASC LIMIT 1",1.0,Resultados idênticos (ordered=True).
696,voter_1,What are the number of votes from state 'NY' or 'CA'?,SELECT count(*) FROM votes WHERE state  =  'NY' OR state  =  'CA',SELECT count(*) FROM VOTES AS T1 JOIN AREA_CODE_STATE AS T2 ON T1.state  =  T2.state WHERE T2.state  =  'NY' OR T2.state  =  'CA',SELECT count(*) FROM VOTES AS T1 JOIN AREA_CODE_STATE AS T2 ON T1.state  =  T2.state WHERE T2.state  =  'NY' OR T2.state  =  'CA',0.0,"Resultados divergentes (ordered=False). gold=1 linhas, pred=1 linhas."
697,voter_1,How many contestants did not get voted?,SELECT count(*) FROM contestants WHERE contestant_number NOT IN ( SELECT contestant_number FROM votes ),SELECT count(*) FROM contestants WHERE contestant_number NOT IN (SELECT contestant_number FROM votes),SELECT count(*) FROM contestants WHERE contestant_number NOT IN (SELECT contestant_number FROM votes),1.0,Resultados idênticos (ordered=False).
698,voter_1,What is the area code in which the most voters voted?,SELECT T1.area_code FROM area_code_state AS T1 JOIN votes AS T2 ON T1.state  =  T2.state GROUP BY T1.area_code ORDER BY count(*) DESC LIMIT 1,SELECT T1.area_code FROM AREA_CODE_STATE AS T1 JOIN VOTES AS T2 ON T1.state  =  T2.state GROUP BY T1.area_code ORDER BY count(*) DESC LIMIT 1,SELECT T1.area_code FROM AREA_CODE_STATE AS T1 JOIN VOTES AS T2 ON T1.state  =  T2.state GROUP BY T1.area_code ORDER BY count(*) DESC LIMIT 1,1.0,Resultados idênticos (ordered=True).
699,voter_1,"What are the create dates, states, and phone numbers of the votes that were for the contestant named 'Tabatha Gehling'?","SELECT T2.created ,  T2.state ,  T2.phone_number FROM contestants AS T1 JOIN votes AS T2 ON T1.contestant_number  =  T2.contestant_number WHERE T1.contestant_name  =  'Tabatha Gehling'","SELECT T1.created ,  T1.state ,  T1.phone_number FROM VOTES AS T1 JOIN CONTESTANTS AS T2 ON T1.contestant_number  =  T2.contestant_number WHERE T2.contestant_name  =  'Tabatha Gehling'","SELECT T1.created ,  T1.state ,  T1.phone_number FROM VOTES AS T1 JOIN CONTESTANTS AS T2 ON T1.contestant_number  =  T2.contestant_number WHERE T2.contestant_name  =  'Tabatha Gehling'",1.0,Resultados idênticos (ordered=False).
700,voter_1,List the area codes in which voters voted both for the contestant 'Tabatha Gehling' and the contestant 'Kelly Clauss'.,SELECT T3.area_code FROM contestants AS T1 JOIN votes AS T2 ON T1.contestant_number  =  T2.contestant_number JOIN area_code_state AS T3 ON T2.state  =  T3.state WHERE T1.contestant_name  =  'Tabatha Gehling' INTERSECT SELECT T3.area_code FROM contestants AS T1 JOIN votes AS T2 ON T1.contestant_number  =  T2.contestant_number JOIN area_code_state AS T3 ON T2.state  =  T3.state WHERE T1.contestant_name  =  'Kelly Clauss',SELECT T1.area_code FROM AREA_CODE_STATE AS T1 JOIN VOTES AS T2 ON T1.state  =  T2.state WHERE T2.contestant_number  =  ( SELECT contestant_number FROM contestants WHERE contestant_name  =  'Tabatha Gehling' ) INTERSECT SELECT T1.area_code FROM AREA_CODE_STATE AS T1 JOIN VOTES AS T2 ON T1.state  =  T2.state WHERE T2.contestant_number  =  ( SELECT contestant_number FROM contestants WHERE contestant_name  =  'Kelly Clauss' ),SELECT T1.area_code FROM AREA_CODE_STATE AS T1 JOIN VOTES AS T2 ON T1.state  =  T2.state WHERE T2.contestant_number  =  ( SELECT contestant_number FROM contestants WHERE contestant_name  =  'Tabatha Gehling' ) INTERSECT SELECT T1.area_code FROM AREA_CODE_STATE AS T1 JOIN VOTES AS T2 ON T1.state  =  T2.state WHERE T2.contestant_number  =  ( SELECT contestant_number FROM contestants WHERE contestant_name  =  'Kelly Clauss' ),1.0,Resultados idênticos (ordered=False).
701,voter_1,Return the names of the contestants whose names contain the substring 'Al' .,"select contestant_name from contestants where contestant_name like ""%al%""",SELECT contestant_name FROM contestants WHERE contestant_name LIKE '%Al%',SELECT contestant_name FROM contestants WHERE contestant_name LIKE '%Al%',1.0,Resultados idênticos (ordered=False).
702,world_1,What are the names of all the countries that became independent after 1950?,SELECT Name FROM country WHERE IndepYear  >  1950,SELECT name FROM country WHERE indepyear  >  1950,SELECT name FROM country WHERE indepyear  >  1950,1.0,Resultados idênticos (ordered=False).
703,world_1,Give the names of the nations that were founded after 1950.,SELECT Name FROM country WHERE IndepYear  >  1950,SELECT name FROM country WHERE indepyear  >  1950,SELECT name FROM country WHERE indepyear  >  1950,1.0,Resultados idênticos (ordered=False).
704,world_1,How many countries have a republic as their form of government?,"SELECT count(*) FROM country WHERE GovernmentForm  =  ""Republic""",SELECT count(*) FROM country WHERE GovernmentForm  =  'Republic',SELECT count(*) FROM country WHERE GovernmentForm  =  'Republic',1.0,Resultados idênticos (ordered=False).
705,world_1,How many countries have governments that are republics?,"SELECT count(*) FROM country WHERE GovernmentForm  =  ""Republic""",SELECT count(*) FROM country WHERE GovernmentForm  =  'Republic',SELECT count(*) FROM country WHERE GovernmentForm  =  'Republic',1.0,Resultados idênticos (ordered=False).
706,world_1,What is the total surface area of the countries in the Caribbean region?,"SELECT sum(SurfaceArea) FROM country WHERE Region  =  ""Caribbean""","SELECT sum(surfacearea) FROM country WHERE region  =  ""Caribbean""","SELECT sum(surfacearea) FROM country WHERE region  =  ""Caribbean""",1.0,Resultados idênticos (ordered=False).
707,world_1,How much surface area do the countires in the Carribean cover together?,"SELECT sum(SurfaceArea) FROM country WHERE Region  =  ""Caribbean""","SELECT sum(surfacearea) FROM country WHERE region  =  ""Caribbean""","SELECT sum(surfacearea) FROM country WHERE region  =  ""Caribbean""",1.0,Resultados idênticos (ordered=False).
708,world_1,Which continent is Anguilla in?,"SELECT Continent FROM country WHERE Name  =  ""Anguilla""","SELECT Continent FROM country WHERE Name  =  ""Anguilla""","SELECT Continent FROM country WHERE Name  =  ""Anguilla""",1.0,Resultados idênticos (ordered=False).
709,world_1,What is the continent name which Anguilla belongs to?,"SELECT Continent FROM country WHERE Name  =  ""Anguilla""","SELECT t1.Continent FROM country AS t1 JOIN city AS t2 ON t1.Code  =  t2.CountryCode WHERE t2.Name  =  ""Anguilla""","SELECT t1.Continent FROM country AS t1 JOIN city AS t2 ON t1.Code  =  t2.CountryCode WHERE t2.Name  =  ""Anguilla""",0.0,"Resultados divergentes (ordered=False). gold=1 linhas, pred=0 linhas."
710,world_1,Which region is the city Kabul located in?,"SELECT Region FROM country AS T1 JOIN city AS T2 ON T1.Code  =  T2.CountryCode WHERE T2.Name  =  ""Kabul""","SELECT t2.Region FROM city AS t1 JOIN country AS t2 ON t1.CountryCode  =  t2.Code WHERE t1.Name  =  ""Kabul""","SELECT t2.Region FROM city AS t1 JOIN country AS t2 ON t1.CountryCode  =  t2.Code WHERE t1.Name  =  ""Kabul""",1.0,Resultados idênticos (ordered=False).
711,world_1,What region is Kabul in?,"SELECT Region FROM country AS T1 JOIN city AS T2 ON T1.Code  =  T2.CountryCode WHERE T2.Name  =  ""Kabul""","SELECT Region FROM country WHERE Name  =  ""Kabul""","SELECT Region FROM country WHERE Name  =  ""Kabul""",0.0,"Resultados divergentes (ordered=False). gold=1 linhas, pred=0 linhas."
712,world_1,Which language is the most popular in Aruba?,"SELECT T2.Language FROM country AS T1 JOIN countrylanguage AS T2 ON T1.Code  =  T2.CountryCode WHERE T1.Name  =  ""Aruba"" ORDER BY Percentage DESC LIMIT 1","SELECT t1.language FROM countrylanguage AS t1 JOIN country AS t2 ON t1.countrycode  =  t2.code WHERE t2.name  =  ""Aruba"" ORDER BY t1.percentage DESC LIMIT 1","SELECT t1.language FROM countrylanguage AS t1 JOIN country AS t2 ON t1.countrycode  =  t2.code WHERE t2.name  =  ""Aruba"" ORDER BY t1.percentage DESC LIMIT 1",1.0,Resultados idênticos (ordered=True).
713,world_1,What language is predominantly spoken in Aruba?,"SELECT T2.Language FROM country AS T1 JOIN countrylanguage AS T2 ON T1.Code  =  T2.CountryCode WHERE T1.Name  =  ""Aruba"" ORDER BY Percentage DESC LIMIT 1","SELECT t1.language FROM countrylanguage AS t1 JOIN country AS t2 ON t1.countrycode  =  t2.code WHERE t2.name  =  ""Aruba"" GROUP BY t1.language ORDER BY sum(t1.percentage) DESC LIMIT 1","SELECT t1.language FROM countrylanguage AS t1 JOIN country AS t2 ON t1.countrycode  =  t2.code WHERE t2.name  =  ""Aruba"" GROUP BY t1.language ORDER BY sum(t1.percentage) DESC LIMIT 1",1.0,Resultados idênticos (ordered=True).
714,world_1,What are the population and life expectancies in Brazil?,"SELECT Population ,  LifeExpectancy FROM country WHERE Name  =  ""Brazil""","SELECT population ,  lifeexpectancy FROM country WHERE name  =  ""Brazil""","SELECT population ,  lifeexpectancy FROM country WHERE name  =  ""Brazil""",1.0,Resultados idênticos (ordered=False).
715,world_1,Give me Brazil’s population and life expectancies.,"SELECT Population ,  LifeExpectancy FROM country WHERE Name  =  ""Brazil""","SELECT population ,  LifeExpectancy FROM country WHERE Name  =  ""Brazil""","SELECT population ,  LifeExpectancy FROM country WHERE Name  =  ""Brazil""",1.0,Resultados idênticos (ordered=False).
716,world_1,What are the region and population of Angola?,"SELECT Population ,  Region FROM country WHERE Name  =  ""Angola""","SELECT Region ,  Population FROM country WHERE Name  =  ""Angola""","SELECT Region ,  Population FROM country WHERE Name  =  ""Angola""",0.0,"Resultados divergentes (ordered=False). gold=1 linhas, pred=1 linhas."
717,world_1,What region does Angola belong to and what is its population?,"SELECT Population ,  Region FROM country WHERE Name  =  ""Angola""","SELECT Region ,  Population FROM country WHERE Name  =  ""Angola""","SELECT Region ,  Population FROM country WHERE Name  =  ""Angola""",0.0,"Resultados divergentes (ordered=False). gold=1 linhas, pred=1 linhas."
718,world_1,What is the average expected life expectancy for countries in the region of Central Africa?,"SELECT avg(LifeExpectancy) FROM country WHERE Region  =  ""Central Africa""","SELECT avg(LifeExpectancy) FROM country WHERE Region  =  ""Central Africa""","SELECT avg(LifeExpectancy) FROM country WHERE Region  =  ""Central Africa""",1.0,Resultados idênticos (ordered=False).
719,world_1,How long is the people’s average life expectancy in Central Africa?,"SELECT avg(LifeExpectancy) FROM country WHERE Region  =  ""Central Africa""","SELECT avg(lifeexpectancy) FROM country WHERE continent  =  ""Africa"" AND region  =  ""Central""","SELECT avg(lifeexpectancy) FROM country WHERE continent  =  ""Africa"" AND region  =  ""Central""",0.0,"Resultados divergentes (ordered=False). gold=1 linhas, pred=1 linhas."
720,world_1,What is the name of country that has the shortest life expectancy in Asia?,"SELECT Name FROM country WHERE Continent  =  ""Asia"" ORDER BY LifeExpectancy LIMIT 1","SELECT t1.Name FROM country AS t1 JOIN countrylanguage AS t2 ON t1.Code  =  t2.CountryCode WHERE t2.Language  =  ""English"" AND t1.Continent  =  ""Asia"" ORDER BY t1.LifeExpectancy LIMIT 1","SELECT t1.Name FROM country AS t1 JOIN countrylanguage AS t2 ON t1.Code  =  t2.CountryCode WHERE t2.Language  =  ""English"" AND t1.Continent  =  ""Asia"" ORDER BY t1.LifeExpectancy LIMIT 1",0.0,"Resultados divergentes (ordered=True). gold=1 linhas, pred=1 linhas."
721,world_1,Give the name of the country in Asia with the lowest life expectancy.,"SELECT Name FROM country WHERE Continent  =  ""Asia"" ORDER BY LifeExpectancy LIMIT 1","SELECT t1.Name FROM country AS t1 JOIN countrylanguage AS t2 ON t1.Code  =  t2.CountryCode WHERE t1.Continent  =  ""Asia"" ORDER BY t1.LifeExpectancy LIMIT 1","SELECT t1.Name FROM country AS t1 JOIN countrylanguage AS t2 ON t1.Code  =  t2.CountryCode WHERE t1.Continent  =  ""Asia"" ORDER BY t1.LifeExpectancy LIMIT 1",1.0,Resultados idênticos (ordered=True).
722,world_1,What is the total population and maximum GNP in Asia?,"SELECT sum(Population) ,  max(GNP) FROM country WHERE Continent  =  ""Asia""","SELECT sum(population) ,  max(gnp) FROM country WHERE continent  =  ""Asia""","SELECT sum(population) ,  max(gnp) FROM country WHERE continent  =  ""Asia""",1.0,Resultados idênticos (ordered=False).
723,world_1,"How many people live in Asia, and what is the largest GNP among them?","SELECT sum(Population) ,  max(GNP) FROM country WHERE Continent  =  ""Asia""","SELECT sum(population) ,  max(gnp) FROM country WHERE continent  =  ""Asia""","SELECT sum(population) ,  max(gnp) FROM country WHERE continent  =  ""Asia""",1.0,Resultados idênticos (ordered=False).
724,world_1,What is the average life expectancy in African countries that are republics?,"SELECT avg(LifeExpectancy) FROM country WHERE Continent  =  ""Africa"" AND GovernmentForm  =  ""Republic""","SELECT avg(LifeExpectancy) FROM country WHERE Continent  =  ""Africa"" AND GovernmentForm  =  ""Republic""","SELECT avg(LifeExpectancy) FROM country WHERE Continent  =  ""Africa"" AND GovernmentForm  =  ""Republic""",1.0,Resultados idênticos (ordered=False).
725,world_1,Give the average life expectancy for countries in Africa which are republics?,"SELECT avg(LifeExpectancy) FROM country WHERE Continent  =  ""Africa"" AND GovernmentForm  =  ""Republic""","SELECT avg(LifeExpectancy) FROM country WHERE Continent  =  ""Africa"" AND GovernmentForm  =  ""Republic""","SELECT avg(LifeExpectancy) FROM country WHERE Continent  =  ""Africa"" AND GovernmentForm  =  ""Republic""",1.0,Resultados idênticos (ordered=False).
726,world_1,What is the total surface area of the continents Asia and Europe?,"SELECT sum(SurfaceArea) FROM country WHERE Continent  =  ""Asia"" OR Continent  =  ""Europe""","SELECT sum(surfacearea) FROM country WHERE continent  =  ""Asia"" OR continent  =  ""Europe""","SELECT sum(surfacearea) FROM country WHERE continent  =  ""Asia"" OR continent  =  ""Europe""",1.0,Resultados idênticos (ordered=False).
727,world_1,Give the total surface area covered by countries in Asia or Europe.,"SELECT sum(SurfaceArea) FROM country WHERE Continent  =  ""Asia"" OR Continent  =  ""Europe""",SELECT sum(surfacearea) FROM country WHERE continent  =  'Asia' OR continent  =  'Europe',SELECT sum(surfacearea) FROM country WHERE continent  =  'Asia' OR continent  =  'Europe',1.0,Resultados idênticos (ordered=False).
728,world_1,How many people live in Gelderland district?,"SELECT sum(Population) FROM city WHERE District  =  ""Gelderland""","SELECT population FROM city WHERE district  =  ""Gelderland""","SELECT population FROM city WHERE district  =  ""Gelderland""",0.0,"Resultados divergentes (ordered=False). gold=1 linhas, pred=4 linhas."
729,world_1,What is the total population of Gelderland district?,"SELECT sum(Population) FROM city WHERE District  =  ""Gelderland""","SELECT sum(t2.population) FROM city AS t1 JOIN country AS t2 ON t1.countrycode  =  t2.code WHERE t1.district  =  ""Gelderland""","SELECT sum(t2.population) FROM city AS t1 JOIN country AS t2 ON t1.countrycode  =  t2.code WHERE t1.district  =  ""Gelderland""",0.0,"Resultados divergentes (ordered=False). gold=1 linhas, pred=1 linhas."
730,world_1,What is the average GNP and total population in all nations whose government is US territory?,"SELECT avg(GNP) ,  sum(population) FROM country WHERE GovernmentForm  =  ""US Territory""","SELECT avg(gnp) ,  sum(population) FROM country WHERE governmentform  =  ""US Territory""","SELECT avg(gnp) ,  sum(population) FROM country WHERE governmentform  =  ""US Territory""",1.0,Resultados idênticos (ordered=False).
731,world_1,Give the mean GNP and total population of nations which are considered US territory.,"SELECT avg(GNP) ,  sum(population) FROM country WHERE GovernmentForm  =  ""US Territory""","SELECT avg(gnp) ,  sum(population) FROM country WHERE capital  =  129","SELECT avg(gnp) ,  sum(population) FROM country WHERE capital  =  129",0.0,"Resultados divergentes (ordered=False). gold=1 linhas, pred=1 linhas."
732,world_1,How many unique languages are spoken in the world?,SELECT count(DISTINCT LANGUAGE) FROM countrylanguage,SELECT count(DISTINCT Language) FROM countrylanguage,SELECT count(DISTINCT Language) FROM countrylanguage,1.0,Resultados idênticos (ordered=False).
733,world_1,What is the number of distinct languages used around the world?,SELECT count(DISTINCT LANGUAGE) FROM countrylanguage,SELECT count(DISTINCT Language) FROM countrylanguage,SELECT count(DISTINCT Language) FROM countrylanguage,1.0,Resultados idênticos (ordered=False).
734,world_1,How many type of governments are in Africa?,"SELECT count(DISTINCT GovernmentForm) FROM country WHERE Continent  =  ""Africa""","SELECT count(DISTINCT governmentform) FROM country WHERE continent  =  ""Africa""","SELECT count(DISTINCT governmentform) FROM country WHERE continent  =  ""Africa""",1.0,Resultados idênticos (ordered=False).
735,world_1,How many different forms of governments are there in Africa?,"SELECT count(DISTINCT GovernmentForm) FROM country WHERE Continent  =  ""Africa""","SELECT count(DISTINCT governmentform) FROM country WHERE continent  =  ""Africa""","SELECT count(DISTINCT governmentform) FROM country WHERE continent  =  ""Africa""",1.0,Resultados idênticos (ordered=False).
736,world_1,What is the total number of languages used in Aruba?,"SELECT COUNT(T2.Language) FROM country AS T1 JOIN countrylanguage AS T2 ON T1.Code  =  T2.CountryCode WHERE T1.Name  =  ""Aruba""","SELECT sum(t1.percentage) FROM country AS t2 JOIN countrylanguage AS t1 ON t2.code  =  t1.countrycode WHERE t2.name  =  ""Aruba""","SELECT sum(t1.percentage) FROM country AS t2 JOIN countrylanguage AS t1 ON t2.code  =  t1.countrycode WHERE t2.name  =  ""Aruba""",0.0,"Resultados divergentes (ordered=False). gold=1 linhas, pred=1 linhas."
737,world_1,How many languages are spoken in Aruba?,"SELECT COUNT(T2.Language) FROM country AS T1 JOIN countrylanguage AS T2 ON T1.Code  =  T2.CountryCode WHERE T1.Name  =  ""Aruba""","SELECT count(*) FROM countrylanguage AS T1 JOIN country AS T2 ON T1.CountryCode  =  T2.Code WHERE T2.Name  =  ""Aruba""","SELECT count(*) FROM countrylanguage AS T1 JOIN country AS T2 ON T1.CountryCode  =  T2.Code WHERE T2.Name  =  ""Aruba""",1.0,Resultados idênticos (ordered=False).
738,world_1,How many official languages does Afghanistan have?,"SELECT COUNT(*) FROM country AS T1 JOIN countrylanguage AS T2 ON T1.Code  =  T2.CountryCode WHERE T1.Name  =  ""Afghanistan"" AND IsOfficial  =  ""T""","SELECT count(*) FROM country AS T1 JOIN countrylanguage AS T2 ON T1.Code  =  T2.CountryCode WHERE T1.Name  =  ""Afghanistan"" AND T2.IsOfficial  =  ""T""","SELECT count(*) FROM country AS T1 JOIN countrylanguage AS T2 ON T1.Code  =  T2.CountryCode WHERE T1.Name  =  ""Afghanistan"" AND T2.IsOfficial  =  ""T""",1.0,Resultados idênticos (ordered=False).
739,world_1,How many official languages are spoken in Afghanistan?,"SELECT COUNT(*) FROM country AS T1 JOIN countrylanguage AS T2 ON T1.Code  =  T2.CountryCode WHERE T1.Name  =  ""Afghanistan"" AND IsOfficial  =  ""T""","SELECT count(*) FROM countrylanguage AS T1 JOIN country AS T2 ON T1.CountryCode  =  T2.Code WHERE T2.Name  =  ""Afghanistan"" AND T1.IsOfficial  =  ""T""","SELECT count(*) FROM countrylanguage AS T1 JOIN country AS T2 ON T1.CountryCode  =  T2.Code WHERE T2.Name  =  ""Afghanistan"" AND T1.IsOfficial  =  ""T""",1.0,Resultados idênticos (ordered=False).
740,world_1,What is name of the country that speaks the largest number of languages?,SELECT T1.Name FROM country AS T1 JOIN countrylanguage AS T2 ON T1.Code  =  T2.CountryCode GROUP BY T1.Name ORDER BY COUNT(*) DESC LIMIT 1,SELECT t1.Name FROM country AS t1 JOIN countrylanguage AS t2 ON t1.Code  =  t2.CountryCode GROUP BY t1.Name ORDER BY count(*) DESC LIMIT 1,SELECT t1.Name FROM country AS t1 JOIN countrylanguage AS t2 ON t1.Code  =  t2.CountryCode GROUP BY t1.Name ORDER BY count(*) DESC LIMIT 1,1.0,Resultados idênticos (ordered=True).
741,world_1,Give the name of the nation that uses the greatest amount of languages.,SELECT T1.Name FROM country AS T1 JOIN countrylanguage AS T2 ON T1.Code  =  T2.CountryCode GROUP BY T1.Name ORDER BY COUNT(*) DESC LIMIT 1,SELECT t1.Name FROM country AS t1 JOIN countrylanguage AS t2 ON t1.Code  =  t2.CountryCode GROUP BY t1.Name ORDER BY SUM(t2.Percentage) DESC LIMIT 1,SELECT t1.Name FROM country AS t1 JOIN countrylanguage AS t2 ON t1.Code  =  t2.CountryCode GROUP BY t1.Name ORDER BY SUM(t2.Percentage) DESC LIMIT 1,0.0,"Resultados divergentes (ordered=True). gold=1 linhas, pred=1 linhas."
742,world_1,Which continent has the most diverse languages?,SELECT T1.Continent FROM country AS T1 JOIN countrylanguage AS T2 ON T1.Code  =  T2.CountryCode GROUP BY T1.Continent ORDER BY COUNT(*) DESC LIMIT 1,SELECT t1.Continent FROM country AS t1 JOIN countrylanguage AS t2 ON t1.Code  =  t2.CountryCode GROUP BY t1.Continent ORDER BY count(DISTINCT t2.Language) DESC LIMIT 1,SELECT t1.Continent FROM country AS t1 JOIN countrylanguage AS t2 ON t1.Code  =  t2.CountryCode GROUP BY t1.Continent ORDER BY count(DISTINCT t2.Language) DESC LIMIT 1,1.0,Resultados idênticos (ordered=True).
743,world_1,Which continent speaks the most languages?,SELECT T1.Continent FROM country AS T1 JOIN countrylanguage AS T2 ON T1.Code  =  T2.CountryCode GROUP BY T1.Continent ORDER BY COUNT(*) DESC LIMIT 1,SELECT t1.Continent FROM country AS t1 JOIN countrylanguage AS t2 ON t1.Code  =  t2.CountryCode GROUP BY t1.Continent ORDER BY count(DISTINCT t2.Language) DESC LIMIT 1,SELECT t1.Continent FROM country AS t1 JOIN countrylanguage AS t2 ON t1.Code  =  t2.CountryCode GROUP BY t1.Continent ORDER BY count(DISTINCT t2.Language) DESC LIMIT 1,1.0,Resultados idênticos (ordered=True).
744,world_1,How many countries speak both English and Dutch?,"SELECT COUNT(*) FROM (SELECT T1.Name FROM country AS T1 JOIN countrylanguage AS T2 ON T1.Code  =  T2.CountryCode WHERE T2.Language  =  ""English"" INTERSECT SELECT T1.Name FROM country AS T1 JOIN countrylanguage AS T2 ON T1.Code  =  T2.CountryCode WHERE T2.Language  =  ""Dutch"")","SELECT COUNT(*) FROM country AS T1 JOIN countrylanguage AS T2 ON T1.Code  =  T2.CountryCode WHERE T2.Language  =  ""Dutch"" AND T2.Language  =  ""English""","SELECT COUNT(*) FROM country AS T1 JOIN countrylanguage AS T2 ON T1.Code  =  T2.CountryCode WHERE T2.Language  =  ""Dutch"" AND T2.Language  =  ""English""",0.0,"Resultados divergentes (ordered=False). gold=1 linhas, pred=1 linhas."
745,world_1,What is the number of nations that use English and Dutch?,"SELECT COUNT(*) FROM (SELECT T1.Name FROM country AS T1 JOIN countrylanguage AS T2 ON T1.Code  =  T2.CountryCode WHERE T2.Language  =  ""English"" INTERSECT SELECT T1.Name FROM country AS T1 JOIN countrylanguage AS T2 ON T1.Code  =  T2.CountryCode WHERE T2.Language  =  ""Dutch"")","SELECT count(*) FROM country AS T1 JOIN countrylanguage AS T2 ON T1.Code  =  T2.CountryCode WHERE T2.Language  =  ""English"" AND T2.Language  =  ""Dutch""","SELECT count(*) FROM country AS T1 JOIN countrylanguage AS T2 ON T1.Code  =  T2.CountryCode WHERE T2.Language  =  ""English"" AND T2.Language  =  ""Dutch""",0.0,"Resultados divergentes (ordered=False). gold=1 linhas, pred=1 linhas."
746,world_1,What are the names of nations speak both English and French?,"SELECT T1.Name FROM country AS T1 JOIN countrylanguage AS T2 ON T1.Code  =  T2.CountryCode WHERE T2.Language  =  ""English"" INTERSECT SELECT T1.Name FROM country AS T1 JOIN countrylanguage AS T2 ON T1.Code  =  T2.CountryCode WHERE T2.Language  =  ""French""","SELECT t1.Name FROM country AS t1 JOIN countrylanguage AS t2 ON t1.Code  =  t2.CountryCode WHERE t2.Language  =  ""English"" INTERSECT SELECT t1.Name FROM country AS t1 JOIN countrylanguage AS t2 ON t1.Code  =  t2.CountryCode WHERE t2.Language  =  ""French""","SELECT t1.Name FROM country AS t1 JOIN countrylanguage AS t2 ON t1.Code  =  t2.CountryCode WHERE t2.Language  =  ""English"" INTERSECT SELECT t1.Name FROM country AS t1 JOIN countrylanguage AS t2 ON t1.Code  =  t2.CountryCode WHERE t2.Language  =  ""French""",1.0,Resultados idênticos (ordered=False).
747,world_1,Give the names of nations that speak both English and French.,"SELECT T1.Name FROM country AS T1 JOIN countrylanguage AS T2 ON T1.Code  =  T2.CountryCode WHERE T2.Language  =  ""English"" INTERSECT SELECT T1.Name FROM country AS T1 JOIN countrylanguage AS T2 ON T1.Code  =  T2.CountryCode WHERE T2.Language  =  ""French""","SELECT T1.Name FROM country AS T1 JOIN countrylanguage AS T2 ON T1.Code  =  T2.CountryCode WHERE T2.Language  =  ""English"" INTERSECT SELECT T1.Name FROM country AS T1 JOIN countrylanguage AS T2 ON T1.Code  =  T2.CountryCode WHERE T2.Language  =  ""French""","SELECT T1.Name FROM country AS T1 JOIN countrylanguage AS T2 ON T1.Code  =  T2.CountryCode WHERE T2.Language  =  ""English"" INTERSECT SELECT T1.Name FROM country AS T1 JOIN countrylanguage AS T2 ON T1.Code  =  T2.CountryCode WHERE T2.Language  =  ""French""",1.0,Resultados idênticos (ordered=False).
748,world_1,What are the names of nations where both English and French are official languages?,"SELECT T1.Name FROM country AS T1 JOIN countrylanguage AS T2 ON T1.Code  =  T2.CountryCode WHERE T2.Language  =  ""English"" AND T2.IsOfficial  =  ""T"" INTERSECT SELECT T1.Name FROM country AS T1 JOIN countrylanguage AS T2 ON T1.Code  =  T2.CountryCode WHERE T2.Language  =  ""French"" AND T2.IsOfficial  =  ""T""","SELECT t1.Name FROM country AS t1 JOIN countrylanguage AS t2 ON t1.Code  =  t2.CountryCode WHERE t2.Language  =  ""English"" INTERSECT SELECT t1.Name FROM country AS t1 JOIN countrylanguage AS t2 ON t1.Code  =  t2.CountryCode WHERE t2.Language  =  ""French""","SELECT t1.Name FROM country AS t1 JOIN countrylanguage AS t2 ON t1.Code  =  t2.CountryCode WHERE t2.Language  =  ""English"" INTERSECT SELECT t1.Name FROM country AS t1 JOIN countrylanguage AS t2 ON t1.Code  =  t2.CountryCode WHERE t2.Language  =  ""French""",0.0,"Resultados divergentes (ordered=False). gold=3 linhas, pred=6 linhas."
749,world_1,Give the names of countries with English and French as official languages.,"SELECT T1.Name FROM country AS T1 JOIN countrylanguage AS T2 ON T1.Code  =  T2.CountryCode WHERE T2.Language  =  ""English"" AND T2.IsOfficial  =  ""T"" INTERSECT SELECT T1.Name FROM country AS T1 JOIN countrylanguage AS T2 ON T1.Code  =  T2.CountryCode WHERE T2.Language  =  ""French"" AND T2.IsOfficial  =  ""T""","SELECT T1.Name FROM country AS T1 JOIN countrylanguage AS T2 ON T1.Code  =  T2.CountryCode WHERE T2.Language  =  ""English"" INTERSECT SELECT T1.Name FROM country AS T1 JOIN countrylanguage AS T2 ON T1.Code  =  T2.CountryCode WHERE T2.Language  =  ""French""","SELECT T1.Name FROM country AS T1 JOIN countrylanguage AS T2 ON T1.Code  =  T2.CountryCode WHERE T2.Language  =  ""English"" INTERSECT SELECT T1.Name FROM country AS T1 JOIN countrylanguage AS T2 ON T1.Code  =  T2.CountryCode WHERE T2.Language  =  ""French""",0.0,"Resultados divergentes (ordered=False). gold=3 linhas, pred=6 linhas."
750,world_1,What is the number of distinct continents where Chinese is spoken?,"SELECT COUNT( DISTINCT Continent) FROM country AS T1 JOIN countrylanguage AS T2 ON T1.Code  =  T2.CountryCode WHERE T2.Language  =  ""Chinese""","SELECT count(DISTINCT t1.Continent) FROM country AS t1 JOIN countrylanguage AS t2 ON t1.Code  =  t2.CountryCode WHERE t2.Language  =  ""Chinese"" AND t2.IsOfficial  =  ""T""","SELECT count(DISTINCT t1.Continent) FROM country AS t1 JOIN countrylanguage AS t2 ON t1.Code  =  t2.CountryCode WHERE t2.Language  =  ""Chinese"" AND t2.IsOfficial  =  ""T""",0.0,"Resultados divergentes (ordered=False). gold=1 linhas, pred=1 linhas."
751,world_1,How many continents speak Chinese?,"SELECT COUNT( DISTINCT Continent) FROM country AS T1 JOIN countrylanguage AS T2 ON T1.Code  =  T2.CountryCode WHERE T2.Language  =  ""Chinese""","SELECT count(DISTINCT t1.Continent) FROM country AS t1 JOIN countrylanguage AS t2 ON t1.Code  =  t2.CountryCode WHERE t2.Language  =  ""Chinese""","SELECT count(DISTINCT t1.Continent) FROM country AS t1 JOIN countrylanguage AS t2 ON t1.Code  =  t2.CountryCode WHERE t2.Language  =  ""Chinese""",1.0,Resultados idênticos (ordered=False).
752,world_1,What are the regions that use English or Dutch?,"SELECT DISTINCT T1.Region FROM country AS T1 JOIN countrylanguage AS T2 ON T1.Code  =  T2.CountryCode WHERE T2.Language  =  ""English"" OR T2.Language  =  ""Dutch""","SELECT region FROM country WHERE localname  =  ""English"" OR localname  =  ""Dutch""","SELECT region FROM country WHERE localname  =  ""English"" OR localname  =  ""Dutch""",0.0,"Resultados divergentes (ordered=False). gold=20 linhas, pred=0 linhas."
753,world_1,Which regions speak Dutch or English?,"SELECT DISTINCT T1.Region FROM country AS T1 JOIN countrylanguage AS T2 ON T1.Code  =  T2.CountryCode WHERE T2.Language  =  ""English"" OR T2.Language  =  ""Dutch""","SELECT region FROM country WHERE language  =  ""Dutch"" OR language  =  ""English""","SELECT region FROM country WHERE language  =  ""Dutch"" OR language  =  ""English""",0.0,Falha ao executar a consulta gerada: no such column: language
754,world_1,What are the countries where either English or Dutch is the official language ?,"select t1.name from country as t1 join countrylanguage as t2 on t1.code  =  t2.countrycode where t2.language  =  ""english"" and isofficial  =  ""t"" union select t1.name from country as t1 join countrylanguage as t2 on t1.code  =  t2.countrycode where t2.language  =  ""dutch"" and isofficial  =  ""t""","SELECT name FROM country WHERE code IN ( SELECT countrycode FROM countrylanguage WHERE language  =  ""English"" INTERSECT SELECT countrycode FROM countrylanguage WHERE language  =  ""Dutch"" )","SELECT name FROM country WHERE code IN ( SELECT countrycode FROM countrylanguage WHERE language  =  ""English"" INTERSECT SELECT countrycode FROM countrylanguage WHERE language  =  ""Dutch"" )",0.0,"Resultados divergentes (ordered=False). gold=0 linhas, pred=3 linhas."
755,world_1,Which countries have either English or Dutch as an official language?,"SELECT * FROM country AS T1 JOIN countrylanguage AS T2 ON T1.Code  =  T2.CountryCode WHERE T2.Language  =  ""English"" AND IsOfficial  =  ""T"" UNION SELECT * FROM country AS T1 JOIN countrylanguage AS T2 ON T1.Code  =  T2.CountryCode WHERE T2.Language  =  ""Dutch"" AND IsOfficial  =  ""T""","SELECT name FROM country WHERE code IN ( SELECT countrycode FROM countrylanguage WHERE language  =  ""English"" INTERSECT SELECT countrycode FROM countrylanguage WHERE language  =  ""Dutch"" )","SELECT name FROM country WHERE code IN ( SELECT countrycode FROM countrylanguage WHERE language  =  ""English"" INTERSECT SELECT countrycode FROM countrylanguage WHERE language  =  ""Dutch"" )",0.0,"Resultados divergentes (ordered=False). gold=48 linhas, pred=3 linhas."
756,world_1,Which language is the most popular on the Asian continent?,"SELECT T2.Language FROM country AS T1 JOIN countrylanguage AS T2 ON T1.Code  =  T2.CountryCode WHERE T1.Continent  =  ""Asia"" GROUP BY T2.Language ORDER BY COUNT (*) DESC LIMIT 1","SELECT t1.language FROM countrylanguage AS t1 JOIN country AS t2 ON t1.countrycode  =  t2.code WHERE t2.continent  =  ""Asia"" GROUP BY t1.language ORDER BY sum(t1.percentage) DESC LIMIT 1","SELECT t1.language FROM countrylanguage AS t1 JOIN country AS t2 ON t1.countrycode  =  t2.code WHERE t2.continent  =  ""Asia"" GROUP BY t1.language ORDER BY sum(t1.percentage) DESC LIMIT 1",1.0,Resultados idênticos (ordered=True).
757,world_1,What is the language that is used by the largest number of Asian nations?,"SELECT T2.Language FROM country AS T1 JOIN countrylanguage AS T2 ON T1.Code  =  T2.CountryCode WHERE T1.Continent  =  ""Asia"" GROUP BY T2.Language ORDER BY COUNT (*) DESC LIMIT 1","SELECT T1.Language FROM countrylanguage AS T1 JOIN country AS T2 ON T1.CountryCode  =  T2.Code WHERE T2.Continent  =  ""Asia"" GROUP BY T1.Language ORDER BY count(*) DESC LIMIT 1","SELECT T1.Language FROM countrylanguage AS T1 JOIN country AS T2 ON T1.CountryCode  =  T2.Code WHERE T2.Continent  =  ""Asia"" GROUP BY T1.Language ORDER BY count(*) DESC LIMIT 1",1.0,Resultados idênticos (ordered=True).
758,world_1,Which languages are spoken by only one country in republic governments?,"SELECT T2.Language FROM country AS T1 JOIN countrylanguage AS T2 ON T1.Code  =  T2.CountryCode WHERE T1.GovernmentForm  =  ""Republic"" GROUP BY T2.Language HAVING COUNT(*)  =  1","SELECT T1.Language FROM countrylanguage AS T1 JOIN country AS T2 ON T1.CountryCode  =  T2.Code WHERE T2.GovernmentForm  =  ""Republic"" GROUP BY T1.Language HAVING COUNT(*)  =  1","SELECT T1.Language FROM countrylanguage AS T1 JOIN country AS T2 ON T1.CountryCode  =  T2.Code WHERE T2.GovernmentForm  =  ""Republic"" GROUP BY T1.Language HAVING COUNT(*)  =  1",1.0,Resultados idênticos (ordered=False).
759,world_1,What languages are only used by a single country with a republic government?,"SELECT T2.Language FROM country AS T1 JOIN countrylanguage AS T2 ON T1.Code  =  T2.CountryCode WHERE T1.GovernmentForm  =  ""Republic"" GROUP BY T2.Language HAVING COUNT(*)  =  1","SELECT T1.Language FROM countrylanguage AS T1 JOIN country AS T2 ON T1.CountryCode  =  T2.Code WHERE T2.GovernmentForm  =  ""Republic"" GROUP BY T1.Language HAVING COUNT(*)  =  1","SELECT T1.Language FROM countrylanguage AS T1 JOIN country AS T2 ON T1.CountryCode  =  T2.Code WHERE T2.GovernmentForm  =  ""Republic"" GROUP BY T1.Language HAVING COUNT(*)  =  1",1.0,Resultados idênticos (ordered=False).
760,world_1,Find the city with the largest population that uses English.,"SELECT T1.Name ,  T1.Population FROM city AS T1 JOIN countrylanguage AS T2 ON T1.CountryCode  =  T2.CountryCode WHERE T2.Language  =  ""English"" ORDER BY T1.Population DESC LIMIT 1","SELECT t1.name FROM city AS t1 JOIN countrylanguage AS t2 ON t1.id  =  t2.countrycode WHERE t2.language  =  ""English"" ORDER BY t1.population DESC LIMIT 1","SELECT t1.name FROM city AS t1 JOIN countrylanguage AS t2 ON t1.id  =  t2.countrycode WHERE t2.language  =  ""English"" ORDER BY t1.population DESC LIMIT 1",0.0,"Resultados divergentes (ordered=True). gold=1 linhas, pred=0 linhas."
761,world_1,What is the most populace city that speaks English?,"SELECT T1.Name ,  T1.Population FROM city AS T1 JOIN countrylanguage AS T2 ON T1.CountryCode  =  T2.CountryCode WHERE T2.Language  =  ""English"" ORDER BY T1.Population DESC LIMIT 1","SELECT t1.name FROM city AS t1 JOIN countrylanguage AS t2 ON t1.id  =  t2.countrycode WHERE t2.language  =  ""English"" ORDER BY t1.population DESC LIMIT 1","SELECT t1.name FROM city AS t1 JOIN countrylanguage AS t2 ON t1.id  =  t2.countrycode WHERE t2.language  =  ""English"" ORDER BY t1.population DESC LIMIT 1",0.0,"Resultados divergentes (ordered=True). gold=1 linhas, pred=0 linhas."
762,world_1,"Find the name, population and expected life length of asian country with the largest area?","SELECT Name ,  Population ,  LifeExpectancy FROM country WHERE Continent  =  ""Asia"" ORDER BY SurfaceArea DESC LIMIT 1","SELECT t1.name ,  t1.population ,  t1.lifeexpectancy FROM country AS t1 JOIN city AS t2 ON t1.capital  =  t2.id WHERE t1.continent  =  ""Asia"" ORDER BY t1.surfacearea DESC LIMIT 1","SELECT t1.name ,  t1.population ,  t1.lifeexpectancy FROM country AS t1 JOIN city AS t2 ON t1.capital  =  t2.id WHERE t1.continent  =  ""Asia"" ORDER BY t1.surfacearea DESC LIMIT 1",1.0,Resultados idênticos (ordered=True).
763,world_1,"What are the name, population, and life expectancy of the largest Asian country by land?","SELECT Name ,  Population ,  LifeExpectancy FROM country WHERE Continent  =  ""Asia"" ORDER BY SurfaceArea DESC LIMIT 1","SELECT name ,  population ,  lifeexpectancy FROM country WHERE continent  =  ""Asia"" ORDER BY surfacearea DESC LIMIT 1","SELECT name ,  population ,  lifeexpectancy FROM country WHERE continent  =  ""Asia"" ORDER BY surfacearea DESC LIMIT 1",1.0,Resultados idênticos (ordered=True).
764,world_1,What is average life expectancy in the countries where English is not the official language?,"SELECT avg(LifeExpectancy) FROM country WHERE Name NOT IN (SELECT T1.Name FROM country AS T1 JOIN countrylanguage AS T2 ON T1.Code  =  T2.CountryCode WHERE T2.Language  =  ""English"" AND T2.IsOfficial  =  ""T"")",SELECT avg(LifeExpectancy) FROM country WHERE Code IN ( SELECT CountryCode FROM countrylanguage WHERE Language  =  'English' EXCEPT SELECT CountryCode FROM countrylanguage WHERE IsOfficial  =  'T' ),SELECT avg(LifeExpectancy) FROM country WHERE Code IN ( SELECT CountryCode FROM countrylanguage WHERE Language  =  'English' EXCEPT SELECT CountryCode FROM countrylanguage WHERE IsOfficial  =  'T' ),0.0,"Resultados divergentes (ordered=False). gold=1 linhas, pred=1 linhas."
765,world_1,Give the mean life expectancy of countries in which English is not the official language.,"SELECT avg(LifeExpectancy) FROM country WHERE Name NOT IN (SELECT T1.Name FROM country AS T1 JOIN countrylanguage AS T2 ON T1.Code  =  T2.CountryCode WHERE T2.Language  =  ""English"" AND T2.IsOfficial  =  ""T"")",SELECT avg(LifeExpectancy) FROM country WHERE Code IN ( SELECT CountryCode FROM countrylanguage WHERE Language  =  'English' EXCEPT SELECT CountryCode FROM countrylanguage WHERE IsOfficial  =  'T' ),SELECT avg(LifeExpectancy) FROM country WHERE Code IN ( SELECT CountryCode FROM countrylanguage WHERE Language  =  'English' EXCEPT SELECT CountryCode FROM countrylanguage WHERE IsOfficial  =  'T' ),0.0,"Resultados divergentes (ordered=False). gold=1 linhas, pred=1 linhas."
766,world_1,What is the total number of people living in the nations that do not use English?,"SELECT sum(Population) FROM country WHERE Name NOT IN (SELECT T1.Name FROM country AS T1 JOIN countrylanguage AS T2 ON T1.Code  =  T2.CountryCode WHERE T2.Language  =  ""English"")","SELECT sum(t1.population) FROM country AS t1 JOIN countrylanguage AS t2 ON t1.code  =  t2.countrycode WHERE t2.language != ""English""","SELECT sum(t1.population) FROM country AS t1 JOIN countrylanguage AS t2 ON t1.code  =  t2.countrycode WHERE t2.language != ""English""",0.0,"Resultados divergentes (ordered=False). gold=1 linhas, pred=1 linhas."
767,world_1,How many people live in countries that do not speak English?,"SELECT sum(Population) FROM country WHERE Name NOT IN (SELECT T1.Name FROM country AS T1 JOIN countrylanguage AS T2 ON T1.Code  =  T2.CountryCode WHERE T2.Language  =  ""English"")",SELECT count(*) FROM country WHERE LocalName NOT LIKE '%English%',SELECT count(*) FROM country WHERE LocalName NOT LIKE '%English%',0.0,"Resultados divergentes (ordered=False). gold=1 linhas, pred=1 linhas."
768,world_1,What is the official language spoken in the country whose head of state is Beatrix?,"SELECT T2.Language FROM country AS T1 JOIN countrylanguage AS T2 ON T1.Code  =  T2.CountryCode WHERE T1.HeadOfState  =  ""Beatrix"" AND T2.IsOfficial  =  ""T""","SELECT t1.language FROM country AS t2 JOIN countrylanguage AS t1 ON t2.code  =  t1.countrycode WHERE t2.headofstate  =  ""Beatrix"" AND t1.isofficial  =  ""T""","SELECT t1.language FROM country AS t2 JOIN countrylanguage AS t1 ON t2.code  =  t1.countrycode WHERE t2.headofstate  =  ""Beatrix"" AND t1.isofficial  =  ""T""",1.0,Resultados idênticos (ordered=False).
769,world_1,What is the official language used in the country the name of whose head of state is Beatrix.,"SELECT T2.Language FROM country AS T1 JOIN countrylanguage AS T2 ON T1.Code  =  T2.CountryCode WHERE T1.HeadOfState  =  ""Beatrix"" AND T2.IsOfficial  =  ""T""","SELECT t1.language FROM country AS t2 JOIN countrylanguage AS t1 ON t2.code  =  t1.countrycode WHERE t2.headofstate  =  ""Beatrix"" AND t1.isofficial  =  ""T""","SELECT t1.language FROM country AS t2 JOIN countrylanguage AS t1 ON t2.code  =  t1.countrycode WHERE t2.headofstate  =  ""Beatrix"" AND t1.isofficial  =  ""T""",1.0,Resultados idênticos (ordered=False).
770,world_1,What is the total number of unique official languages spoken in the countries that are founded before 1930?,"SELECT count(DISTINCT T2.Language) FROM country AS T1 JOIN countrylanguage AS T2 ON T1.Code  =  T2.CountryCode WHERE  IndepYear  <  1930 AND T2.IsOfficial  =  ""T""",SELECT count(DISTINCT t1.language) FROM country AS t2 JOIN countrylanguage AS t1 ON t2.code  =  t1.countrycode WHERE t2.indepyear  <  1930 AND t1.isofficial  =  'T',SELECT count(DISTINCT t1.language) FROM country AS t2 JOIN countrylanguage AS t1 ON t2.code  =  t1.countrycode WHERE t2.indepyear  <  1930 AND t1.isofficial  =  'T',1.0,Resultados idênticos (ordered=False).
771,world_1,"For the countries founded before 1930, what is the total number of distinct official languages?","SELECT count(DISTINCT T2.Language) FROM country AS T1 JOIN countrylanguage AS T2 ON T1.Code  =  T2.CountryCode WHERE  IndepYear  <  1930 AND T2.IsOfficial  =  ""T""",SELECT count(DISTINCT t1.language) FROM country AS t1 JOIN countrylanguage AS t2 ON t1.code  =  t2.countrycode WHERE t1.indepyear  <  1930,SELECT count(DISTINCT t1.language) FROM country AS t1 JOIN countrylanguage AS t2 ON t1.code  =  t2.countrycode WHERE t1.indepyear  <  1930,0.0,Falha ao executar a consulta gerada: no such column: t1.language
772,world_1,What are the countries that have greater surface area than any country in Europe?,"SELECT Name FROM country WHERE SurfaceArea  >  (SELECT min(SurfaceArea) FROM country WHERE Continent  =  ""Europe"")","SELECT name FROM country WHERE surfacearea  >  ( SELECT max(surfacearea) FROM country WHERE continent  =  ""Europe"" )","SELECT name FROM country WHERE surfacearea  >  ( SELECT max(surfacearea) FROM country WHERE continent  =  ""Europe"" )",0.0,"Resultados divergentes (ordered=False). gold=238 linhas, pred=0 linhas."
773,world_1,Which countries have greater area than that of any country in Europe?,"SELECT Name FROM country WHERE SurfaceArea  >  (SELECT min(SurfaceArea) FROM country WHERE Continent  =  ""Europe"")","SELECT name FROM country WHERE surfacearea  >  ( SELECT max(surfacearea) FROM country WHERE continent  =  ""Europe"" )","SELECT name FROM country WHERE surfacearea  >  ( SELECT max(surfacearea) FROM country WHERE continent  =  ""Europe"" )",0.0,"Resultados divergentes (ordered=False). gold=238 linhas, pred=0 linhas."
774,world_1,What are the African countries that have a  population less than any country in Asia?,"SELECT Name FROM country WHERE Continent  =  ""Africa""  AND population  <  (SELECT max(population) FROM country WHERE Continent  =  ""Asia"")","SELECT name FROM country WHERE continent  =  ""Africa"" AND population  <  ( SELECT min(population) FROM country WHERE continent  =  ""Asia"" )","SELECT name FROM country WHERE continent  =  ""Africa"" AND population  <  ( SELECT min(population) FROM country WHERE continent  =  ""Asia"" )",0.0,"Resultados divergentes (ordered=False). gold=58 linhas, pred=5 linhas."
775,world_1,Which African countries have a smaller population than that of any country in Asia?,"SELECT Name FROM country WHERE Continent  =  ""Africa""  AND population  <  (SELECT min(population) FROM country WHERE Continent  =  ""Asia"")","SELECT name FROM country WHERE continent  =  ""Africa"" AND population  <  ( SELECT min(population) FROM country WHERE continent  =  ""Asia"" )","SELECT name FROM country WHERE continent  =  ""Africa"" AND population  <  ( SELECT min(population) FROM country WHERE continent  =  ""Asia"" )",1.0,Resultados idênticos (ordered=False).
776,world_1,Which Asian countries have a population that is larger than any country in Africa?,"SELECT Name FROM country WHERE Continent  =  ""Asia""  AND population  >  (SELECT max(population) FROM country WHERE Continent  =  ""Africa"")","SELECT name FROM country WHERE continent  =  ""Asia"" AND population  >  ( SELECT max(population) FROM country WHERE continent  =  ""Africa"" )","SELECT name FROM country WHERE continent  =  ""Asia"" AND population  >  ( SELECT max(population) FROM country WHERE continent  =  ""Africa"" )",1.0,Resultados idênticos (ordered=False).
777,world_1,What are the Asian countries which have a population larger than that of any country in Africa?,"SELECT Name FROM country WHERE Continent  =  ""Asia""  AND population  >  (SELECT min(population) FROM country WHERE Continent  =  ""Africa"")","SELECT name FROM country WHERE continent  =  ""Asia"" AND population  >  ( SELECT max(population) FROM country WHERE continent  =  ""Africa"" )","SELECT name FROM country WHERE continent  =  ""Asia"" AND population  >  ( SELECT max(population) FROM country WHERE continent  =  ""Africa"" )",0.0,"Resultados divergentes (ordered=False). gold=51 linhas, pred=6 linhas."
778,world_1,What are the country codes for countries that do not speak English?,"SELECT CountryCode FROM countrylanguage EXCEPT SELECT CountryCode FROM countrylanguage WHERE LANGUAGE  =  ""English""",SELECT Code FROM country WHERE LocalName NOT LIKE '%English%',SELECT Code FROM country WHERE LocalName NOT LIKE '%English%',0.0,"Resultados divergentes (ordered=False). gold=173 linhas, pred=239 linhas."
779,world_1,Return the country codes for countries that do not speak English.,"SELECT CountryCode FROM countrylanguage EXCEPT SELECT CountryCode FROM countrylanguage WHERE LANGUAGE  =  ""English""",SELECT Code FROM country WHERE LocalName NOT LIKE '%English%',SELECT Code FROM country WHERE LocalName NOT LIKE '%English%',0.0,"Resultados divergentes (ordered=False). gold=173 linhas, pred=239 linhas."
780,world_1,What are the country codes of countries where people use languages other than English?,"SELECT DISTINCT CountryCode FROM countrylanguage WHERE LANGUAGE != ""English""","SELECT T1.Code FROM country AS T1 JOIN countrylanguage AS T2 ON T1.Code  =  T2.CountryCode WHERE T2.Language != ""English""","SELECT T1.Code FROM country AS T1 JOIN countrylanguage AS T2 ON T1.Code  =  T2.CountryCode WHERE T2.Language != ""English""",0.0,"Resultados divergentes (ordered=False). gold=223 linhas, pred=924 linhas."
781,world_1,Give the country codes for countries in which people speak langauges that are not English.,"SELECT DISTINCT CountryCode FROM countrylanguage WHERE LANGUAGE != ""English""","SELECT T1.Code FROM country AS T1 JOIN countrylanguage AS T2 ON T1.Code  =  T2.CountryCode WHERE T2.Language != ""English""","SELECT T1.Code FROM country AS T1 JOIN countrylanguage AS T2 ON T1.Code  =  T2.CountryCode WHERE T2.Language != ""English""",0.0,"Resultados divergentes (ordered=False). gold=223 linhas, pred=924 linhas."
782,world_1,What are the codes of the countries that do not speak English and whose government forms are not Republic?,"SELECT Code FROM country WHERE GovernmentForm != ""Republic"" EXCEPT SELECT CountryCode FROM countrylanguage WHERE LANGUAGE  =  ""English""","SELECT Code FROM country WHERE GovernmentForm != ""Republic"" AND Language != ""English""","SELECT Code FROM country WHERE GovernmentForm != ""Republic"" AND Language != ""English""",0.0,Falha ao executar a consulta gerada: no such column: Language
783,world_1,Return the codes of countries that do not speak English and do not have Republics for governments.,"SELECT Code FROM country WHERE GovernmentForm != ""Republic"" EXCEPT SELECT CountryCode FROM countrylanguage WHERE LANGUAGE  =  ""English""","SELECT Code FROM country WHERE GovernmentForm != ""Republic"" EXCEPT SELECT Code FROM countrylanguage WHERE Language = ""English""","SELECT Code FROM country WHERE GovernmentForm != ""Republic"" EXCEPT SELECT Code FROM countrylanguage WHERE Language = ""English""",0.0,Falha ao executar a consulta gerada: no such column: Code
784,world_1,Which cities are in European countries where English is not the official language?,SELECT DISTINCT T2.Name FROM country AS T1 JOIN city AS T2 ON T2.CountryCode  =  T1.Code WHERE T1.Continent  =  'Europe' AND T1.Name NOT IN (SELECT T3.Name FROM country AS T3 JOIN countrylanguage AS T4 ON T3.Code  =  T4.CountryCode WHERE T4.IsOfficial  =  'T' AND T4.Language  =  'English'),"SELECT t1.name FROM city AS t1 JOIN country AS t2 ON t1.countrycode  =  t2.code WHERE t2.continent  =  ""Europe"" AND t2.localname != ""English""","SELECT t1.name FROM city AS t1 JOIN country AS t2 ON t1.countrycode  =  t2.code WHERE t2.continent  =  ""Europe"" AND t2.localname != ""English""",0.0,"Resultados divergentes (ordered=False). gold=753 linhas, pred=841 linhas."
785,world_1,What are the names of cities in Europe for which English is not the official language?,SELECT DISTINCT T2.Name FROM country AS T1 JOIN city AS T2 ON T2.CountryCode  =  T1.Code WHERE T1.Continent  =  'Europe' AND T1.Name NOT IN (SELECT T3.Name FROM country AS T3 JOIN countrylanguage AS T4 ON T3.Code  =  T4.CountryCode WHERE T4.IsOfficial  =  'T' AND T4.Language  =  'English'),"SELECT t1.name FROM city AS t1 JOIN countrylanguage AS t2 ON t1.id  =  t2.countrycode WHERE t2.language  =  ""English"" AND t2.isofficial  =  ""F"" AND t1.continent  =  ""Europe""","SELECT t1.name FROM city AS t1 JOIN countrylanguage AS t2 ON t1.id  =  t2.countrycode WHERE t2.language  =  ""English"" AND t2.isofficial  =  ""F"" AND t1.continent  =  ""Europe""",0.0,Falha ao executar a consulta gerada: no such column: t1.continent
786,world_1,Which unique cities are in Asian countries where Chinese is the official language ?,"select distinct t3.name from country as t1 join countrylanguage as t2 on t1.code  =  t2.countrycode join city as t3 on t1.code  =  t3.countrycode where t2.isofficial  =  't' and t2.language  =  'chinese' and t1.continent  =  ""asia""","SELECT DISTINCT t1.name FROM city AS t1 JOIN country AS t2 ON t1.countrycode  =  t2.code WHERE t2.continent  =  ""Asia"" AND t2.localname  =  ""Chinese"" AND t2.isofficial  =  ""T""","SELECT DISTINCT t1.name FROM city AS t1 JOIN country AS t2 ON t1.countrycode  =  t2.code WHERE t2.continent  =  ""Asia"" AND t2.localname  =  ""Chinese"" AND t2.isofficial  =  ""T""",0.0,Falha ao executar a consulta gerada: no such column: t2.isofficial
787,world_1,Return the different names of cities that are in Asia and for which Chinese is the official language.,"SELECT DISTINCT T3.Name FROM country AS T1 JOIN countrylanguage AS T2 ON T1.Code  =  T2.CountryCode JOIN city AS T3 ON T1.Code  =  T3.CountryCode WHERE T2.IsOfficial  =  'T' AND T2.Language  =  'Chinese' AND T1.Continent  =  ""Asia""","SELECT DISTINCT T1.Name FROM city AS T1 JOIN countrylanguage AS T2 ON T1.ID  =  T2.CountryCode WHERE T2.Language  =  ""Chinese"" AND T2.IsOfficial  =  ""T"" AND T1.Continent  =  ""Asia""","SELECT DISTINCT T1.Name FROM city AS T1 JOIN countrylanguage AS T2 ON T1.ID  =  T2.CountryCode WHERE T2.Language  =  ""Chinese"" AND T2.IsOfficial  =  ""T"" AND T1.Continent  =  ""Asia""",0.0,Falha ao executar a consulta gerada: no such column: T1.Continent
788,world_1,"What are the name, independence year, and surface area of the country with the smallest population?","SELECT Name ,  SurfaceArea ,  IndepYear FROM country ORDER BY Population LIMIT 1","SELECT name ,  indepyear ,  surfacearea FROM country WHERE population  =  ( SELECT MIN ( population ) FROM country )","SELECT name ,  indepyear ,  surfacearea FROM country WHERE population  =  ( SELECT MIN ( population ) FROM country )",0.0,"Resultados divergentes (ordered=True). gold=1 linhas, pred=7 linhas."
789,world_1,"Give the name, year of independence, and surface area of the country that has the lowest population.","SELECT Name ,  SurfaceArea ,  IndepYear FROM country ORDER BY Population LIMIT 1","SELECT name ,  indepyear ,  surfacearea FROM country ORDER BY population LIMIT 1","SELECT name ,  indepyear ,  surfacearea FROM country ORDER BY population LIMIT 1",0.0,"Resultados divergentes (ordered=True). gold=1 linhas, pred=1 linhas."
790,world_1,"What are the population, name and leader of the country with the largest area?","SELECT Name ,  population ,  HeadOfState FROM country ORDER BY SurfaceArea DESC LIMIT 1","SELECT t1.population ,  t1.name ,  t2.headofstate FROM country AS t1 JOIN countrygovernment AS t2 ON t1.code  =  t2.countrycode WHERE t1.surfacearea  =  ( SELECT max(surfacearea) FROM country )","SELECT t1.population ,  t1.name ,  t2.headofstate FROM country AS t1 JOIN countrygovernment AS t2 ON t1.code  =  t2.countrycode WHERE t1.surfacearea  =  ( SELECT max(surfacearea) FROM country )",0.0,Falha ao executar a consulta gerada: no such table: countrygovernment
791,world_1,"Give the name, population, and head of state for the country that has the largest area.","SELECT Name ,  population ,  HeadOfState FROM country ORDER BY SurfaceArea DESC LIMIT 1","SELECT t1.name ,  t1.population ,  t2.headofstate FROM country AS t1 JOIN countrygovernment AS t2 ON t1.code  =  t2.countrycode WHERE t1.surfacearea  =  ( SELECT max(surfacearea) FROM country )","SELECT t1.name ,  t1.population ,  t2.headofstate FROM country AS t1 JOIN countrygovernment AS t2 ON t1.code  =  t2.countrycode WHERE t1.surfacearea  =  ( SELECT max(surfacearea) FROM country )",0.0,Falha ao executar a consulta gerada: no such table: countrygovernment
792,world_1,Return the country name and the numbers of languages spoken for each country that speaks at least 3 languages.,"SELECT COUNT(T2.Language) ,  T1.Name FROM country AS T1 JOIN countrylanguage AS T2 ON T1.Code  =  T2.CountryCode GROUP BY T1.Name HAVING COUNT(*)  >  2","SELECT T1.Name ,  count(*) FROM country AS T1 JOIN countrylanguage AS T2 ON T1.Code  =  T2.CountryCode WHERE T2.Percentage  >=  3 GROUP BY T1.Name","SELECT T1.Name ,  count(*) FROM country AS T1 JOIN countrylanguage AS T2 ON T1.Code  =  T2.CountryCode WHERE T2.Percentage  >=  3 GROUP BY T1.Name",0.0,"Resultados divergentes (ordered=False). gold=149 linhas, pred=213 linhas."
793,world_1,"What are the names of countries that speak more than 2 languages, as well as how many languages they speak?","SELECT COUNT(T2.Language) ,  T1.Name FROM country AS T1 JOIN countrylanguage AS T2 ON T1.Code  =  T2.CountryCode GROUP BY T1.Name HAVING COUNT(*)  >  2","SELECT T1.Name ,  count(*) FROM country AS T1 JOIN countrylanguage AS T2 ON T1.Code  =  T2.CountryCode WHERE T2.Percentage  >  2 GROUP BY T1.Name","SELECT T1.Name ,  count(*) FROM country AS T1 JOIN countrylanguage AS T2 ON T1.Code  =  T2.CountryCode WHERE T2.Percentage  >  2 GROUP BY T1.Name",0.0,"Resultados divergentes (ordered=False). gold=149 linhas, pred=213 linhas."
794,world_1,Find the number of cities in each district whose population is greater than the average population of cities?,"SELECT count(*) ,  District FROM city WHERE Population  >  (SELECT avg(Population) FROM city) GROUP BY District","SELECT District ,  COUNT(*) FROM city WHERE Population  >  (SELECT avg(Population) FROM city) GROUP BY District","SELECT District ,  COUNT(*) FROM city WHERE Population  >  (SELECT avg(Population) FROM city) GROUP BY District",0.0,"Resultados divergentes (ordered=False). gold=539 linhas, pred=539 linhas."
795,world_1,How many cities in each district have a population that is above the average population across all cities?,"SELECT count(*) ,  District FROM city WHERE Population  >  (SELECT avg(Population) FROM city) GROUP BY District","SELECT district ,  count(*) FROM city WHERE population  >  (SELECT avg(population) FROM city) GROUP BY district","SELECT district ,  count(*) FROM city WHERE population  >  (SELECT avg(population) FROM city) GROUP BY district",0.0,"Resultados divergentes (ordered=False). gold=539 linhas, pred=539 linhas."
796,world_1,Find the government form name and total population for each government form whose average life expectancy is longer than 72.,"SELECT sum(Population) ,  GovernmentForm FROM country GROUP BY GovernmentForm HAVING avg(LifeExpectancy)  >  72","SELECT governmentform ,  sum(population) FROM country GROUP BY governmentform HAVING avg(lifeexpectancy)  >  72","SELECT governmentform ,  sum(population) FROM country GROUP BY governmentform HAVING avg(lifeexpectancy)  >  72",0.0,"Resultados divergentes (ordered=False). gold=17 linhas, pred=17 linhas."
797,world_1,What are the different government forms and what is the total population of each for government forms that have an average life expectancy greater than 72?,"SELECT sum(Population) ,  GovernmentForm FROM country GROUP BY GovernmentForm HAVING avg(LifeExpectancy)  >  72","SELECT governmentform ,  sum(population) FROM country WHERE LifeExpectancy  >  72 GROUP BY governmentform","SELECT governmentform ,  sum(population) FROM country WHERE LifeExpectancy  >  72 GROUP BY governmentform",0.0,"Resultados divergentes (ordered=False). gold=17 linhas, pred=22 linhas."
798,world_1,Find the average life expectancy and total population for each continent where the average life expectancy is shorter than 72?,"SELECT sum(Population) ,  avg(LifeExpectancy) ,  Continent FROM country GROUP BY Continent HAVING avg(LifeExpectancy)  <  72","SELECT avg(LifeExpectancy) ,  sum(Population) FROM country WHERE LifeExpectancy  <  72 GROUP BY Continent","SELECT avg(LifeExpectancy) ,  sum(Population) FROM country WHERE LifeExpectancy  <  72 GROUP BY Continent",0.0,"Resultados divergentes (ordered=False). gold=4 linhas, pred=6 linhas."
799,world_1,"What are the different continents and the total popuation and average life expectancy corresponding to each, for continents that have an average life expectancy less than 72?","SELECT sum(Population) ,  avg(LifeExpectancy) ,  Continent FROM country GROUP BY Continent HAVING avg(LifeExpectancy)  <  72","SELECT DISTINCT T1.Continent ,  sum(T1.Population) ,  avg(T1.LifeExpectancy) FROM country AS T1 JOIN countrylanguage AS T2 ON T1.Code  =  T2.CountryCode WHERE T2.Percentage  >  0.0 AND avg(T1.LifeExpectancy)  <  72 GROUP BY T1.Continent","SELECT DISTINCT T1.Continent ,  sum(T1.Population) ,  avg(T1.LifeExpectancy) FROM country AS T1 JOIN countrylanguage AS T2 ON T1.Code  =  T2.CountryCode WHERE T2.Percentage  >  0.0 AND avg(T1.LifeExpectancy)  <  72 GROUP BY T1.Continent",0.0,Falha ao executar a consulta gerada: misuse of aggregate: avg()
800,world_1,What are the names and areas of countries with the top 5 largest area?,"SELECT Name ,  SurfaceArea FROM country ORDER BY SurfaceArea DESC LIMIT 5","SELECT name ,  surfacearea FROM country ORDER BY surfacearea DESC LIMIT 5","SELECT name ,  surfacearea FROM country ORDER BY surfacearea DESC LIMIT 5",1.0,Resultados idênticos (ordered=True).
801,world_1,Return the names and surface areas of the 5 largest countries.,"SELECT Name ,  SurfaceArea FROM country ORDER BY SurfaceArea DESC LIMIT 5","SELECT name ,  surfacearea FROM country ORDER BY surfacearea DESC LIMIT 5","SELECT name ,  surfacearea FROM country ORDER BY surfacearea DESC LIMIT 5",1.0,Resultados idênticos (ordered=True).
802,world_1,What are names of countries with the top 3 largest population?,SELECT Name FROM country ORDER BY Population DESC LIMIT 3,SELECT name FROM country ORDER BY population DESC LIMIT 3,SELECT name FROM country ORDER BY population DESC LIMIT 3,1.0,Resultados idênticos (ordered=True).
803,world_1,Return the names of the 3 most populated countries.,SELECT Name FROM country ORDER BY Population DESC LIMIT 3,SELECT name FROM country ORDER BY population DESC LIMIT 3,SELECT name FROM country ORDER BY population DESC LIMIT 3,1.0,Resultados idênticos (ordered=True).
804,world_1,What are the names of the nations with the 3 lowest populations?,SELECT Name FROM country ORDER BY Population ASC LIMIT 3,SELECT name FROM country ORDER BY population LIMIT 3,SELECT name FROM country ORDER BY population LIMIT 3,1.0,Resultados idênticos (ordered=True).
805,world_1,Return the names of the 3 countries with the fewest people.,SELECT Name FROM country ORDER BY Population ASC LIMIT 3,SELECT name FROM country ORDER BY population LIMIT 3,SELECT name FROM country ORDER BY population LIMIT 3,1.0,Resultados idênticos (ordered=True).
806,world_1,how many countries are in Asia?,"SELECT count(*) FROM country WHERE continent  =  ""Asia""",SELECT count(*) FROM country WHERE Continent  =  'Asia',SELECT count(*) FROM country WHERE Continent  =  'Asia',1.0,Resultados idênticos (ordered=False).
807,world_1,Count the number of countries in Asia.,"SELECT count(*) FROM country WHERE continent  =  ""Asia""",SELECT count(*) FROM country WHERE Continent  =  'Asia',SELECT count(*) FROM country WHERE Continent  =  'Asia',1.0,Resultados idênticos (ordered=False).
808,world_1,What are the names of the countries that are in the continent of Europe and have a population of 80000?,"SELECT Name FROM country WHERE continent  =  ""Europe"" AND Population  =  ""80000""","SELECT name FROM country WHERE continent  =  ""Europe"" AND population  >  80000","SELECT name FROM country WHERE continent  =  ""Europe"" AND population  >  80000",0.0,"Resultados divergentes (ordered=False). gold=0 linhas, pred=38 linhas."
809,world_1,Give the names of countries that are in Europe and have a population equal to 80000.,"SELECT Name FROM country WHERE continent  =  ""Europe"" AND Population  =  ""80000""","SELECT name FROM country WHERE continent  =  ""Europe"" AND population  =  80000","SELECT name FROM country WHERE continent  =  ""Europe"" AND population  =  80000",1.0,Resultados idênticos (ordered=False).
810,world_1,What is the total population and average area of countries in the continent of North America whose area is bigger than 3000 ?,"select sum(population) ,  avg(surfacearea) from country where continent  =  ""north america"" and surfacearea  >  3000","SELECT sum(population) ,  avg(surfacearea) FROM country WHERE continent  =  ""North America"" AND surfacearea  >  3000","SELECT sum(population) ,  avg(surfacearea) FROM country WHERE continent  =  ""North America"" AND surfacearea  >  3000",0.0,"Resultados divergentes (ordered=False). gold=1 linhas, pred=1 linhas."
811,world_1,Give the total population and average surface area corresponding to countries in North America that have a surface area greater than 3000 .,"select sum(population) ,  avg(surfacearea) from country where continent  =  ""north america"" and surfacearea  >  3000","SELECT sum(population) ,  avg(surfacearea) FROM country WHERE continent  =  ""North America"" AND surfacearea  >  3000","SELECT sum(population) ,  avg(surfacearea) FROM country WHERE continent  =  ""North America"" AND surfacearea  >  3000",0.0,"Resultados divergentes (ordered=False). gold=1 linhas, pred=1 linhas."
812,world_1,What are the cities whose population is between 160000 and 900000?,SELECT name FROM city WHERE Population BETWEEN 160000 AND 900000,SELECT name FROM city WHERE population BETWEEN 160000 AND 900000,SELECT name FROM city WHERE population BETWEEN 160000 AND 900000,1.0,Resultados idênticos (ordered=False).
813,world_1,Return the names of cities that have a population between 160000 and 900000 .,select name from city where population between 160000 and 900000,SELECT name FROM city WHERE population BETWEEN 160000 AND 900000,SELECT name FROM city WHERE population BETWEEN 160000 AND 900000,1.0,Resultados idênticos (ordered=False).
814,world_1,Which language is spoken by the largest number of countries?,SELECT LANGUAGE FROM countrylanguage GROUP BY LANGUAGE ORDER BY count(*) DESC LIMIT 1,SELECT T1.Language FROM countrylanguage AS T1 JOIN country AS T2 ON T1.CountryCode  =  T2.Code GROUP BY T1.Language ORDER BY count(*) DESC LIMIT 1,SELECT T1.Language FROM countrylanguage AS T1 JOIN country AS T2 ON T1.CountryCode  =  T2.Code GROUP BY T1.Language ORDER BY count(*) DESC LIMIT 1,1.0,Resultados idênticos (ordered=True).
815,world_1,Give the language that is spoken in the most countries.,SELECT LANGUAGE FROM countrylanguage GROUP BY LANGUAGE ORDER BY count(*) DESC LIMIT 1,SELECT T2.Language FROM countrylanguage AS T1 JOIN country AS T2 ON T1.CountryCode  =  T2.Code GROUP BY T1.Language ORDER BY count(*) DESC LIMIT 1,SELECT T2.Language FROM countrylanguage AS T1 JOIN country AS T2 ON T1.CountryCode  =  T2.Code GROUP BY T1.Language ORDER BY count(*) DESC LIMIT 1,0.0,Falha ao executar a consulta gerada: no such column: T2.Language
816,world_1,What is the language spoken by the largest percentage of people in each country?,"SELECT LANGUAGE ,  CountryCode ,  max(Percentage) FROM countrylanguage GROUP BY CountryCode","SELECT T1.Language ,  T1.Percentage FROM countrylanguage AS T1 JOIN country AS T2 ON T1.CountryCode  =  T2.Code ORDER BY T1.Percentage DESC LIMIT 1","SELECT T1.Language ,  T1.Percentage FROM countrylanguage AS T1 JOIN country AS T2 ON T1.CountryCode  =  T2.Code ORDER BY T1.Percentage DESC LIMIT 1",0.0,"Resultados divergentes (ordered=False). gold=233 linhas, pred=1 linhas."
817,world_1,"What are the country codes of the different countries, and what are the languages spoken by the greatest percentage of people for each?","SELECT LANGUAGE ,  CountryCode ,  max(Percentage) FROM countrylanguage GROUP BY CountryCode","SELECT T1.Code ,  T2.Language FROM country AS T1 JOIN countrylanguage AS T2 ON T1.Code  =  T2.CountryCode ORDER BY T2.Percentage DESC LIMIT 1","SELECT T1.Code ,  T2.Language FROM country AS T1 JOIN countrylanguage AS T2 ON T1.Code  =  T2.CountryCode ORDER BY T2.Percentage DESC LIMIT 1",0.0,"Resultados divergentes (ordered=False). gold=233 linhas, pred=1 linhas."
818,world_1,What is the total number of countries where Spanish is spoken by the largest percentage of people?,"SELECT count(*) ,   max(Percentage) FROM countrylanguage WHERE LANGUAGE  =  ""Spanish"" GROUP BY CountryCode","SELECT sum(t1.Percentage) FROM country AS t2 JOIN countrylanguage AS t1 ON t2.Code  =  t1.CountryCode WHERE t1.Language  =  ""Spanish"" AND t1.IsOfficial  =  ""T""","SELECT sum(t1.Percentage) FROM country AS t2 JOIN countrylanguage AS t1 ON t2.Code  =  t1.CountryCode WHERE t1.Language  =  ""Spanish"" AND t1.IsOfficial  =  ""T""",0.0,"Resultados divergentes (ordered=False). gold=28 linhas, pred=1 linhas."
819,world_1,Count the number of countries for which Spanish is the predominantly spoken language.,"SELECT count(*) ,   max(Percentage) FROM countrylanguage WHERE LANGUAGE  =  ""Spanish"" GROUP BY CountryCode","SELECT count(*) FROM country AS T1 JOIN countrylanguage AS T2 ON T1.Code  =  T2.CountryCode WHERE T2.Language  =  ""Spanish"" AND T2.Percentage  >  50","SELECT count(*) FROM country AS T1 JOIN countrylanguage AS T2 ON T1.Code  =  T2.CountryCode WHERE T2.Language  =  ""Spanish"" AND T2.Percentage  >  50",0.0,"Resultados divergentes (ordered=False). gold=28 linhas, pred=1 linhas."
820,world_1,What are the codes of countries where Spanish is spoken by the largest percentage of people?,"SELECT CountryCode ,  max(Percentage) FROM countrylanguage WHERE LANGUAGE  =  ""Spanish"" GROUP BY CountryCode","SELECT T1.Code FROM country AS T1 JOIN countrylanguage AS T2 ON T1.Code  =  T2.CountryCode WHERE T2.Language  =  ""Spanish"" AND T2.Percentage  =  ( SELECT max(Percentage) FROM countrylanguage AS T3 JOIN country AS T4 ON T3.CountryCode  =  T4.Code WHERE T3.Language  =  ""Spanish"" )","SELECT T1.Code FROM country AS T1 JOIN countrylanguage AS T2 ON T1.Code  =  T2.CountryCode WHERE T2.Language  =  ""Spanish"" AND T2.Percentage  =  ( SELECT max(Percentage) FROM countrylanguage AS T3 JOIN country AS T4 ON T3.CountryCode  =  T4.Code WHERE T3.Language  =  ""Spanish"" )",0.0,"Resultados divergentes (ordered=False). gold=28 linhas, pred=2 linhas."
821,world_1,Return the codes of countries for which Spanish is the predominantly spoken language.,"SELECT CountryCode ,  max(Percentage) FROM countrylanguage WHERE LANGUAGE  =  ""Spanish"" GROUP BY CountryCode","SELECT T1.Code FROM country AS T1 JOIN countrylanguage AS T2 ON T1.Code  =  T2.CountryCode WHERE T2.Language  =  ""Spanish"" AND T2.Percentage  >  50","SELECT T1.Code FROM country AS T1 JOIN countrylanguage AS T2 ON T1.Code  =  T2.CountryCode WHERE T2.Language  =  ""Spanish"" AND T2.Percentage  >  50",0.0,"Resultados divergentes (ordered=False). gold=28 linhas, pred=20 linhas."
822,orchestra,How many conductors are there?,SELECT count(*) FROM conductor,SELECT count(*) FROM conductor,SELECT count(*) FROM conductor,1.0,Resultados idênticos (ordered=False).
823,orchestra,Count the number of conductors.,SELECT count(*) FROM conductor,SELECT count(*) FROM conductor,SELECT count(*) FROM conductor,1.0,Resultados idênticos (ordered=False).
824,orchestra,List the names of conductors in ascending order of age.,SELECT Name FROM conductor ORDER BY Age ASC,SELECT Name FROM conductor ORDER BY Age ASC,SELECT Name FROM conductor ORDER BY Age ASC,1.0,Resultados idênticos (ordered=True).
825,orchestra,"What are the names of conductors, ordered by age?",SELECT Name FROM conductor ORDER BY Age ASC,SELECT Name FROM conductor ORDER BY Age,SELECT Name FROM conductor ORDER BY Age,1.0,Resultados idênticos (ordered=True).
826,orchestra,"What are the names of conductors whose nationalities are not ""USA""?",SELECT Name FROM conductor WHERE Nationality != 'USA',"SELECT Name FROM conductor WHERE Nationality != ""USA""","SELECT Name FROM conductor WHERE Nationality != ""USA""",1.0,Resultados idênticos (ordered=False).
827,orchestra,"Return the names of conductors that do not have the nationality ""USA"".",SELECT Name FROM conductor WHERE Nationality != 'USA',"SELECT Name FROM conductor WHERE Nationality != ""USA""","SELECT Name FROM conductor WHERE Nationality != ""USA""",1.0,Resultados idênticos (ordered=False).
828,orchestra,What are the record companies of orchestras in descending order of years in which they were founded?,SELECT Record_Company FROM orchestra ORDER BY Year_of_Founded DESC,SELECT Record_Company FROM orchestra ORDER BY YEAR_of_Founded DESC,SELECT Record_Company FROM orchestra ORDER BY YEAR_of_Founded DESC,1.0,Resultados idênticos (ordered=True).
829,orchestra,"Return the record companies of orchestras, sorted descending by the years in which they were founded.",SELECT Record_Company FROM orchestra ORDER BY Year_of_Founded DESC,SELECT Record_Company FROM orchestra ORDER BY YEAR_of_Founded DESC,SELECT Record_Company FROM orchestra ORDER BY YEAR_of_Founded DESC,1.0,Resultados idênticos (ordered=True).
830,orchestra,What is the average attendance of shows?,SELECT avg(Attendance) FROM SHOW,SELECT avg(attendance) FROM show,SELECT avg(attendance) FROM show,1.0,Resultados idênticos (ordered=False).
831,orchestra,Return the average attendance across all shows.,SELECT avg(Attendance) FROM SHOW,SELECT avg(Attendance) FROM show,SELECT avg(Attendance) FROM show,1.0,Resultados idênticos (ordered=False).
832,orchestra,"What are the maximum and minimum share of performances whose type is not ""Live final"".","SELECT max(SHARE) ,  min(SHARE) FROM performance WHERE TYPE != ""Live final""","SELECT max(Share) ,  min(Share) FROM performance WHERE TYPE != ""Live final""","SELECT max(Share) ,  min(Share) FROM performance WHERE TYPE != ""Live final""",1.0,Resultados idênticos (ordered=False).
833,orchestra,"Return the maximum and minimum shares for performances that do not have the type ""Live final"".","SELECT max(SHARE) ,  min(SHARE) FROM performance WHERE TYPE != ""Live final""","SELECT max(Share) ,  min(Share) FROM performance WHERE TYPE != ""Live final""","SELECT max(Share) ,  min(Share) FROM performance WHERE TYPE != ""Live final""",1.0,Resultados idênticos (ordered=False).
834,orchestra,How many different nationalities do conductors have?,SELECT count(DISTINCT Nationality) FROM conductor,SELECT count(DISTINCT Nationality) FROM conductor,SELECT count(DISTINCT Nationality) FROM conductor,1.0,Resultados idênticos (ordered=False).
835,orchestra,Count the number of different nationalities of conductors.,SELECT count(DISTINCT Nationality) FROM conductor,SELECT count(DISTINCT Nationality) FROM conductor,SELECT count(DISTINCT Nationality) FROM conductor,1.0,Resultados idênticos (ordered=False).
836,orchestra,List names of conductors in descending order of years of work.,SELECT Name FROM conductor ORDER BY Year_of_Work DESC,SELECT Name FROM conductor ORDER BY Year_of_Work DESC,SELECT Name FROM conductor ORDER BY Year_of_Work DESC,1.0,Resultados idênticos (ordered=True).
837,orchestra,"What are the names of conductors, sorted descending by the number of years they have worked?",SELECT Name FROM conductor ORDER BY Year_of_Work DESC,SELECT Name FROM conductor ORDER BY Year_of_Work DESC,SELECT Name FROM conductor ORDER BY Year_of_Work DESC,1.0,Resultados idênticos (ordered=True).
838,orchestra,List the name of the conductor with the most years of work.,SELECT Name FROM conductor ORDER BY Year_of_Work DESC LIMIT 1,SELECT T1.Name FROM conductor AS T1 JOIN orchestra AS T2 ON T1.Conductor_ID  =  T2.Conductor_ID GROUP BY T1.Conductor_ID ORDER BY sum(YEAR_of_Work) DESC LIMIT 1,SELECT T1.Name FROM conductor AS T1 JOIN orchestra AS T2 ON T1.Conductor_ID  =  T2.Conductor_ID GROUP BY T1.Conductor_ID ORDER BY sum(YEAR_of_Work) DESC LIMIT 1,1.0,Resultados idênticos (ordered=True).
839,orchestra,What is the name of the conductor who has worked the greatest number of years?,SELECT Name FROM conductor ORDER BY Year_of_Work DESC LIMIT 1,SELECT T1.Name FROM conductor AS T1 JOIN orchestra AS T2 ON T1.Conductor_ID  =  T2.Conductor_ID GROUP BY T1.Conductor_ID ORDER BY sum(YEAR_of_Work) DESC LIMIT 1,SELECT T1.Name FROM conductor AS T1 JOIN orchestra AS T2 ON T1.Conductor_ID  =  T2.Conductor_ID GROUP BY T1.Conductor_ID ORDER BY sum(YEAR_of_Work) DESC LIMIT 1,1.0,Resultados idênticos (ordered=True).
840,orchestra,Show the names of conductors and the orchestras they have conducted.,"SELECT T1.Name ,  T2.Orchestra FROM conductor AS T1 JOIN orchestra AS T2 ON T1.Conductor_ID  =  T2.Conductor_ID","SELECT T1.Name ,  T2.Orchestra FROM conductor AS T1 JOIN orchestra AS T2 ON T1.Conductor_ID  =  T2.Conductor_ID","SELECT T1.Name ,  T2.Orchestra FROM conductor AS T1 JOIN orchestra AS T2 ON T1.Conductor_ID  =  T2.Conductor_ID",1.0,Resultados idênticos (ordered=False).
841,orchestra,What are the names of conductors as well as the corresonding orchestras that they have conducted?,"SELECT T1.Name ,  T2.Orchestra FROM conductor AS T1 JOIN orchestra AS T2 ON T1.Conductor_ID  =  T2.Conductor_ID","SELECT T1.Name ,  T2.Orchestra FROM conductor AS T1 JOIN orchestra AS T2 ON T1.Conductor_ID  =  T2.Conductor_ID","SELECT T1.Name ,  T2.Orchestra FROM conductor AS T1 JOIN orchestra AS T2 ON T1.Conductor_ID  =  T2.Conductor_ID",1.0,Resultados idênticos (ordered=False).
842,orchestra,Show the names of conductors that have conducted more than one orchestras.,SELECT T1.Name FROM conductor AS T1 JOIN orchestra AS T2 ON T1.Conductor_ID  =  T2.Conductor_ID GROUP BY T2.Conductor_ID HAVING COUNT(*)  >  1,SELECT T1.Name FROM conductor AS T1 JOIN orchestra AS T2 ON T1.Conductor_ID  =  T2.Conductor_ID GROUP BY T1.Conductor_ID HAVING COUNT(*)  >  1,SELECT T1.Name FROM conductor AS T1 JOIN orchestra AS T2 ON T1.Conductor_ID  =  T2.Conductor_ID GROUP BY T1.Conductor_ID HAVING COUNT(*)  >  1,1.0,Resultados idênticos (ordered=False).
843,orchestra,What are the names of conductors who have conducted at more than one orchestra?,SELECT T1.Name FROM conductor AS T1 JOIN orchestra AS T2 ON T1.Conductor_ID  =  T2.Conductor_ID GROUP BY T2.Conductor_ID HAVING COUNT(*)  >  1,SELECT T1.Name FROM conductor AS T1 JOIN orchestra AS T2 ON T1.Conductor_ID  =  T2.Conductor_ID GROUP BY T1.Conductor_ID HAVING COUNT(*)  >  1,SELECT T1.Name FROM conductor AS T1 JOIN orchestra AS T2 ON T1.Conductor_ID  =  T2.Conductor_ID GROUP BY T1.Conductor_ID HAVING COUNT(*)  >  1,1.0,Resultados idênticos (ordered=False).
844,orchestra,Show the name of the conductor that has conducted the most number of orchestras.,SELECT T1.Name FROM conductor AS T1 JOIN orchestra AS T2 ON T1.Conductor_ID  =  T2.Conductor_ID GROUP BY T2.Conductor_ID ORDER BY COUNT(*) DESC LIMIT 1,SELECT T1.Name FROM conductor AS T1 JOIN orchestra AS T2 ON T1.Conductor_ID  =  T2.Conductor_ID GROUP BY T1.Conductor_ID ORDER BY COUNT(*) DESC LIMIT 1,SELECT T1.Name FROM conductor AS T1 JOIN orchestra AS T2 ON T1.Conductor_ID  =  T2.Conductor_ID GROUP BY T1.Conductor_ID ORDER BY COUNT(*) DESC LIMIT 1,1.0,Resultados idênticos (ordered=True).
845,orchestra,What is the name of the conductor who has conducted the most orchestras?,SELECT T1.Name FROM conductor AS T1 JOIN orchestra AS T2 ON T1.Conductor_ID  =  T2.Conductor_ID GROUP BY T2.Conductor_ID ORDER BY COUNT(*) DESC LIMIT 1,SELECT T1.Name FROM conductor AS T1 JOIN orchestra AS T2 ON T1.Conductor_ID  =  T2.Conductor_ID GROUP BY T1.Conductor_ID ORDER BY COUNT(*) DESC LIMIT 1,SELECT T1.Name FROM conductor AS T1 JOIN orchestra AS T2 ON T1.Conductor_ID  =  T2.Conductor_ID GROUP BY T1.Conductor_ID ORDER BY COUNT(*) DESC LIMIT 1,1.0,Resultados idênticos (ordered=True).
846,orchestra,Please show the name of the conductor that has conducted orchestras founded after 2008.,SELECT T1.Name FROM conductor AS T1 JOIN orchestra AS T2 ON T1.Conductor_ID  =  T2.Conductor_ID WHERE Year_of_Founded  >  2008,SELECT T1.Name FROM conductor AS T1 JOIN orchestra AS T2 ON T1.Conductor_ID  =  T2.Conductor_ID WHERE YEAR_OF_FOUNDATION  >  2008,SELECT T1.Name FROM conductor AS T1 JOIN orchestra AS T2 ON T1.Conductor_ID  =  T2.Conductor_ID WHERE YEAR_OF_FOUNDATION  >  2008,0.0,Falha ao executar a consulta gerada: no such column: YEAR_OF_FOUNDATION
847,orchestra,What are the names of conductors who have conducted orchestras founded after the year 2008?,SELECT T1.Name FROM conductor AS T1 JOIN orchestra AS T2 ON T1.Conductor_ID  =  T2.Conductor_ID WHERE Year_of_Founded  >  2008,SELECT T1.Name FROM conductor AS T1 JOIN orchestra AS T2 ON T1.Conductor_ID  =  T2.Conductor_ID WHERE YEAR_OF_FOUNDATION  >  2008,SELECT T1.Name FROM conductor AS T1 JOIN orchestra AS T2 ON T1.Conductor_ID  =  T2.Conductor_ID WHERE YEAR_OF_FOUNDATION  >  2008,0.0,Falha ao executar a consulta gerada: no such column: YEAR_OF_FOUNDATION
848,orchestra,Please show the different record companies and the corresponding number of orchestras.,"SELECT Record_Company ,  COUNT(*) FROM orchestra GROUP BY Record_Company","SELECT Record_Company ,  COUNT(*) FROM orchestra GROUP BY Record_Company","SELECT Record_Company ,  COUNT(*) FROM orchestra GROUP BY Record_Company",1.0,Resultados idênticos (ordered=False).
849,orchestra,How many orchestras does each record company manage?,"SELECT Record_Company ,  COUNT(*) FROM orchestra GROUP BY Record_Company","SELECT T1.Record_Company ,  COUNT(*) FROM orchestra AS T1 JOIN performance AS T2 ON T1.Orchestra_ID  =  T2.Orchestra_ID GROUP BY T1.Record_Company","SELECT T1.Record_Company ,  COUNT(*) FROM orchestra AS T1 JOIN performance AS T2 ON T1.Orchestra_ID  =  T2.Orchestra_ID GROUP BY T1.Record_Company",0.0,"Resultados divergentes (ordered=False). gold=11 linhas, pred=10 linhas."
850,orchestra,Please show the record formats of orchestras in ascending order of count.,SELECT Major_Record_Format FROM orchestra GROUP BY Major_Record_Format ORDER BY COUNT(*) ASC,SELECT Major_Record_Format FROM orchestra GROUP BY Major_Record_Format ORDER BY COUNT(*) ASC,SELECT Major_Record_Format FROM orchestra GROUP BY Major_Record_Format ORDER BY COUNT(*) ASC,1.0,Resultados idênticos (ordered=True).
851,orchestra,"What are the major record formats of orchestras, sorted by their frequency?",SELECT Major_Record_Format FROM orchestra GROUP BY Major_Record_Format ORDER BY COUNT(*) ASC,SELECT Major_Record_Format FROM orchestra GROUP BY Major_Record_Format ORDER BY COUNT(*) DESC,SELECT Major_Record_Format FROM orchestra GROUP BY Major_Record_Format ORDER BY COUNT(*) DESC,0.0,"Resultados divergentes (ordered=True). gold=3 linhas, pred=3 linhas."
852,orchestra,List the record company shared by the most number of orchestras.,SELECT Record_Company FROM orchestra GROUP BY Record_Company ORDER BY COUNT(*) DESC LIMIT 1,SELECT Record_Company FROM orchestra GROUP BY Record_Company ORDER BY COUNT(*) DESC LIMIT 1,SELECT Record_Company FROM orchestra GROUP BY Record_Company ORDER BY COUNT(*) DESC LIMIT 1,1.0,Resultados idênticos (ordered=True).
853,orchestra,What is the record company used by the greatest number of orchestras?,SELECT Record_Company FROM orchestra GROUP BY Record_Company ORDER BY COUNT(*) DESC LIMIT 1,SELECT T2.Record_Company FROM orchestra AS T1 JOIN conductor AS T2 ON T1.Conductor_ID  =  T2.Conductor_ID GROUP BY T2.Record_Company ORDER BY COUNT(*) DESC LIMIT 1,SELECT T2.Record_Company FROM orchestra AS T1 JOIN conductor AS T2 ON T1.Conductor_ID  =  T2.Conductor_ID GROUP BY T2.Record_Company ORDER BY COUNT(*) DESC LIMIT 1,0.0,Falha ao executar a consulta gerada: no such column: T2.Record_Company
854,orchestra,List the names of orchestras that have no performance.,SELECT Orchestra FROM orchestra WHERE Orchestra_ID NOT IN (SELECT Orchestra_ID FROM performance),SELECT Orchestra FROM orchestra WHERE Orchestra_ID NOT IN (SELECT Orchestra_ID FROM performance),SELECT Orchestra FROM orchestra WHERE Orchestra_ID NOT IN (SELECT Orchestra_ID FROM performance),1.0,Resultados idênticos (ordered=False).
855,orchestra,What are the orchestras that do not have any performances?,SELECT Orchestra FROM orchestra WHERE Orchestra_ID NOT IN (SELECT Orchestra_ID FROM performance),SELECT Orchestra FROM orchestra EXCEPT SELECT T1.Orchestra FROM orchestra AS T1 JOIN performance AS T2 ON T1.Orchestra_ID  =  T2.Orchestra_ID,SELECT Orchestra FROM orchestra EXCEPT SELECT T1.Orchestra FROM orchestra AS T1 JOIN performance AS T2 ON T1.Orchestra_ID  =  T2.Orchestra_ID,1.0,Resultados idênticos (ordered=False).
856,orchestra,Show the record companies shared by orchestras founded before 2003 and after 2003.,SELECT Record_Company FROM orchestra WHERE Year_of_Founded  <  2003 INTERSECT SELECT Record_Company FROM orchestra WHERE Year_of_Founded  >  2003,SELECT Record_Company FROM orchestra WHERE YEAR_of_Founded  <  2003 UNION SELECT Record_Company FROM orchestra WHERE YEAR_of_Founded  >  2003,SELECT Record_Company FROM orchestra WHERE YEAR_of_Founded  <  2003 UNION SELECT Record_Company FROM orchestra WHERE YEAR_of_Founded  >  2003,0.0,"Resultados divergentes (ordered=False). gold=1 linhas, pred=9 linhas."
857,orchestra,What are the record companies that are used by both orchestras founded before 2003 and those founded after 2003?,SELECT Record_Company FROM orchestra WHERE Year_of_Founded  <  2003 INTERSECT SELECT Record_Company FROM orchestra WHERE Year_of_Founded  >  2003,SELECT Record_Company FROM orchestra WHERE YEAR_of_Founded  <  2003 INTERSECT SELECT Record_Company FROM orchestra WHERE YEAR_of_Founded  >  2003,SELECT Record_Company FROM orchestra WHERE YEAR_of_Founded  <  2003 INTERSECT SELECT Record_Company FROM orchestra WHERE YEAR_of_Founded  >  2003,1.0,Resultados idênticos (ordered=False).
858,orchestra,"Find the number of orchestras whose record format is ""CD"" or ""DVD"".","SELECT COUNT(*) FROM orchestra WHERE Major_Record_Format  =  ""CD"" OR Major_Record_Format  =  ""DVD""","SELECT count(*) FROM orchestra WHERE Major_Record_Format  =  ""CD"" OR Major_Record_Format  =  ""DVD""","SELECT count(*) FROM orchestra WHERE Major_Record_Format  =  ""CD"" OR Major_Record_Format  =  ""DVD""",1.0,Resultados idênticos (ordered=False).
859,orchestra,Count the number of orchestras that have CD or DVD as their record format.,"SELECT COUNT(*) FROM orchestra WHERE Major_Record_Format  =  ""CD"" OR Major_Record_Format  =  ""DVD""",SELECT count(*) FROM orchestra WHERE Major_Record_Format  =  'CD' OR Major_Record_Format  =  'DVD',SELECT count(*) FROM orchestra WHERE Major_Record_Format  =  'CD' OR Major_Record_Format  =  'DVD',1.0,Resultados idênticos (ordered=False).
860,orchestra,Show the years in which orchestras that have given more than one performance are founded.,SELECT Year_of_Founded FROM orchestra AS T1 JOIN performance AS T2 ON T1.Orchestra_ID  =  T2.Orchestra_ID GROUP BY T2.Orchestra_ID HAVING COUNT(*)  >  1,SELECT T1.Year_of_Founded FROM orchestra AS T1 JOIN performance AS T2 ON T1.Orchestra_ID  =  T2.Orchestra_ID GROUP BY T1.Orchestra_ID HAVING COUNT(*)  >  1,SELECT T1.Year_of_Founded FROM orchestra AS T1 JOIN performance AS T2 ON T1.Orchestra_ID  =  T2.Orchestra_ID GROUP BY T1.Orchestra_ID HAVING COUNT(*)  >  1,1.0,Resultados idênticos (ordered=False).
861,orchestra,What are years of founding for orchestras that have had more than a single performance?,SELECT Year_of_Founded FROM orchestra AS T1 JOIN performance AS T2 ON T1.Orchestra_ID  =  T2.Orchestra_ID GROUP BY T2.Orchestra_ID HAVING COUNT(*)  >  1,SELECT T1.Year_of_Founded FROM orchestra AS T1 JOIN performance AS T2 ON T1.Orchestra_ID  =  T2.Orchestra_ID GROUP BY T1.Orchestra_ID HAVING COUNT(*)  >  1,SELECT T1.Year_of_Founded FROM orchestra AS T1 JOIN performance AS T2 ON T1.Orchestra_ID  =  T2.Orchestra_ID GROUP BY T1.Orchestra_ID HAVING COUNT(*)  >  1,1.0,Resultados idênticos (ordered=False).
862,network_1,How many high schoolers are there?,SELECT count(*) FROM Highschooler,SELECT count(*) FROM Highschooler,SELECT count(*) FROM Highschooler,1.0,Resultados idênticos (ordered=False).
863,network_1,Count the number of high schoolers.,SELECT count(*) FROM Highschooler,SELECT count(*) FROM Highschooler,SELECT count(*) FROM Highschooler,1.0,Resultados idênticos (ordered=False).
864,network_1,Show the names and grades of each high schooler.,"SELECT name ,  grade FROM Highschooler","SELECT name ,  grade FROM Highschooler","SELECT name ,  grade FROM Highschooler",1.0,Resultados idênticos (ordered=False).
865,network_1,What are the names and grades for each high schooler?,"SELECT name ,  grade FROM Highschooler","SELECT name ,  grade FROM Highschooler","SELECT name ,  grade FROM Highschooler",1.0,Resultados idênticos (ordered=False).
866,network_1,Show all the grades of the high schoolers.,SELECT grade FROM Highschooler,SELECT grade FROM Highschooler,SELECT grade FROM Highschooler,1.0,Resultados idênticos (ordered=False).
867,network_1,What is the grade of each high schooler?,SELECT grade FROM Highschooler,SELECT grade FROM Highschooler,SELECT grade FROM Highschooler,1.0,Resultados idênticos (ordered=False).
868,network_1,What grade is Kyle in?,"SELECT grade FROM Highschooler WHERE name  =  ""Kyle""",SELECT grade FROM highschooler WHERE name  =  'Kyle',SELECT grade FROM highschooler WHERE name  =  'Kyle',1.0,Resultados idênticos (ordered=False).
869,network_1,Return the grade for the high schooler named Kyle.,"SELECT grade FROM Highschooler WHERE name  =  ""Kyle""",SELECT grade FROM highschooler WHERE name  =  'Kyle',SELECT grade FROM highschooler WHERE name  =  'Kyle',1.0,Resultados idênticos (ordered=False).
870,network_1,Show the names of all high schoolers in grade 10.,SELECT name FROM Highschooler WHERE grade  =  10,SELECT name FROM Highschooler WHERE grade  =  10,SELECT name FROM Highschooler WHERE grade  =  10,1.0,Resultados idênticos (ordered=False).
871,network_1,What are the names of all high schoolers in grade 10?,SELECT name FROM Highschooler WHERE grade  =  10,SELECT name FROM Highschooler WHERE grade  =  10,SELECT name FROM Highschooler WHERE grade  =  10,1.0,Resultados idênticos (ordered=False).
872,network_1,Show the ID of the high schooler named Kyle.,"SELECT ID FROM Highschooler WHERE name  =  ""Kyle""",SELECT id FROM highschooler WHERE name  =  'Kyle',SELECT id FROM highschooler WHERE name  =  'Kyle',1.0,Resultados idênticos (ordered=False).
873,network_1,What is Kyle's id?,"SELECT ID FROM Highschooler WHERE name  =  ""Kyle""",SELECT ID FROM Highschooler WHERE name  =  'Kyle',SELECT ID FROM Highschooler WHERE name  =  'Kyle',1.0,Resultados idênticos (ordered=False).
874,network_1,How many high schoolers are there in grade 9 or 10?,SELECT count(*) FROM Highschooler WHERE grade  =  9 OR grade  =  10,SELECT count(*) FROM Highschooler WHERE grade  =  9 OR grade  =  10,SELECT count(*) FROM Highschooler WHERE grade  =  9 OR grade  =  10,1.0,Resultados idênticos (ordered=False).
875,network_1,Count the number of high schoolers in grades 9 or 10.,SELECT count(*) FROM Highschooler WHERE grade  =  9 OR grade  =  10,SELECT count(*) FROM Highschooler WHERE grade  =  9 OR grade  =  10,SELECT count(*) FROM Highschooler WHERE grade  =  9 OR grade  =  10,1.0,Resultados idênticos (ordered=False).
876,network_1,Show the number of high schoolers for each grade.,"SELECT grade ,  count(*) FROM Highschooler GROUP BY grade","SELECT grade ,  count(*) FROM Highschooler GROUP BY grade","SELECT grade ,  count(*) FROM Highschooler GROUP BY grade",1.0,Resultados idênticos (ordered=False).
877,network_1,How many high schoolers are in each grade?,"SELECT grade ,  count(*) FROM Highschooler GROUP BY grade","SELECT grade ,  count(*) FROM Highschooler GROUP BY grade","SELECT grade ,  count(*) FROM Highschooler GROUP BY grade",1.0,Resultados idênticos (ordered=False).
878,network_1,Which grade has the most high schoolers?,SELECT grade FROM Highschooler GROUP BY grade ORDER BY count(*) DESC LIMIT 1,SELECT grade FROM highschooler GROUP BY grade ORDER BY count(*) DESC LIMIT 1,SELECT grade FROM highschooler GROUP BY grade ORDER BY count(*) DESC LIMIT 1,1.0,Resultados idênticos (ordered=True).
879,network_1,Return the grade that has the greatest number of high schoolers.,SELECT grade FROM Highschooler GROUP BY grade ORDER BY count(*) DESC LIMIT 1,SELECT grade FROM highschooler GROUP BY grade ORDER BY count(*) DESC LIMIT 1,SELECT grade FROM highschooler GROUP BY grade ORDER BY count(*) DESC LIMIT 1,1.0,Resultados idênticos (ordered=True).
880,network_1,Show me all grades that have at least 4 students.,SELECT grade FROM Highschooler GROUP BY grade HAVING count(*)  >=  4,SELECT grade FROM highschooler GROUP BY grade HAVING count(*)  >=  4,SELECT grade FROM highschooler GROUP BY grade HAVING count(*)  >=  4,1.0,Resultados idênticos (ordered=False).
881,network_1,Which grades have 4 or more high schoolers?,SELECT grade FROM Highschooler GROUP BY grade HAVING count(*)  >=  4,SELECT grade FROM highschooler GROUP BY grade HAVING count(*)  >=  4,SELECT grade FROM highschooler GROUP BY grade HAVING count(*)  >=  4,1.0,Resultados idênticos (ordered=False).
882,network_1,Show the student IDs and numbers of friends corresponding to each.,"SELECT student_id ,  count(*) FROM Friend GROUP BY student_id","SELECT T1.student_id ,  COUNT(*) FROM Highschooler AS T1 JOIN Friend AS T2 ON T1.id  =  T2.student_id GROUP BY T1.student_id","SELECT T1.student_id ,  COUNT(*) FROM Highschooler AS T1 JOIN Friend AS T2 ON T1.id  =  T2.student_id GROUP BY T1.student_id",0.0,Falha ao executar a consulta gerada: no such column: T1.student_id
883,network_1,How many friends does each student have?,"SELECT student_id ,  count(*) FROM Friend GROUP BY student_id","SELECT count(DISTINCT friend_id) ,  student_id FROM Friend GROUP BY student_id","SELECT count(DISTINCT friend_id) ,  student_id FROM Friend GROUP BY student_id",0.0,"Resultados divergentes (ordered=False). gold=14 linhas, pred=14 linhas."
884,network_1,Show the names of high school students and their corresponding number of friends.,"SELECT T2.name ,  count(*) FROM Friend AS T1 JOIN Highschooler AS T2 ON T1.student_id  =  T2.id GROUP BY T1.student_id","SELECT T1.name ,  COUNT(*) FROM Highschooler AS T1 JOIN Friend AS T2 ON T1.id  =  T2.student_id GROUP BY T1.id","SELECT T1.name ,  COUNT(*) FROM Highschooler AS T1 JOIN Friend AS T2 ON T1.id  =  T2.student_id GROUP BY T1.id",1.0,Resultados idênticos (ordered=False).
885,network_1,What are the names of the high schoolers and how many friends does each have?,"SELECT T2.name ,  count(*) FROM Friend AS T1 JOIN Highschooler AS T2 ON T1.student_id  =  T2.id GROUP BY T1.student_id","SELECT T1.name ,  COUNT(*) FROM Highschooler AS T1 JOIN Friend AS T2 ON T1.id  =  T2.student_id GROUP BY T1.id","SELECT T1.name ,  COUNT(*) FROM Highschooler AS T1 JOIN Friend AS T2 ON T1.id  =  T2.student_id GROUP BY T1.id",1.0,Resultados idênticos (ordered=False).
886,network_1,What is the name of the high schooler who has the greatest number of friends?,SELECT T2.name FROM Friend AS T1 JOIN Highschooler AS T2 ON T1.student_id  =  T2.id GROUP BY T1.student_id ORDER BY count(*) DESC LIMIT 1,SELECT T2.name FROM friend AS T1 JOIN highschooler AS T2 ON T1.student_id  =  T2.id GROUP BY T1.student_id ORDER BY count(*) DESC LIMIT 1,SELECT T2.name FROM friend AS T1 JOIN highschooler AS T2 ON T1.student_id  =  T2.id GROUP BY T1.student_id ORDER BY count(*) DESC LIMIT 1,1.0,Resultados idênticos (ordered=True).
887,network_1,Return the name of the high school student with the most friends.,SELECT T2.name FROM Friend AS T1 JOIN Highschooler AS T2 ON T1.student_id  =  T2.id GROUP BY T1.student_id ORDER BY count(*) DESC LIMIT 1,SELECT T2.name FROM friend AS T1 JOIN highschooler AS T2 ON T1.student_id  =  T2.id GROUP BY T1.student_id ORDER BY count(*) DESC LIMIT 1,SELECT T2.name FROM friend AS T1 JOIN highschooler AS T2 ON T1.student_id  =  T2.id GROUP BY T1.student_id ORDER BY count(*) DESC LIMIT 1,1.0,Resultados idênticos (ordered=True).
888,network_1,Show the names of high schoolers who have at least 3 friends.,SELECT T2.name FROM Friend AS T1 JOIN Highschooler AS T2 ON T1.student_id  =  T2.id GROUP BY T1.student_id HAVING count(*)  >=  3,SELECT T2.name FROM friend AS T1 JOIN highschooler AS T2 ON T1.student_id  =  T2.id GROUP BY T1.student_id HAVING count(*)  >=  3,SELECT T2.name FROM friend AS T1 JOIN highschooler AS T2 ON T1.student_id  =  T2.id GROUP BY T1.student_id HAVING count(*)  >=  3,1.0,Resultados idênticos (ordered=False).
889,network_1,What are the names of high schoolers who have 3 or more friends?,SELECT T2.name FROM Friend AS T1 JOIN Highschooler AS T2 ON T1.student_id  =  T2.id GROUP BY T1.student_id HAVING count(*)  >=  3,SELECT T1.name FROM Highschooler AS T1 JOIN Friend AS T2 ON T1.id  =  T2.student_id GROUP BY T1.id HAVING count(*)  >=  3,SELECT T1.name FROM Highschooler AS T1 JOIN Friend AS T2 ON T1.id  =  T2.student_id GROUP BY T1.id HAVING count(*)  >=  3,1.0,Resultados idênticos (ordered=False).
890,network_1,Show the names of all of the high schooler Kyle's friends.,"SELECT T3.name FROM Friend AS T1 JOIN Highschooler AS T2 ON T1.student_id  =  T2.id JOIN Highschooler AS T3 ON T1.friend_id  =  T3.id WHERE T2.name  =  ""Kyle""",SELECT T2.name FROM friend AS T1 JOIN highschooler AS T2 ON T1.student_id  =  T2.id WHERE T1.friend_id IN (SELECT T3.id FROM likes AS T3 JOIN highschooler AS T4 ON T3.liked_id  =  T4.id WHERE T4.name  =  'Kyle'),SELECT T2.name FROM friend AS T1 JOIN highschooler AS T2 ON T1.student_id  =  T2.id WHERE T1.friend_id IN (SELECT T3.id FROM likes AS T3 JOIN highschooler AS T4 ON T3.liked_id  =  T4.id WHERE T4.name  =  'Kyle'),0.0,Falha ao executar a consulta gerada: no such column: T3.id
891,network_1,Return the names of friends of the high school student Kyle.,"SELECT T3.name FROM Friend AS T1 JOIN Highschooler AS T2 ON T1.student_id  =  T2.id JOIN Highschooler AS T3 ON T1.friend_id  =  T3.id WHERE T2.name  =  ""Kyle""",SELECT T2.name FROM friend AS T1 JOIN highschooler AS T2 ON T1.student_id  =  T2.id WHERE T1.friend_id IN (SELECT T3.student_id FROM likes AS T3 JOIN highschooler AS T4 ON T3.liked_id  =  T4.id WHERE T4.name  =  'Kyle'),SELECT T2.name FROM friend AS T1 JOIN highschooler AS T2 ON T1.student_id  =  T2.id WHERE T1.friend_id IN (SELECT T3.student_id FROM likes AS T3 JOIN highschooler AS T4 ON T3.liked_id  =  T4.id WHERE T4.name  =  'Kyle'),0.0,"Resultados divergentes (ordered=False). gold=1 linhas, pred=2 linhas."
892,network_1,How many friends does the high school student Kyle have?,"SELECT count(*) FROM Friend AS T1 JOIN Highschooler AS T2 ON T1.student_id  =  T2.id WHERE T2.name  =  ""Kyle""",SELECT count(DISTINCT T2.friend_id) FROM Highschooler AS T1 JOIN Friend AS T2 ON T1.ID  =  T2.student_id WHERE T1.name  =  'Kyle',SELECT count(DISTINCT T2.friend_id) FROM Highschooler AS T1 JOIN Friend AS T2 ON T1.ID  =  T2.student_id WHERE T1.name  =  'Kyle',1.0,Resultados idênticos (ordered=False).
893,network_1,Count the number of friends Kyle has.,"SELECT count(*) FROM Friend AS T1 JOIN Highschooler AS T2 ON T1.student_id  =  T2.id WHERE T2.name  =  ""Kyle""",SELECT count(*) FROM friend AS T1 JOIN highschooler AS T2 ON T1.student_id  =  T2.id WHERE T2.name  =  'Kyle',SELECT count(*) FROM friend AS T1 JOIN highschooler AS T2 ON T1.student_id  =  T2.id WHERE T2.name  =  'Kyle',1.0,Resultados idênticos (ordered=False).
894,network_1,Show ids of all students who do not have any friends.,SELECT id FROM Highschooler EXCEPT SELECT student_id FROM Friend,SELECT ID FROM Highschooler WHERE ID NOT IN (SELECT student_id FROM friend),SELECT ID FROM Highschooler WHERE ID NOT IN (SELECT student_id FROM friend),1.0,Resultados idênticos (ordered=False).
895,network_1,What are the ids of high school students who do not have friends?,SELECT id FROM Highschooler EXCEPT SELECT student_id FROM Friend,SELECT ID FROM Highschooler WHERE ID NOT IN (SELECT student_id FROM friend),SELECT ID FROM Highschooler WHERE ID NOT IN (SELECT student_id FROM friend),1.0,Resultados idênticos (ordered=False).
896,network_1,Show names of all high school students who do not have any friends.,SELECT name FROM Highschooler EXCEPT SELECT T2.name FROM Friend AS T1 JOIN Highschooler AS T2 ON T1.student_id  =  T2.id,SELECT name FROM highschooler WHERE id NOT IN (SELECT student_id FROM friend),SELECT name FROM highschooler WHERE id NOT IN (SELECT student_id FROM friend),1.0,Resultados idênticos (ordered=False).
897,network_1,What are the names of students who have no friends?,SELECT name FROM Highschooler EXCEPT SELECT T2.name FROM Friend AS T1 JOIN Highschooler AS T2 ON T1.student_id  =  T2.id,SELECT name FROM highschooler WHERE id NOT IN (SELECT student_id FROM friend),SELECT name FROM highschooler WHERE id NOT IN (SELECT student_id FROM friend),1.0,Resultados idênticos (ordered=False).
898,network_1,Show the ids of high schoolers who have friends and are also liked by someone else.,SELECT student_id FROM Friend INTERSECT SELECT liked_id FROM Likes,SELECT T1.id FROM highschooler AS T1 JOIN friend AS T2 ON T1.id  =  T2.student_id JOIN likes AS T3 ON T1.id  =  T3.student_id,SELECT T1.id FROM highschooler AS T1 JOIN friend AS T2 ON T1.id  =  T2.student_id JOIN likes AS T3 ON T1.id  =  T3.student_id,0.0,"Resultados divergentes (ordered=False). gold=8 linhas, pred=12 linhas."
899,network_1,What are the ids of students who both have friends and are liked?,SELECT student_id FROM Friend INTERSECT SELECT liked_id FROM Likes,SELECT T1.student_id FROM friend AS T1 JOIN highschooler AS T2 ON T1.student_id  =  T2.id WHERE T1.friend_id IN (SELECT student_id FROM likes),SELECT T1.student_id FROM friend AS T1 JOIN highschooler AS T2 ON T1.student_id  =  T2.id WHERE T1.friend_id IN (SELECT student_id FROM likes),0.0,"Resultados divergentes (ordered=False). gold=8 linhas, pred=14 linhas."
900,network_1,Show name of all students who have some friends and also are liked by someone else.,SELECT T2.name FROM Friend AS T1 JOIN Highschooler AS T2 ON T1.student_id  =  T2.id INTERSECT SELECT T2.name FROM Likes AS T1 JOIN Highschooler AS T2 ON T1.liked_id  =  T2.id,SELECT T1.name FROM highschooler AS T1 JOIN friend AS T2 ON T1.id  =  T2.student_id INTERSECT SELECT T1.name FROM highschooler AS T1 JOIN likes AS T2 ON T1.id  =  T2.student_id,SELECT T1.name FROM highschooler AS T1 JOIN friend AS T2 ON T1.id  =  T2.student_id INTERSECT SELECT T1.name FROM highschooler AS T1 JOIN likes AS T2 ON T1.id  =  T2.student_id,0.0,"Resultados divergentes (ordered=False). gold=8 linhas, pred=7 linhas."
901,network_1,What are the names of high schoolers who both have friends and are liked?,SELECT T2.name FROM Friend AS T1 JOIN Highschooler AS T2 ON T1.student_id  =  T2.id INTERSECT SELECT T2.name FROM Likes AS T1 JOIN Highschooler AS T2 ON T1.liked_id  =  T2.id,SELECT T1.name FROM Highschooler AS T1 JOIN Friend AS T2 ON T1.id  =  T2.student_id JOIN Highschooler AS T3 ON T3.id  =  T2.friend_id JOIN Likes AS T4 ON T4.student_id  =  T2.student_id AND T4.liked_id  =  T2.friend_id,SELECT T1.name FROM Highschooler AS T1 JOIN Friend AS T2 ON T1.id  =  T2.student_id JOIN Highschooler AS T3 ON T3.id  =  T2.friend_id JOIN Likes AS T4 ON T4.student_id  =  T2.student_id AND T4.liked_id  =  T2.friend_id,0.0,"Resultados divergentes (ordered=False). gold=8 linhas, pred=2 linhas."
902,network_1,Count the number of likes for each student id.,"SELECT student_id ,  count(*) FROM Likes GROUP BY student_id","SELECT student_id ,  count(*) FROM likes GROUP BY student_id","SELECT student_id ,  count(*) FROM likes GROUP BY student_id",1.0,Resultados idênticos (ordered=False).
903,network_1,How many likes correspond to each student id?,"SELECT student_id ,  count(*) FROM Likes GROUP BY student_id","SELECT student_id ,  count(*) FROM likes GROUP BY student_id","SELECT student_id ,  count(*) FROM likes GROUP BY student_id",1.0,Resultados idênticos (ordered=False).
904,network_1,"Show the names of high schoolers who have likes, and numbers of likes for each.","SELECT T2.name ,  count(*) FROM Likes AS T1 JOIN Highschooler AS T2 ON T1.student_id  =  T2.id GROUP BY T1.student_id","SELECT T2.name ,  count(*) FROM likes AS T1 JOIN highschooler AS T2 ON T1.student_id  =  T2.id GROUP BY T1.student_id","SELECT T2.name ,  count(*) FROM likes AS T1 JOIN highschooler AS T2 ON T1.student_id  =  T2.id GROUP BY T1.student_id",1.0,Resultados idênticos (ordered=False).
905,network_1,"What are the names of high schoolers who have likes, and how many likes does each have?","SELECT T2.name ,  count(*) FROM Likes AS T1 JOIN Highschooler AS T2 ON T1.student_id  =  T2.id GROUP BY T1.student_id","SELECT T2.name ,  count(*) FROM likes AS T1 JOIN highschooler AS T2 ON T1.student_id  =  T2.id GROUP BY T1.student_id","SELECT T2.name ,  count(*) FROM likes AS T1 JOIN highschooler AS T2 ON T1.student_id  =  T2.id GROUP BY T1.student_id",1.0,Resultados idênticos (ordered=False).
906,network_1,What is the name of the high schooler who has the greatest number of likes?,SELECT T2.name FROM Likes AS T1 JOIN Highschooler AS T2 ON T1.student_id  =  T2.id GROUP BY T1.student_id ORDER BY count(*) DESC LIMIT 1,SELECT T2.name FROM likes AS T1 JOIN highschooler AS T2 ON T1.student_id  =  T2.id GROUP BY T1.student_id ORDER BY count(*) DESC LIMIT 1,SELECT T2.name FROM likes AS T1 JOIN highschooler AS T2 ON T1.student_id  =  T2.id GROUP BY T1.student_id ORDER BY count(*) DESC LIMIT 1,1.0,Resultados idênticos (ordered=True).
907,network_1,Give the name of the student with the most likes.,SELECT T2.name FROM Likes AS T1 JOIN Highschooler AS T2 ON T1.student_id  =  T2.id GROUP BY T1.student_id ORDER BY count(*) DESC LIMIT 1,SELECT T2.name FROM likes AS T1 JOIN highschooler AS T2 ON T1.student_id  =  T2.id GROUP BY T1.student_id ORDER BY count(*) DESC LIMIT 1,SELECT T2.name FROM likes AS T1 JOIN highschooler AS T2 ON T1.student_id  =  T2.id GROUP BY T1.student_id ORDER BY count(*) DESC LIMIT 1,1.0,Resultados idênticos (ordered=True).
908,network_1,Show the names of students who have at least 2 likes.,SELECT T2.name FROM Likes AS T1 JOIN Highschooler AS T2 ON T1.student_id  =  T2.id GROUP BY T1.student_id HAVING count(*)  >=  2,SELECT T1.name FROM highschooler AS T1 JOIN likes AS T2 ON T1.id  =  T2.student_id GROUP BY T1.id HAVING COUNT(*)  >=  2,SELECT T1.name FROM highschooler AS T1 JOIN likes AS T2 ON T1.id  =  T2.student_id GROUP BY T1.id HAVING COUNT(*)  >=  2,1.0,Resultados idênticos (ordered=False).
909,network_1,What are the names of students who have 2 or more likes?,SELECT T2.name FROM Likes AS T1 JOIN Highschooler AS T2 ON T1.student_id  =  T2.id GROUP BY T1.student_id HAVING count(*)  >=  2,SELECT T1.name FROM highschooler AS T1 JOIN likes AS T2 ON T1.id  =  T2.student_id GROUP BY T1.id HAVING count(*)  >=  2,SELECT T1.name FROM highschooler AS T1 JOIN likes AS T2 ON T1.id  =  T2.student_id GROUP BY T1.id HAVING count(*)  >=  2,1.0,Resultados idênticos (ordered=False).
910,network_1,Show the names of students who have a grade higher than 5 and have at least 2 friends.,SELECT T2.name FROM Friend AS T1 JOIN Highschooler AS T2 ON T1.student_id  =  T2.id WHERE T2.grade  >  5 GROUP BY T1.student_id HAVING count(*)  >=  2,SELECT T1.name FROM highschooler AS T1 JOIN friend AS T2 ON T1.id  =  T2.student_id WHERE T1.grade  >  5 GROUP BY T1.id HAVING count(*)  >=  2,SELECT T1.name FROM highschooler AS T1 JOIN friend AS T2 ON T1.id  =  T2.student_id WHERE T1.grade  >  5 GROUP BY T1.id HAVING count(*)  >=  2,1.0,Resultados idênticos (ordered=False).
911,network_1,What are the names of high schoolers who have a grade of over 5 and have 2 or more friends?,SELECT T2.name FROM Friend AS T1 JOIN Highschooler AS T2 ON T1.student_id  =  T2.id WHERE T2.grade  >  5 GROUP BY T1.student_id HAVING count(*)  >=  2,SELECT T1.name FROM Highschooler AS T1 JOIN Friend AS T2 ON T1.id  =  T2.student_id WHERE T1.grade  >  5 GROUP BY T1.id HAVING count(*)  >=  2,SELECT T1.name FROM Highschooler AS T1 JOIN Friend AS T2 ON T1.id  =  T2.student_id WHERE T1.grade  >  5 GROUP BY T1.id HAVING count(*)  >=  2,1.0,Resultados idênticos (ordered=False).
912,network_1,How many likes does Kyle have?,"SELECT count(*) FROM Likes AS T1 JOIN Highschooler AS T2 ON T1.student_id  =  T2.id WHERE T2.name  =  ""Kyle""",SELECT count(*) FROM likes AS T1 JOIN highschooler AS T2 ON T1.student_id  =  T2.id WHERE T2.name  =  'Kyle',SELECT count(*) FROM likes AS T1 JOIN highschooler AS T2 ON T1.student_id  =  T2.id WHERE T2.name  =  'Kyle',1.0,Resultados idênticos (ordered=False).
913,network_1,Return the number of likes that the high schooler named Kyle has.,"SELECT count(*) FROM Likes AS T1 JOIN Highschooler AS T2 ON T1.student_id  =  T2.id WHERE T2.name  =  ""Kyle""",SELECT count(*) FROM likes AS T1 JOIN highschooler AS T2 ON T1.student_id  =  T2.id WHERE T2.name  =  'Kyle',SELECT count(*) FROM likes AS T1 JOIN highschooler AS T2 ON T1.student_id  =  T2.id WHERE T2.name  =  'Kyle',1.0,Resultados idênticos (ordered=False).
914,network_1,Find the average grade of all students who have some friends.,SELECT avg(grade) FROM Highschooler WHERE id IN (SELECT T1.student_id FROM Friend AS T1 JOIN Highschooler AS T2 ON T1.student_id  =  T2.id),SELECT avg(T1.grade) FROM highschooler AS T1 JOIN friend AS T2 ON T1.id  =  T2.student_id GROUP BY T1.id,SELECT avg(T1.grade) FROM highschooler AS T1 JOIN friend AS T2 ON T1.id  =  T2.student_id GROUP BY T1.id,0.0,"Resultados divergentes (ordered=False). gold=1 linhas, pred=14 linhas."
915,network_1,What is the average grade of students who have friends?,SELECT avg(grade) FROM Highschooler WHERE id IN (SELECT T1.student_id FROM Friend AS T1 JOIN Highschooler AS T2 ON T1.student_id  =  T2.id),SELECT avg(T1.grade) FROM highschooler AS T1 JOIN friend AS T2 ON T1.id  =  T2.student_id,SELECT avg(T1.grade) FROM highschooler AS T1 JOIN friend AS T2 ON T1.id  =  T2.student_id,0.0,"Resultados divergentes (ordered=False). gold=1 linhas, pred=1 linhas."
916,network_1,Find the minimum grade of students who have no friends.,SELECT min(grade) FROM Highschooler WHERE id NOT IN (SELECT T1.student_id FROM Friend AS T1 JOIN Highschooler AS T2 ON T1.student_id  =  T2.id),SELECT min(grade) FROM highschooler WHERE id NOT IN (SELECT student_id FROM friend),SELECT min(grade) FROM highschooler WHERE id NOT IN (SELECT student_id FROM friend),1.0,Resultados idênticos (ordered=False).
917,network_1,What is the lowest grade of students who do not have any friends?,SELECT min(grade) FROM Highschooler WHERE id NOT IN (SELECT T1.student_id FROM Friend AS T1 JOIN Highschooler AS T2 ON T1.student_id  =  T2.id),SELECT min(grade) FROM highschooler WHERE id NOT IN (SELECT student_id FROM friend),SELECT min(grade) FROM highschooler WHERE id NOT IN (SELECT student_id FROM friend),1.0,Resultados idênticos (ordered=False).
918,dog_kennels,Which states have both owners and professionals living there?,SELECT state FROM Owners INTERSECT SELECT state FROM Professionals,SELECT state FROM owners INTERSECT SELECT state FROM professionals,SELECT state FROM owners INTERSECT SELECT state FROM professionals,1.0,Resultados idênticos (ordered=False).
919,dog_kennels,Find the states where both owners and professionals live.,SELECT state FROM Owners INTERSECT SELECT state FROM Professionals,SELECT state FROM owners INTERSECT SELECT state FROM professionals,SELECT state FROM owners INTERSECT SELECT state FROM professionals,1.0,Resultados idênticos (ordered=False).
920,dog_kennels,What is the average age of the dogs who have gone through any treatments?,SELECT avg(age) FROM Dogs WHERE dog_id IN ( SELECT dog_id FROM Treatments ),SELECT avg(T1.age) FROM dogs AS T1 JOIN treatments AS T2 ON T1.dog_id  =  T2.dog_id,SELECT avg(T1.age) FROM dogs AS T1 JOIN treatments AS T2 ON T1.dog_id  =  T2.dog_id,0.0,"Resultados divergentes (ordered=False). gold=1 linhas, pred=1 linhas."
921,dog_kennels,Find the average age of the dogs who went through treatments.,SELECT avg(age) FROM Dogs WHERE dog_id IN ( SELECT dog_id FROM Treatments ),SELECT avg(T1.age) FROM dogs AS T1 JOIN treatments AS T2 ON T1.dog_id  =  T2.dog_id,SELECT avg(T1.age) FROM dogs AS T1 JOIN treatments AS T2 ON T1.dog_id  =  T2.dog_id,0.0,"Resultados divergentes (ordered=False). gold=1 linhas, pred=1 linhas."
922,dog_kennels,"Which professionals live in the state of Indiana or have done treatment on more than 2 treatments? List his or her id, last name and cell phone.","SELECT professional_id ,  last_name ,  cell_number FROM Professionals WHERE state  =  'Indiana' UNION SELECT T1.professional_id ,  T1.last_name ,  T1.cell_number FROM Professionals AS T1 JOIN Treatments AS T2 ON T1.professional_id  =  T2.professional_id GROUP BY T1.professional_id HAVING count(*)  >  2","SELECT T3.professional_id ,  T2.last_name ,  T3.cell_number FROM Treatment_Types AS T1 JOIN Professionals AS T2 ON T1.treatment_type_code  =  T2.role_code JOIN TREATMENTS AS T3 ON T3.treatment_type_code  =  T1.treatment_type_code JOIN Dogs AS T4 ON T3.dog_id  =  T4.dog_id WHERE T2.state  =  ""Indiana"" OR T3.cost_of_treatment  >  2 GROUP BY T3.professional_id HAVING COUNT(*)  >  2","SELECT T3.professional_id ,  T2.last_name ,  T3.cell_number FROM Treatment_Types AS T1 JOIN Professionals AS T2 ON T1.treatment_type_code  =  T2.role_code JOIN TREATMENTS AS T3 ON T3.treatment_type_code  =  T1.treatment_type_code JOIN Dogs AS T4 ON T3.dog_id  =  T4.dog_id WHERE T2.state  =  ""Indiana"" OR T3.cost_of_treatment  >  2 GROUP BY T3.professional_id HAVING COUNT(*)  >  2",0.0,Falha ao executar a consulta gerada: no such column: T3.cell_number
923,dog_kennels,"Find the id, last name and cell phone of the professionals who live in the state of Indiana or have performed more than two treatments.","SELECT professional_id ,  last_name ,  cell_number FROM Professionals WHERE state  =  'Indiana' UNION SELECT T1.professional_id ,  T1.last_name ,  T1.cell_number FROM Professionals AS T1 JOIN Treatments AS T2 ON T1.professional_id  =  T2.professional_id GROUP BY T1.professional_id HAVING count(*)  >  2","SELECT professional_id ,  last_name ,  cell_number FROM professionals WHERE state  =  'IN' OR professional_id IN ( SELECT professional_id FROM treatments GROUP BY professional_id HAVING count(*)  >  2 )","SELECT professional_id ,  last_name ,  cell_number FROM professionals WHERE state  =  'IN' OR professional_id IN ( SELECT professional_id FROM treatments GROUP BY professional_id HAVING count(*)  >  2 )",0.0,"Resultados divergentes (ordered=False). gold=3 linhas, pred=1 linhas."
924,dog_kennels,Which dogs have not cost their owner more than 1000 for treatment ? List the dog names .,select name from dogs where dog_id not in ( select dog_id from treatments group by dog_id having sum(cost_of_treatment)  >  1000 ),SELECT T1.name FROM dogs AS T1 JOIN treatments AS T2 ON T1.dog_id  =  T2.dog_id WHERE T2.cost_of_treatment  <  1000,SELECT T1.name FROM dogs AS T1 JOIN treatments AS T2 ON T1.dog_id  =  T2.dog_id WHERE T2.cost_of_treatment  <  1000,0.0,"Resultados divergentes (ordered=False). gold=12 linhas, pred=15 linhas."
925,dog_kennels,What are the names of the dogs for which the owner has not spend more than 1000 for treatment ?,select name from dogs where dog_id not in ( select dog_id from treatments group by dog_id having sum(cost_of_treatment)  >  1000 ),SELECT T1.name FROM dogs AS T1 JOIN treatments AS T2 ON T1.dog_id  =  T2.dog_id WHERE T2.cost_of_treatment  <  1000 GROUP BY T1.name HAVING sum(T2.cost_of_treatment)  <  1000,SELECT T1.name FROM dogs AS T1 JOIN treatments AS T2 ON T1.dog_id  =  T2.dog_id WHERE T2.cost_of_treatment  <  1000 GROUP BY T1.name HAVING sum(T2.cost_of_treatment)  <  1000,0.0,"Resultados divergentes (ordered=False). gold=12 linhas, pred=6 linhas."
926,dog_kennels,Which first names are used for professionals or owners but are not used as dog names?,SELECT first_name FROM Professionals UNION SELECT first_name FROM Owners EXCEPT SELECT name FROM Dogs,SELECT first_name FROM professionals EXCEPT SELECT first_name FROM owners EXCEPT SELECT first_name FROM dogs,SELECT first_name FROM professionals EXCEPT SELECT first_name FROM owners EXCEPT SELECT first_name FROM dogs,0.0,Falha ao executar a consulta gerada: no such column: first_name
927,dog_kennels,Find the first names that are used for professionals or owners but are not used as dog names.,SELECT first_name FROM Professionals UNION SELECT first_name FROM Owners EXCEPT SELECT name FROM Dogs,SELECT first_name FROM professionals EXCEPT SELECT first_name FROM owners EXCEPT SELECT first_name FROM dogs,SELECT first_name FROM professionals EXCEPT SELECT first_name FROM owners EXCEPT SELECT first_name FROM dogs,0.0,Falha ao executar a consulta gerada: no such column: first_name
928,dog_kennels,"Which professional did not operate any treatment on dogs? List the professional's id, role and email.","SELECT professional_id ,  role_code ,  email_address FROM Professionals EXCEPT SELECT T1.professional_id ,  T1.role_code ,  T1.email_address FROM Professionals AS T1 JOIN Treatments AS T2 ON T1.professional_id  =  T2.professional_id","SELECT professional_id ,  role_code ,  email_address FROM professionals WHERE professional_id NOT IN ( SELECT professional_id FROM treatments )","SELECT professional_id ,  role_code ,  email_address FROM professionals WHERE professional_id NOT IN ( SELECT professional_id FROM treatments )",1.0,Resultados idênticos (ordered=False).
929,dog_kennels,"Give me the id, role and email of the professionals who did not perform any treatment on dogs.","SELECT professional_id ,  role_code ,  email_address FROM Professionals EXCEPT SELECT T1.professional_id ,  T1.role_code ,  T1.email_address FROM Professionals AS T1 JOIN Treatments AS T2 ON T1.professional_id  =  T2.professional_id","SELECT professional_id ,  role_code ,  email_address FROM professionals WHERE professional_id NOT IN ( SELECT professional_id FROM treatments )","SELECT professional_id ,  role_code ,  email_address FROM professionals WHERE professional_id NOT IN ( SELECT professional_id FROM treatments )",1.0,Resultados idênticos (ordered=False).
930,dog_kennels,"Which owner owns the most dogs? List the owner id, first name and last name.","SELECT T1.owner_id ,  T2.first_name ,  T2.last_name FROM Dogs AS T1 JOIN Owners AS T2 ON T1.owner_id  =  T2.owner_id GROUP BY T1.owner_id ORDER BY count(*) DESC LIMIT 1","SELECT T1.owner_id ,  T2.first_name ,  T2.last_name FROM Owners AS T1 JOIN Professionals AS T2 ON T1.owner_id = T2.owner_id GROUP BY T1.owner_id ORDER BY COUNT(*) DESC LIMIT 1","SELECT T1.owner_id ,  T2.first_name ,  T2.last_name FROM Owners AS T1 JOIN Professionals AS T2 ON T1.owner_id = T2.owner_id GROUP BY T1.owner_id ORDER BY COUNT(*) DESC LIMIT 1",0.0,Falha ao executar a consulta gerada: no such column: T2.owner_id
931,dog_kennels,"Return the owner id, first name and last name of the owner who has the most dogs.","SELECT T1.owner_id ,  T2.first_name ,  T2.last_name FROM Dogs AS T1 JOIN Owners AS T2 ON T1.owner_id  =  T2.owner_id GROUP BY T1.owner_id ORDER BY count(*) DESC LIMIT 1","SELECT owner_id ,  first_name ,  last_name FROM owners GROUP BY owner_id ORDER BY COUNT(*) DESC LIMIT 1","SELECT owner_id ,  first_name ,  last_name FROM owners GROUP BY owner_id ORDER BY COUNT(*) DESC LIMIT 1",0.0,"Resultados divergentes (ordered=True). gold=1 linhas, pred=1 linhas."
932,dog_kennels,"Which professionals have done at least two treatments? List the professional's id, role, and first name.","SELECT T1.professional_id ,  T1.role_code ,  T1.first_name FROM Professionals AS T1 JOIN Treatments AS T2 ON T1.professional_id  =  T2.professional_id GROUP BY T1.professional_id HAVING count(*)  >=  2","SELECT T3.professional_id ,  T2.role_code ,  T1.first_name FROM treatments AS T1 JOIN dogs AS T2 ON T1.dog_id  =  T2.dog_id JOIN professionals AS T3 ON T3.professional_id  =  T1.professional_id GROUP BY T3.professional_id HAVING COUNT(*)  >=  2","SELECT T3.professional_id ,  T2.role_code ,  T1.first_name FROM treatments AS T1 JOIN dogs AS T2 ON T1.dog_id  =  T2.dog_id JOIN professionals AS T3 ON T3.professional_id  =  T1.professional_id GROUP BY T3.professional_id HAVING COUNT(*)  >=  2",0.0,Falha ao executar a consulta gerada: no such column: T2.role_code
933,dog_kennels,"What are the id, role, and first name of the professionals who have performed two or more treatments?","SELECT T1.professional_id ,  T1.role_code ,  T1.first_name FROM Professionals AS T1 JOIN Treatments AS T2 ON T1.professional_id  =  T2.professional_id GROUP BY T1.professional_id HAVING count(*)  >=  2","SELECT professional_id ,  role_code ,  first_name FROM professionals WHERE professional_id IN ( SELECT professional_id FROM treatments GROUP BY professional_id HAVING count(*)  >=  2 )","SELECT professional_id ,  role_code ,  first_name FROM professionals WHERE professional_id IN ( SELECT professional_id FROM treatments GROUP BY professional_id HAVING count(*)  >=  2 )",1.0,Resultados idênticos (ordered=False).
934,dog_kennels,What is the name of the breed with the most dogs?,SELECT T1.breed_name FROM Breeds AS T1 JOIN Dogs AS T2 ON T1.breed_code  =  T2.breed_code GROUP BY T1.breed_name ORDER BY count(*) DESC LIMIT 1,SELECT T1.breed_name FROM breeds AS T1 JOIN dogs AS T2 ON T1.breed_code  =  T2.breed_code GROUP BY T1.breed_name ORDER BY COUNT(*) DESC LIMIT 1,SELECT T1.breed_name FROM breeds AS T1 JOIN dogs AS T2 ON T1.breed_code  =  T2.breed_code GROUP BY T1.breed_name ORDER BY COUNT(*) DESC LIMIT 1,1.0,Resultados idênticos (ordered=True).
935,dog_kennels,Which breed do the most dogs have? Give me the breed name.,SELECT T1.breed_name FROM Breeds AS T1 JOIN Dogs AS T2 ON T1.breed_code  =  T2.breed_code GROUP BY T1.breed_name ORDER BY count(*) DESC LIMIT 1,SELECT T2.breed_name FROM dogs AS T1 JOIN breeds AS T2 ON T1.breed_code  =  T2.breed_code GROUP BY T2.breed_name ORDER BY COUNT(*) DESC LIMIT 1,SELECT T2.breed_name FROM dogs AS T1 JOIN breeds AS T2 ON T1.breed_code  =  T2.breed_code GROUP BY T2.breed_name ORDER BY COUNT(*) DESC LIMIT 1,1.0,Resultados idênticos (ordered=True).
936,dog_kennels,Which owner has paid for the most treatments on his or her dogs? List the owner id and last name.,"SELECT T1.owner_id ,  T1.last_name FROM Owners AS T1 JOIN Dogs AS T2 ON T1.owner_id  =  T2.owner_id JOIN Treatments AS T3 ON T2.dog_id  =  T3.dog_id GROUP BY T1.owner_id ORDER BY count(*) DESC LIMIT 1","SELECT T1.owner_id ,  T2.last_name FROM Owners AS T1 JOIN Professionals AS T2 ON T1.owner_id  =  T2.professional_id JOIN Treatments AS T3 ON T2.professional_id  =  T3.professional_id GROUP BY T1.owner_id ORDER BY count(*) DESC LIMIT 1","SELECT T1.owner_id ,  T2.last_name FROM Owners AS T1 JOIN Professionals AS T2 ON T1.owner_id  =  T2.professional_id JOIN Treatments AS T3 ON T2.professional_id  =  T3.professional_id GROUP BY T1.owner_id ORDER BY count(*) DESC LIMIT 1",0.0,"Resultados divergentes (ordered=True). gold=1 linhas, pred=1 linhas."
937,dog_kennels,Tell me the owner id and last name of the owner who spent the most on treatments of his or her dogs.,"SELECT T1.owner_id ,  T1.last_name FROM Owners AS T1 JOIN Dogs AS T2 ON T1.owner_id  =  T2.owner_id JOIN Treatments AS T3 ON T2.dog_id  =  T3.dog_id GROUP BY T1.owner_id ORDER BY count(*) DESC LIMIT 1","SELECT T1.owner_id ,  T2.last_name FROM Owners AS T1 JOIN Professionals AS T2 ON T1.owner_id  =  T2.professional_id JOIN Treatments AS T3 ON T2.professional_id  =  T3.professional_id GROUP BY T1.owner_id ORDER BY sum(T3.cost_of_treatment) DESC LIMIT 1","SELECT T1.owner_id ,  T2.last_name FROM Owners AS T1 JOIN Professionals AS T2 ON T1.owner_id  =  T2.professional_id JOIN Treatments AS T3 ON T2.professional_id  =  T3.professional_id GROUP BY T1.owner_id ORDER BY sum(T3.cost_of_treatment) DESC LIMIT 1",0.0,"Resultados divergentes (ordered=True). gold=1 linhas, pred=1 linhas."
938,dog_kennels,What is the description of the treatment type that costs the least money in total?,SELECT T1.treatment_type_description FROM Treatment_types AS T1 JOIN Treatments AS T2 ON T1.treatment_type_code  =  T2.treatment_type_code GROUP BY T1.treatment_type_code ORDER BY sum(cost_of_treatment) ASC LIMIT 1,SELECT T2.treatment_type_description FROM treatments AS T1 JOIN treatment_types AS T2 ON T1.treatment_type_code  =  T2.treatment_type_code GROUP BY T1.treatment_type_code ORDER BY sum(cost_of_treatment) ASC LIMIT 1,SELECT T2.treatment_type_description FROM treatments AS T1 JOIN treatment_types AS T2 ON T1.treatment_type_code  =  T2.treatment_type_code GROUP BY T1.treatment_type_code ORDER BY sum(cost_of_treatment) ASC LIMIT 1,1.0,Resultados idênticos (ordered=True).
939,dog_kennels,Give me the description of the treatment type whose total cost is the lowest.,SELECT T1.treatment_type_description FROM Treatment_types AS T1 JOIN Treatments AS T2 ON T1.treatment_type_code  =  T2.treatment_type_code GROUP BY T1.treatment_type_code ORDER BY sum(cost_of_treatment) ASC LIMIT 1,SELECT T2.treatment_type_description FROM treatments AS T1 JOIN treatment_types AS T2 ON T1.treatment_type_code  =  T2.treatment_type_code GROUP BY T1.treatment_type_code ORDER BY sum(cost_of_treatment) ASC LIMIT 1,SELECT T2.treatment_type_description FROM treatments AS T1 JOIN treatment_types AS T2 ON T1.treatment_type_code  =  T2.treatment_type_code GROUP BY T1.treatment_type_code ORDER BY sum(cost_of_treatment) ASC LIMIT 1,1.0,Resultados idênticos (ordered=True).
940,dog_kennels,Which owner has paid the largest amount of money in total for their dogs? Show the owner id and zip code.,"SELECT T1.owner_id ,  T1.zip_code FROM Owners AS T1 JOIN Dogs AS T2 ON T1.owner_id  =  T2.owner_id JOIN Treatments AS T3 ON T2.dog_id  =  T3.dog_id GROUP BY T1.owner_id ORDER BY sum(T3.cost_of_treatment) DESC LIMIT 1","SELECT T1.owner_id ,  T1.zip_code FROM Owners AS T1 JOIN Dogs AS T2 ON T1.owner_id  =  T2.owner_id JOIN Treatments AS T3 ON T2.dog_id  =  T3.dog_id GROUP BY T1.owner_id ORDER BY sum(T3.cost_of_treatment) DESC LIMIT 1","SELECT T1.owner_id ,  T1.zip_code FROM Owners AS T1 JOIN Dogs AS T2 ON T1.owner_id  =  T2.owner_id JOIN Treatments AS T3 ON T2.dog_id  =  T3.dog_id GROUP BY T1.owner_id ORDER BY sum(T3.cost_of_treatment) DESC LIMIT 1",1.0,Resultados idênticos (ordered=True).
941,dog_kennels,Find the owner id and zip code of the owner who spent the most money in total for his or her dogs.,"SELECT T1.owner_id ,  T1.zip_code FROM Owners AS T1 JOIN Dogs AS T2 ON T1.owner_id  =  T2.owner_id JOIN Treatments AS T3 ON T2.dog_id  =  T3.dog_id GROUP BY T1.owner_id ORDER BY sum(T3.cost_of_treatment) DESC LIMIT 1","SELECT T1.owner_id ,  T1.zip_code FROM Owners AS T1 JOIN Dogs AS T2 ON T1.owner_id  =  T2.owner_id JOIN Treatments AS T3 ON T2.dog_id  =  T3.dog_id GROUP BY T1.owner_id ORDER BY sum(T3.cost_of_treatment) DESC LIMIT 1","SELECT T1.owner_id ,  T1.zip_code FROM Owners AS T1 JOIN Dogs AS T2 ON T1.owner_id  =  T2.owner_id JOIN Treatments AS T3 ON T2.dog_id  =  T3.dog_id GROUP BY T1.owner_id ORDER BY sum(T3.cost_of_treatment) DESC LIMIT 1",1.0,Resultados idênticos (ordered=True).
942,dog_kennels,Which professionals have done at least two types of treatments? List the professional id and cell phone.,"SELECT T1.professional_id ,  T1.cell_number FROM Professionals AS T1 JOIN Treatments AS T2 ON T1.professional_id  =  T2.professional_id GROUP BY T1.professional_id HAVING count(*)  >=  2","SELECT T3.professional_id ,  T3.cell_number FROM Treatments AS T1 JOIN Treatment_Types AS T2 ON T1.treatment_type_code  =  T2.treatment_type_code JOIN Professionals AS T3 ON T3.professional_id  =  T1.professional_id GROUP BY T3.professional_id HAVING COUNT(*)  >=  2","SELECT T3.professional_id ,  T3.cell_number FROM Treatments AS T1 JOIN Treatment_Types AS T2 ON T1.treatment_type_code  =  T2.treatment_type_code JOIN Professionals AS T3 ON T3.professional_id  =  T1.professional_id GROUP BY T3.professional_id HAVING COUNT(*)  >=  2",1.0,Resultados idênticos (ordered=False).
943,dog_kennels,Find the id and cell phone of the professionals who operate two or more types of treatments.,"SELECT T1.professional_id ,  T1.cell_number FROM Professionals AS T1 JOIN Treatments AS T2 ON T1.professional_id  =  T2.professional_id GROUP BY T1.professional_id HAVING count(*)  >=  2","SELECT professional_id ,  cell_number FROM Treatment_Types AS T1 JOIN Treatments AS T2 ON T1.treatment_type_code  =  T2.treatment_type_code GROUP BY professional_id HAVING COUNT(*)  >=  2","SELECT professional_id ,  cell_number FROM Treatment_Types AS T1 JOIN Treatments AS T2 ON T1.treatment_type_code  =  T2.treatment_type_code GROUP BY professional_id HAVING COUNT(*)  >=  2",0.0,Falha ao executar a consulta gerada: no such column: cell_number
944,dog_kennels,What are the first name and last name of the professionals who have done treatment with cost below average?,"SELECT DISTINCT T1.first_name ,  T1.last_name FROM Professionals AS T1 JOIN Treatments AS T2 WHERE cost_of_treatment  <  ( SELECT avg(cost_of_treatment) FROM Treatments )","SELECT T1.first_name ,  T1.last_name FROM professionals AS T1 JOIN treatments AS T2 ON T1.professional_id  =  T2.professional_id WHERE T2.cost_of_treatment  <  ( SELECT avg(cost_of_treatment) FROM treatments)","SELECT T1.first_name ,  T1.last_name FROM professionals AS T1 JOIN treatments AS T2 ON T1.professional_id  =  T2.professional_id WHERE T2.cost_of_treatment  <  ( SELECT avg(cost_of_treatment) FROM treatments)",0.0,"Resultados divergentes (ordered=False). gold=15 linhas, pred=8 linhas."
945,dog_kennels,Which professionals have operated a treatment that costs less than the average? Give me theor first names and last names.,"SELECT DISTINCT T1.first_name ,  T1.last_name FROM Professionals AS T1 JOIN Treatments AS T2 WHERE cost_of_treatment  <  ( SELECT avg(cost_of_treatment) FROM Treatments )","SELECT T3.first_name ,  T3.last_name FROM treatments AS T1 JOIN Treatment_Types AS T2 ON T1.treatment_type_code  =  T2.treatment_type_code JOIN Professionals AS T3 ON T1.professional_id  =  T3.professional_id WHERE T2.treatment_type_description  =  ( SELECT avg(cost_of_treatment) FROM treatments ) - ( SELECT min(cost_of_treatment) FROM treatments )","SELECT T3.first_name ,  T3.last_name FROM treatments AS T1 JOIN Treatment_Types AS T2 ON T1.treatment_type_code  =  T2.treatment_type_code JOIN Professionals AS T3 ON T1.professional_id  =  T3.professional_id WHERE T2.treatment_type_description  =  ( SELECT avg(cost_of_treatment) FROM treatments ) - ( SELECT min(cost_of_treatment) FROM treatments )",0.0,"Resultados divergentes (ordered=False). gold=15 linhas, pred=0 linhas."
946,dog_kennels,"List the date of each treatment, together with the first name of the professional who operated it.","SELECT T1.date_of_treatment ,  T2.first_name FROM Treatments AS T1 JOIN Professionals AS T2 ON T1.professional_id  =  T2.professional_id","SELECT T3.date_of_treatment ,  T2.first_name FROM treatments AS T1 JOIN professionals AS T2 ON T1.professional_id  =  T2.professional_id JOIN treatment_types AS T3 ON T1.treatment_type_code  =  T3.treatment_type_code","SELECT T3.date_of_treatment ,  T2.first_name FROM treatments AS T1 JOIN professionals AS T2 ON T1.professional_id  =  T2.professional_id JOIN treatment_types AS T3 ON T1.treatment_type_code  =  T3.treatment_type_code",0.0,Falha ao executar a consulta gerada: no such column: T3.date_of_treatment
947,dog_kennels,What are the date and the operating professional's first name of each treatment?,"SELECT T1.date_of_treatment ,  T2.first_name FROM Treatments AS T1 JOIN Professionals AS T2 ON T1.professional_id  =  T2.professional_id","SELECT T3.date_of_treatment ,  T2.first_name FROM treatments AS T1 JOIN professionals AS T2 ON T1.professional_id  =  T2.professional_id JOIN dogs AS T3 ON T1.dog_id  =  T3.dog_id","SELECT T3.date_of_treatment ,  T2.first_name FROM treatments AS T1 JOIN professionals AS T2 ON T1.professional_id  =  T2.professional_id JOIN dogs AS T3 ON T1.dog_id  =  T3.dog_id",0.0,Falha ao executar a consulta gerada: no such column: T3.date_of_treatment
948,dog_kennels,List the cost of each treatment and the corresponding treatment type description.,"SELECT T1.cost_of_treatment ,  T2.treatment_type_description FROM Treatments AS T1 JOIN treatment_types AS T2 ON T1.treatment_type_code  =  T2.treatment_type_code","SELECT T1.cost_of_treatment ,  T2.treatment_type_description FROM Treatments AS T1 JOIN Treatment_Types AS T2 ON T1.treatment_type_code  =  T2.treatment_type_code","SELECT T1.cost_of_treatment ,  T2.treatment_type_description FROM Treatments AS T1 JOIN Treatment_Types AS T2 ON T1.treatment_type_code  =  T2.treatment_type_code",1.0,Resultados idênticos (ordered=False).
949,dog_kennels,What are the cost and treatment type description of each treatment?,"SELECT T1.cost_of_treatment ,  T2.treatment_type_description FROM Treatments AS T1 JOIN treatment_types AS T2 ON T1.treatment_type_code  =  T2.treatment_type_code","SELECT cost_of_treatment ,  treatment_type_description FROM Treatments JOIN Treatment_Types ON Treatments.treatment_type_code  =  Treatment_Types.treatment_type_code","SELECT cost_of_treatment ,  treatment_type_description FROM Treatments JOIN Treatment_Types ON Treatments.treatment_type_code  =  Treatment_Types.treatment_type_code",1.0,Resultados idênticos (ordered=False).
950,dog_kennels,"List each owner's first name, last name, and the size of his for her dog.","SELECT T1.first_name ,  T1.last_name ,  T2.size_code FROM Owners AS T1 JOIN Dogs AS T2 ON T1.owner_id  =  T2.owner_id","SELECT T1.first_name ,  T1.last_name ,  T3.size_description FROM Owners AS T1 JOIN Dogs AS T2 ON T1.owner_id  =  T2.owner_id JOIN Sizes AS T3 ON T2.size_code  =  T3.size_code","SELECT T1.first_name ,  T1.last_name ,  T3.size_description FROM Owners AS T1 JOIN Dogs AS T2 ON T1.owner_id  =  T2.owner_id JOIN Sizes AS T3 ON T2.size_code  =  T3.size_code",0.0,"Resultados divergentes (ordered=False). gold=15 linhas, pred=15 linhas."
951,dog_kennels,"What are each owner's first name, last name, and the size of their dog?","SELECT T1.first_name ,  T1.last_name ,  T2.size_code FROM Owners AS T1 JOIN Dogs AS T2 ON T1.owner_id  =  T2.owner_id","SELECT T1.first_name ,  T1.last_name ,  T3.size_description FROM Owners AS T1 JOIN Dogs AS T2 ON T1.owner_id  =  T2.owner_id JOIN Sizes AS T3 ON T2.size_code  =  T3.size_code","SELECT T1.first_name ,  T1.last_name ,  T3.size_description FROM Owners AS T1 JOIN Dogs AS T2 ON T1.owner_id  =  T2.owner_id JOIN Sizes AS T3 ON T2.size_code  =  T3.size_code",0.0,"Resultados divergentes (ordered=False). gold=15 linhas, pred=15 linhas."
952,dog_kennels,List pairs of the owner's first name and the dogs's name.,"SELECT T1.first_name ,  T2.name FROM Owners AS T1 JOIN Dogs AS T2 ON T1.owner_id  =  T2.owner_id","SELECT T1.first_name ,  T3.name FROM Owners AS T1 JOIN Dogs AS T3 ON T1.owner_id  =  T3.owner_id","SELECT T1.first_name ,  T3.name FROM Owners AS T1 JOIN Dogs AS T3 ON T1.owner_id  =  T3.owner_id",1.0,Resultados idênticos (ordered=False).
953,dog_kennels,What are each owner's first name and their dogs's name?,"SELECT T1.first_name ,  T2.name FROM Owners AS T1 JOIN Dogs AS T2 ON T1.owner_id  =  T2.owner_id","SELECT T1.first_name ,  T3.name FROM Owners AS T1 JOIN Dogs AS T3 ON T1.owner_id  =  T3.owner_id","SELECT T1.first_name ,  T3.name FROM Owners AS T1 JOIN Dogs AS T3 ON T1.owner_id  =  T3.owner_id",1.0,Resultados idênticos (ordered=False).
954,dog_kennels,List the names of the dogs of the rarest breed and the treatment dates of them.,"SELECT T1.name ,  T2.date_of_treatment FROM Dogs AS T1 JOIN Treatments AS T2 ON T1.dog_id  =  T2.dog_id WHERE T1.breed_code  =  ( SELECT breed_code FROM Dogs GROUP BY breed_code ORDER BY count(*) ASC LIMIT 1 )","SELECT T1.name ,  T3.date_of_treatment FROM breeds AS T1 JOIN dogs AS T2 ON T1.breed_code  =  T2.breed_code JOIN treatments AS T3 ON T2.dog_id  =  T3.dog_id WHERE T1.breed_name  =  ( SELECT T1.breed_name FROM breeds AS T1 JOIN dogs AS T2 ON T1.breed_code  =  T2.breed_code GROUP BY T1.breed_name ORDER BY count(*) DESC LIMIT 1 )","SELECT T1.name ,  T3.date_of_treatment FROM breeds AS T1 JOIN dogs AS T2 ON T1.breed_code  =  T2.breed_code JOIN treatments AS T3 ON T2.dog_id  =  T3.dog_id WHERE T1.breed_name  =  ( SELECT T1.breed_name FROM breeds AS T1 JOIN dogs AS T2 ON T1.breed_code  =  T2.breed_code GROUP BY T1.breed_name ORDER BY count(*) DESC LIMIT 1 )",0.0,Falha ao executar a consulta gerada: no such column: T1.name
955,dog_kennels,Which dogs are of the rarest breed? Show their names and treatment dates.,"SELECT T1.name ,  T2.date_of_treatment FROM Dogs AS T1 JOIN Treatments AS T2 ON T1.dog_id  =  T2.dog_id WHERE T1.breed_code  =  ( SELECT breed_code FROM Dogs GROUP BY breed_code ORDER BY count(*) ASC LIMIT 1 )","SELECT T1.name ,  T3.date_of_treatment FROM dogs AS T1 JOIN treatments AS T3 ON T1.dog_id  =  T3.dog_id JOIN breeds AS T2 ON T1.breed_code  =  T2.breed_code WHERE T2.breed_name  =  ( SELECT breed_name FROM breeds GROUP BY breed_name ORDER BY count(*) DESC LIMIT 1 )","SELECT T1.name ,  T3.date_of_treatment FROM dogs AS T1 JOIN treatments AS T3 ON T1.dog_id  =  T3.dog_id JOIN breeds AS T2 ON T1.breed_code  =  T2.breed_code WHERE T2.breed_name  =  ( SELECT breed_name FROM breeds GROUP BY breed_name ORDER BY count(*) DESC LIMIT 1 )",0.0,"Resultados divergentes (ordered=True). gold=5 linhas, pred=5 linhas."
956,dog_kennels,Which dogs are owned by someone who lives in Virginia? List the owner's first name and the dog's name.,"SELECT T1.first_name ,  T2.name FROM Owners AS T1 JOIN Dogs AS T2 ON T1.owner_id  =  T2.owner_id WHERE T1.state  =  'Virginia'","SELECT T2.first_name ,  T1.name FROM owners AS T1 JOIN people AS T2 ON T1.owner_id = T2.people_id WHERE T1.city LIKE ""%Virginia%""","SELECT T2.first_name ,  T1.name FROM owners AS T1 JOIN people AS T2 ON T1.owner_id = T2.people_id WHERE T1.city LIKE ""%Virginia%""",0.0,Falha ao executar a consulta gerada: no such table: people
957,dog_kennels,Find the first names of owners living in Virginia and the names of dogs they own.,"SELECT T1.first_name ,  T2.name FROM Owners AS T1 JOIN Dogs AS T2 ON T1.owner_id  =  T2.owner_id WHERE T1.state  =  'Virginia'","SELECT T1.first_name ,  T3.name FROM Owners AS T1 JOIN Dogs AS T3 ON T1.owner_id  =  T3.owner_id WHERE T1.state  =  ""Virginia""","SELECT T1.first_name ,  T3.name FROM Owners AS T1 JOIN Dogs AS T3 ON T1.owner_id  =  T3.owner_id WHERE T1.state  =  ""Virginia""",1.0,Resultados idênticos (ordered=False).
958,dog_kennels,What are the arriving date and the departing date of the dogs who have gone through a treatment?,"SELECT DISTINCT T1.date_arrived ,  T1.date_departed FROM Dogs AS T1 JOIN Treatments AS T2 ON T1.dog_id  =  T2.dog_id","SELECT T1.date_of_arrival ,  T1.date_of_departed FROM dogs AS T1 JOIN treatments AS T2 ON T1.dog_id  =  T2.dog_id","SELECT T1.date_of_arrival ,  T1.date_of_departed FROM dogs AS T1 JOIN treatments AS T2 ON T1.dog_id  =  T2.dog_id",0.0,Falha ao executar a consulta gerada: no such column: T1.date_of_arrival
959,dog_kennels,Find the arriving date and the departing date of the dogs that received a treatment.,"SELECT DISTINCT T1.date_arrived ,  T1.date_departed FROM Dogs AS T1 JOIN Treatments AS T2 ON T1.dog_id  =  T2.dog_id","SELECT T1.date_of_arrival ,  T1.date_departed FROM dogs AS T1 JOIN treatments AS T2 ON T1.dog_id  =  T2.dog_id","SELECT T1.date_of_arrival ,  T1.date_departed FROM dogs AS T1 JOIN treatments AS T2 ON T1.dog_id  =  T2.dog_id",0.0,Falha ao executar a consulta gerada: no such column: T1.date_of_arrival
960,dog_kennels,List the last name of the owner owning the youngest dog.,SELECT T1.last_name FROM Owners AS T1 JOIN Dogs AS T2 ON T1.owner_id  =  T2.owner_id WHERE T2.age  =  ( SELECT max(age) FROM Dogs ),SELECT T3.last_name FROM dogs AS T1 JOIN owners AS T2 ON T1.owner_id  =  T2.owner_id JOIN sizes AS T4 ON T1.size_code  =  T4.size_code WHERE T1.age  =  (SELECT max(age) FROM dogs),SELECT T3.last_name FROM dogs AS T1 JOIN owners AS T2 ON T1.owner_id  =  T2.owner_id JOIN sizes AS T4 ON T1.size_code  =  T4.size_code WHERE T1.age  =  (SELECT max(age) FROM dogs),0.0,Falha ao executar a consulta gerada: no such column: T3.last_name
961,dog_kennels,Who owns the youngest dog? Give me his or her last name.,SELECT T1.last_name FROM Owners AS T1 JOIN Dogs AS T2 ON T1.owner_id  =  T2.owner_id WHERE T2.age  =  ( SELECT max(age) FROM Dogs ),SELECT T3.last_name FROM dogs AS T1 JOIN owners AS T3 ON T1.owner_id  =  T3.owner_id WHERE T1.age  =  ( SELECT MIN(age) FROM dogs ),SELECT T3.last_name FROM dogs AS T1 JOIN owners AS T3 ON T1.owner_id  =  T3.owner_id WHERE T1.age  =  ( SELECT MIN(age) FROM dogs ),0.0,"Resultados divergentes (ordered=False). gold=3 linhas, pred=1 linhas."
962,dog_kennels,List the emails of the professionals who live in the state of Hawaii or the state of Wisconsin.,SELECT email_address FROM Professionals WHERE state  =  'Hawaii' OR state  =  'Wisconsin',SELECT email_address FROM professionals WHERE state  =  'Hawaii' OR state  =  'Wisconsin',SELECT email_address FROM professionals WHERE state  =  'Hawaii' OR state  =  'Wisconsin',1.0,Resultados idênticos (ordered=False).
963,dog_kennels,What are the emails of the professionals living in either the state of Hawaii or the state of Wisconsin?,SELECT email_address FROM Professionals WHERE state  =  'Hawaii' OR state  =  'Wisconsin',SELECT email_address FROM professionals WHERE state  =  'Hawaii' UNION SELECT email_address FROM professionals WHERE state  =  'Wisconsin',SELECT email_address FROM professionals WHERE state  =  'Hawaii' UNION SELECT email_address FROM professionals WHERE state  =  'Wisconsin',1.0,Resultados idênticos (ordered=False).
964,dog_kennels,What are the arriving date and the departing date of all the dogs?,"SELECT date_arrived ,  date_departed FROM Dogs","SELECT date_arrived ,  date_departed FROM dogs","SELECT date_arrived ,  date_departed FROM dogs",1.0,Resultados idênticos (ordered=False).
965,dog_kennels,List the arrival date and the departure date for all the dogs.,"SELECT date_arrived ,  date_departed FROM Dogs","SELECT date_of_arrival ,  date_departed FROM dogs","SELECT date_of_arrival ,  date_departed FROM dogs",0.0,Falha ao executar a consulta gerada: no such column: date_of_arrival
966,dog_kennels,How many dogs went through any treatments?,SELECT count(DISTINCT dog_id) FROM Treatments,SELECT count(*) FROM treatments,SELECT count(*) FROM treatments,0.0,"Resultados divergentes (ordered=False). gold=1 linhas, pred=1 linhas."
967,dog_kennels,Count the number of dogs that went through a treatment.,SELECT count(DISTINCT dog_id) FROM Treatments,SELECT count(*) FROM treatments,SELECT count(*) FROM treatments,0.0,"Resultados divergentes (ordered=False). gold=1 linhas, pred=1 linhas."
968,dog_kennels,How many professionals have performed any treatment to dogs?,SELECT count(DISTINCT professional_id) FROM Treatments,SELECT count(DISTINCT professional_id) FROM treatments,SELECT count(DISTINCT professional_id) FROM treatments,1.0,Resultados idênticos (ordered=False).
969,dog_kennels,Find the number of professionals who have ever treated dogs.,SELECT count(DISTINCT professional_id) FROM Treatments,SELECT count(DISTINCT professional_id) FROM treatments,SELECT count(DISTINCT professional_id) FROM treatments,1.0,Resultados idênticos (ordered=False).
970,dog_kennels,"Which professionals live in a city containing the substring 'West'? List his or her role, street, city and state.","SELECT role_code ,  street ,  city ,  state FROM professionals WHERE city LIKE '%West%'","SELECT T3.role_code ,  T3.street ,  T3.city ,  T3.state FROM professionals AS T1 JOIN treatments AS T2 ON T1.professional_id  =  T2.professional_id JOIN sizes AS T4 ON T4.size_code  =  T2.size_code JOIN professionals AS T3 ON T3.professional_id  =  T1.professional_id WHERE T3.city LIKE '%West%'","SELECT T3.role_code ,  T3.street ,  T3.city ,  T3.state FROM professionals AS T1 JOIN treatments AS T2 ON T1.professional_id  =  T2.professional_id JOIN sizes AS T4 ON T4.size_code  =  T2.size_code JOIN professionals AS T3 ON T3.professional_id  =  T1.professional_id WHERE T3.city LIKE '%West%'",0.0,Falha ao executar a consulta gerada: no such column: T2.size_code
971,dog_kennels,"Find the role, street, city and state of the professionals living in a city that contains the substring 'West'.","SELECT role_code ,  street ,  city ,  state FROM professionals WHERE city LIKE '%West%'","SELECT role_code ,  street ,  city ,  state FROM professionals WHERE city LIKE '%West%'","SELECT role_code ,  street ,  city ,  state FROM professionals WHERE city LIKE '%West%'",1.0,Resultados idênticos (ordered=False).
972,dog_kennels,"Which owners live in the state whose name contains the substring 'North'? List his first name, last name and email.","SELECT first_name ,  last_name ,  email_address FROM Owners WHERE state LIKE '%North%'","SELECT T1.first_name ,  T1.last_name ,  T1.email_address FROM Owners AS T1 JOIN Sizes AS T2 ON T1.size_code  =  T2.size_code WHERE T2.size_description LIKE '%North%'","SELECT T1.first_name ,  T1.last_name ,  T1.email_address FROM Owners AS T1 JOIN Sizes AS T2 ON T1.size_code  =  T2.size_code WHERE T2.size_description LIKE '%North%'",0.0,Falha ao executar a consulta gerada: no such column: T1.size_code
973,dog_kennels,"Return the first name, last name and email of the owners living in a state whose name contains the substring 'North'.","SELECT first_name ,  last_name ,  email_address FROM Owners WHERE state LIKE '%North%'","SELECT first_name ,  last_name ,  email_address FROM Owners WHERE state LIKE '%North%'","SELECT first_name ,  last_name ,  email_address FROM Owners WHERE state LIKE '%North%'",1.0,Resultados idênticos (ordered=False).
974,dog_kennels,How many dogs have an age below the average?,SELECT count(*) FROM Dogs WHERE age  <  ( SELECT avg(age) FROM Dogs ),SELECT count(*) FROM dogs WHERE age  <  (SELECT avg(age) FROM dogs),SELECT count(*) FROM dogs WHERE age  <  (SELECT avg(age) FROM dogs),1.0,Resultados idênticos (ordered=False).
975,dog_kennels,Count the number of dogs of an age below the average.,SELECT count(*) FROM Dogs WHERE age  <  ( SELECT avg(age) FROM Dogs ),SELECT count(*) FROM dogs WHERE age  <  (SELECT avg(age) FROM dogs),SELECT count(*) FROM dogs WHERE age  <  (SELECT avg(age) FROM dogs),1.0,Resultados idênticos (ordered=False).
976,dog_kennels,How much does the most recent treatment cost?,SELECT cost_of_treatment FROM Treatments ORDER BY date_of_treatment DESC LIMIT 1,SELECT max(cost_of_treatment) FROM treatments,SELECT max(cost_of_treatment) FROM treatments,0.0,"Resultados divergentes (ordered=True). gold=1 linhas, pred=1 linhas."
977,dog_kennels,Show me the cost of the most recently performed treatment.,SELECT cost_of_treatment FROM Treatments ORDER BY date_of_treatment DESC LIMIT 1,SELECT max(cost_of_treatment) FROM treatments,SELECT max(cost_of_treatment) FROM treatments,0.0,"Resultados divergentes (ordered=True). gold=1 linhas, pred=1 linhas."
978,dog_kennels,How many dogs have not gone through any treatment?,SELECT count(*) FROM Dogs WHERE dog_id NOT IN ( SELECT dog_id FROM Treatments ),SELECT count(*) FROM dogs WHERE dog_id NOT IN ( SELECT dog_id FROM treatments ),SELECT count(*) FROM dogs WHERE dog_id NOT IN ( SELECT dog_id FROM treatments ),1.0,Resultados idênticos (ordered=False).
979,dog_kennels,Tell me the number of dogs that have not received any treatment .,select count(*) from dogs where dog_id not in ( select dog_id from treatments ),SELECT count(*) FROM dogs WHERE dog_id NOT IN ( SELECT dog_id FROM treatments ),SELECT count(*) FROM dogs WHERE dog_id NOT IN ( SELECT dog_id FROM treatments ),1.0,Resultados idênticos (ordered=False).
980,dog_kennels,How many owners temporarily do not have any dogs?,SELECT count(*) FROM Owners WHERE owner_id NOT IN ( SELECT owner_id FROM Dogs ),SELECT count(*) FROM owners WHERE owner_id IN ( SELECT owner_id FROM dogs WHERE date_departed IS NOT NULL ),SELECT count(*) FROM owners WHERE owner_id IN ( SELECT owner_id FROM dogs WHERE date_departed IS NOT NULL ),0.0,"Resultados divergentes (ordered=False). gold=1 linhas, pred=1 linhas."
981,dog_kennels,Find the number of owners who do not own any dogs at this moment.,SELECT count(*) FROM Owners WHERE owner_id NOT IN ( SELECT owner_id FROM Dogs ),SELECT count(*) FROM owners WHERE owner_id NOT IN ( SELECT owner_id FROM dogs ),SELECT count(*) FROM owners WHERE owner_id NOT IN ( SELECT owner_id FROM dogs ),1.0,Resultados idênticos (ordered=False).
982,dog_kennels,How many professionals did not operate any treatment on dogs?,SELECT count(*) FROM Professionals WHERE professional_id NOT IN ( SELECT professional_id FROM Treatments ),SELECT count(*) FROM professionals WHERE professional_id NOT IN ( SELECT professional_id FROM treatments ),SELECT count(*) FROM professionals WHERE professional_id NOT IN ( SELECT professional_id FROM treatments ),1.0,Resultados idênticos (ordered=False).
983,dog_kennels,Find the number of professionals who have not treated any dogs.,SELECT count(*) FROM Professionals WHERE professional_id NOT IN ( SELECT professional_id FROM Treatments ),SELECT count(*) FROM professionals WHERE professional_id NOT IN ( SELECT professional_id FROM treatments ),SELECT count(*) FROM professionals WHERE professional_id NOT IN ( SELECT professional_id FROM treatments ),1.0,Resultados idênticos (ordered=False).
984,dog_kennels,"List the dog name, age and weight of the dogs who have been abandoned? 1 stands for yes, and 0 stands for no.","SELECT name ,  age ,  weight FROM Dogs WHERE abandoned_yn  =  1","SELECT name ,  age ,  weight FROM dogs WHERE abandoned_yn  =  '1'","SELECT name ,  age ,  weight FROM dogs WHERE abandoned_yn  =  '1'",1.0,Resultados idênticos (ordered=False).
985,dog_kennels,"What are the dog name, age and weight of the dogs that were abandoned? Note that 1 stands for yes, and 0 stands for no in the tables.","SELECT name ,  age ,  weight FROM Dogs WHERE abandoned_yn  =  1","SELECT T1.name ,  T1.age ,  T1.weight FROM dogs AS T1 JOIN candidates AS T2 ON T1.dog_id  =  T2.dog_id WHERE T2.abandoned_yn  =  1","SELECT T1.name ,  T1.age ,  T1.weight FROM dogs AS T1 JOIN candidates AS T2 ON T1.dog_id  =  T2.dog_id WHERE T2.abandoned_yn  =  1",0.0,Falha ao executar a consulta gerada: no such table: candidates
986,dog_kennels,What is the average age of all the dogs?,SELECT avg(age) FROM Dogs,SELECT avg(age) FROM dogs,SELECT avg(age) FROM dogs,1.0,Resultados idênticos (ordered=False).
987,dog_kennels,Compute the average age of all the dogs.,SELECT avg(age) FROM Dogs,SELECT avg(age) FROM dogs,SELECT avg(age) FROM dogs,1.0,Resultados idênticos (ordered=False).
988,dog_kennels,What is the age of the oldest dog?,SELECT max(age) FROM Dogs,SELECT max(age) FROM dogs,SELECT max(age) FROM dogs,1.0,Resultados idênticos (ordered=False).
989,dog_kennels,Tell me the age of the oldest dog.,SELECT max(age) FROM Dogs,SELECT max(age) FROM dogs,SELECT max(age) FROM dogs,1.0,Resultados idênticos (ordered=False).
990,dog_kennels,How much does each charge type costs? List both charge type and amount.,"SELECT charge_type ,  charge_amount FROM Charges","SELECT charge_type ,  charge_amount FROM charges","SELECT charge_type ,  charge_amount FROM charges",1.0,Resultados idênticos (ordered=False).
991,dog_kennels,List each charge type and its amount.,"SELECT charge_type ,  charge_amount FROM Charges","SELECT charge_type ,  charge_amount FROM charges","SELECT charge_type ,  charge_amount FROM charges",1.0,Resultados idênticos (ordered=False).
992,dog_kennels,How much does the most expensive charge type costs?,SELECT max(charge_amount) FROM Charges,SELECT charge_amount FROM charges ORDER BY charge_amount DESC LIMIT 1,SELECT charge_amount FROM charges ORDER BY charge_amount DESC LIMIT 1,1.0,Resultados idênticos (ordered=False).
993,dog_kennels,What is the charge amount of the most expensive charge type?,SELECT max(charge_amount) FROM Charges,SELECT charge_amount FROM charges ORDER BY charge_amount DESC LIMIT 1,SELECT charge_amount FROM charges ORDER BY charge_amount DESC LIMIT 1,1.0,Resultados idênticos (ordered=False).
994,dog_kennels,"List the email, cell phone and home phone of all the professionals.","SELECT email_address ,  cell_number ,  home_phone FROM professionals","SELECT email_address ,  cell_number ,  home_phone FROM professionals","SELECT email_address ,  cell_number ,  home_phone FROM professionals",1.0,Resultados idênticos (ordered=False).
995,dog_kennels,"What are the email, cell phone and home phone of each professional?","SELECT email_address ,  cell_number ,  home_phone FROM professionals","SELECT email_address ,  cell_number ,  home_phone FROM professionals","SELECT email_address ,  cell_number ,  home_phone FROM professionals",1.0,Resultados idênticos (ordered=False).
996,dog_kennels,What are all the possible breed type and size type combinations?,"SELECT DISTINCT breed_code ,  size_code FROM dogs","SELECT DISTINCT T1.breed_name ,  T2.size_description FROM Breeds AS T1 JOIN Sizes AS T2 ON T1.breed_code  =  T2.breed_code","SELECT DISTINCT T1.breed_name ,  T2.size_description FROM Breeds AS T1 JOIN Sizes AS T2 ON T1.breed_code  =  T2.breed_code",0.0,Falha ao executar a consulta gerada: no such column: T2.breed_code
997,dog_kennels,Find the distinct breed type and size type combinations for dogs.,"SELECT DISTINCT breed_code ,  size_code FROM dogs","SELECT DISTINCT T1.breed_name ,  T2.size_description FROM Breeds AS T1 JOIN Sizes AS T2 ON T1.breed_code  =  T2.size_code","SELECT DISTINCT T1.breed_name ,  T2.size_description FROM Breeds AS T1 JOIN Sizes AS T2 ON T1.breed_code  =  T2.size_code",0.0,"Resultados divergentes (ordered=False). gold=7 linhas, pred=0 linhas."
998,dog_kennels,List the first name of all the professionals along with the description of the treatment they have done.,"SELECT DISTINCT T1.first_name ,  T3.treatment_type_description FROM professionals AS T1 JOIN Treatments AS T2 ON T1.professional_id  =  T2.professional_id JOIN Treatment_types AS T3 ON T2.treatment_type_code  =  T3.treatment_type_code","SELECT T1.first_name ,  T3.treatment_type_description FROM professionals AS T1 JOIN treatments AS T2 ON T1.professional_id  =  T2.professional_id JOIN Treatment_Types AS T3 ON T2.treatment_type_code  =  T3.treatment_type_code","SELECT T1.first_name ,  T3.treatment_type_description FROM professionals AS T1 JOIN treatments AS T2 ON T1.professional_id  =  T2.professional_id JOIN Treatment_Types AS T3 ON T2.treatment_type_code  =  T3.treatment_type_code",0.0,"Resultados divergentes (ordered=False). gold=12 linhas, pred=15 linhas."
999,dog_kennels,What are each professional's first name and description of the treatment they have performed?,"SELECT DISTINCT T1.first_name ,  T3.treatment_type_description FROM professionals AS T1 JOIN Treatments AS T2 ON T1.professional_id  =  T2.professional_id JOIN Treatment_types AS T3 ON T2.treatment_type_code  =  T3.treatment_type_code","SELECT T1.first_name ,  T3.treatment_type_description FROM professionals AS T1 JOIN treatments AS T2 ON T1.professional_id  =  T2.professional_id JOIN Treatment_Types AS T3 ON T2.treatment_type_code  =  T3.treatment_type_code","SELECT T1.first_name ,  T3.treatment_type_description FROM professionals AS T1 JOIN treatments AS T2 ON T1.professional_id  =  T2.professional_id JOIN Treatment_Types AS T3 ON T2.treatment_type_code  =  T3.treatment_type_code",0.0,"Resultados divergentes (ordered=False). gold=12 linhas, pred=15 linhas."
1000,singer,How many singers are there?,SELECT count(*) FROM singer,SELECT count(*) FROM singer,SELECT count(*) FROM singer,1.0,Resultados idênticos (ordered=False).
1001,singer,What is the count of singers?,SELECT count(*) FROM singer,SELECT count(*) FROM singer,SELECT count(*) FROM singer,1.0,Resultados idênticos (ordered=False).
1002,singer,List the name of singers in ascending order of net worth.,SELECT Name FROM singer ORDER BY Net_Worth_Millions ASC,SELECT Name FROM singer ORDER BY Net_Worth_Millions ASC,SELECT Name FROM singer ORDER BY Net_Worth_Millions ASC,1.0,Resultados idênticos (ordered=True).
1003,singer,What are the names of singers ordered by ascending net worth?,SELECT Name FROM singer ORDER BY Net_Worth_Millions ASC,SELECT Name FROM singer ORDER BY Net_Worth_Millions ASC,SELECT Name FROM singer ORDER BY Net_Worth_Millions ASC,1.0,Resultados idênticos (ordered=True).
1004,singer,What are the birth year and citizenship of singers?,"SELECT Birth_Year ,  Citizenship FROM singer","SELECT Birth_Year ,  Citizenship FROM singer","SELECT Birth_Year ,  Citizenship FROM singer",1.0,Resultados idênticos (ordered=False).
1005,singer,What are the birth years and citizenships of the singers?,"SELECT Birth_Year ,  Citizenship FROM singer","SELECT Birth_Year ,  Citizenship FROM singer","SELECT Birth_Year ,  Citizenship FROM singer",1.0,Resultados idênticos (ordered=False).
1006,singer,"List the name of singers whose citizenship is not ""France"".","SELECT Name FROM singer WHERE Citizenship != ""France""","SELECT Name FROM singer WHERE Citizenship != ""France""","SELECT Name FROM singer WHERE Citizenship != ""France""",1.0,Resultados idênticos (ordered=False).
1007,singer,What are the names of the singers who are not French citizens?,"SELECT Name FROM singer WHERE Citizenship != ""France""",SELECT Name FROM singer WHERE Citizenship != 'France',SELECT Name FROM singer WHERE Citizenship != 'France',1.0,Resultados idênticos (ordered=False).
1008,singer,Show the name of singers whose birth year is either 1948 or 1949?,SELECT Name FROM singer WHERE Birth_Year  =  1948 OR Birth_Year  =  1949,SELECT Name FROM singer WHERE Birth_Year  =  1948 OR Birth_Year  =  1949,SELECT Name FROM singer WHERE Birth_Year  =  1948 OR Birth_Year  =  1949,1.0,Resultados idênticos (ordered=False).
1009,singer,What are the names of the singers whose birth years are either 1948 or 1949?,SELECT Name FROM singer WHERE Birth_Year  =  1948 OR Birth_Year  =  1949,SELECT name FROM singer WHERE Birth_Year  =  1948 OR Birth_Year  =  1949,SELECT name FROM singer WHERE Birth_Year  =  1948 OR Birth_Year  =  1949,1.0,Resultados idênticos (ordered=False).
1010,singer,What is the name of the singer with the largest net worth?,SELECT Name FROM singer ORDER BY Net_Worth_Millions DESC LIMIT 1,SELECT T1.Name FROM singer AS T1 JOIN song AS T2 ON T1.Singer_ID  =  T2.Singer_ID ORDER BY T1.Net_Worth_Millions DESC LIMIT 1,SELECT T1.Name FROM singer AS T1 JOIN song AS T2 ON T1.Singer_ID  =  T2.Singer_ID ORDER BY T1.Net_Worth_Millions DESC LIMIT 1,1.0,Resultados idênticos (ordered=True).
1011,singer,What is the name of the singer who is worth the most?,SELECT Name FROM singer ORDER BY Net_Worth_Millions DESC LIMIT 1,SELECT T1.Name FROM singer AS T1 JOIN song AS T2 ON T1.Singer_ID  =  T2.Singer_ID ORDER BY Net_Worth_Millions DESC LIMIT 1,SELECT T1.Name FROM singer AS T1 JOIN song AS T2 ON T1.Singer_ID  =  T2.Singer_ID ORDER BY Net_Worth_Millions DESC LIMIT 1,1.0,Resultados idênticos (ordered=True).
1012,singer,Show different citizenship of singers and the number of singers of each citizenship.,"SELECT Citizenship ,  COUNT(*) FROM singer GROUP BY Citizenship","SELECT Citizenship ,  COUNT(*) FROM singer GROUP BY Citizenship","SELECT Citizenship ,  COUNT(*) FROM singer GROUP BY Citizenship",1.0,Resultados idênticos (ordered=False).
1013,singer,"For each citizenship, how many singers are from that country?","SELECT Citizenship ,  COUNT(*) FROM singer GROUP BY Citizenship","SELECT Citizenship ,  COUNT(*) FROM singer GROUP BY Citizenship","SELECT Citizenship ,  COUNT(*) FROM singer GROUP BY Citizenship",1.0,Resultados idênticos (ordered=False).
1014,singer,Please show the most common citizenship of singers.,SELECT Citizenship FROM singer GROUP BY Citizenship ORDER BY COUNT(*) DESC LIMIT 1,SELECT Citizenship FROM singer GROUP BY Citizenship ORDER BY COUNT(*) DESC LIMIT 1,SELECT Citizenship FROM singer GROUP BY Citizenship ORDER BY COUNT(*) DESC LIMIT 1,1.0,Resultados idênticos (ordered=True).
1015,singer,What is the most common singer citizenship ?,select citizenship from singer group by citizenship order by count(*) desc limit 1,SELECT Citizenship FROM singer GROUP BY Citizenship ORDER BY COUNT(*) DESC LIMIT 1,SELECT Citizenship FROM singer GROUP BY Citizenship ORDER BY COUNT(*) DESC LIMIT 1,1.0,Resultados idênticos (ordered=True).
1016,singer,Show different citizenships and the maximum net worth of singers of each citizenship.,"SELECT Citizenship ,  max(Net_Worth_Millions) FROM singer GROUP BY Citizenship","SELECT Citizenship ,  max(Net_Worth_Millions) FROM singer GROUP BY Citizenship","SELECT Citizenship ,  max(Net_Worth_Millions) FROM singer GROUP BY Citizenship",1.0,Resultados idênticos (ordered=False).
1017,singer,"For each citizenship, what is the maximum net worth?","SELECT Citizenship ,  max(Net_Worth_Millions) FROM singer GROUP BY Citizenship","SELECT Citizenship ,  max(Net_Worth_Millions) FROM singer GROUP BY Citizenship","SELECT Citizenship ,  max(Net_Worth_Millions) FROM singer GROUP BY Citizenship",1.0,Resultados idênticos (ordered=False).
1018,singer,Show titles of songs and names of singers.,"SELECT T2.Title ,  T1.Name FROM singer AS T1 JOIN song AS T2 ON T1.Singer_ID  =  T2.Singer_ID","SELECT T2.Title ,  T1.Name FROM singer AS T1 JOIN song AS T2 ON T1.Singer_ID  =  T2.Singer_ID","SELECT T2.Title ,  T1.Name FROM singer AS T1 JOIN song AS T2 ON T1.Singer_ID  =  T2.Singer_ID",1.0,Resultados idênticos (ordered=False).
1019,singer,What are the song titles and singer names?,"SELECT T2.Title ,  T1.Name FROM singer AS T1 JOIN song AS T2 ON T1.Singer_ID  =  T2.Singer_ID","SELECT T2.Title ,  T1.Name FROM singer AS T1 JOIN song AS T2 ON T1.Singer_ID  =  T2.Singer_ID","SELECT T2.Title ,  T1.Name FROM singer AS T1 JOIN song AS T2 ON T1.Singer_ID  =  T2.Singer_ID",1.0,Resultados idênticos (ordered=False).
1020,singer,Show distinct names of singers that have songs with sales more than 300000.,SELECT DISTINCT T1.Name FROM singer AS T1 JOIN song AS T2 ON T1.Singer_ID  =  T2.Singer_ID WHERE T2.Sales  >  300000,SELECT DISTINCT T1.Name FROM singer AS T1 JOIN song AS T2 ON T1.Singer_ID  =  T2.Singer_ID WHERE T2.Sales  >  300000,SELECT DISTINCT T1.Name FROM singer AS T1 JOIN song AS T2 ON T1.Singer_ID  =  T2.Singer_ID WHERE T2.Sales  >  300000,1.0,Resultados idênticos (ordered=False).
1021,singer,what are the different names of the singers that have sales more than 300000?,SELECT DISTINCT T1.Name FROM singer AS T1 JOIN song AS T2 ON T1.Singer_ID  =  T2.Singer_ID WHERE T2.Sales  >  300000,SELECT DISTINCT T1.Name FROM singer AS T1 JOIN song AS T2 ON T1.Singer_ID  =  T2.Singer_ID WHERE T2.Sales  >  300000,SELECT DISTINCT T1.Name FROM singer AS T1 JOIN song AS T2 ON T1.Singer_ID  =  T2.Singer_ID WHERE T2.Sales  >  300000,1.0,Resultados idênticos (ordered=False).
1022,singer,Show the names of singers that have more than one song.,SELECT T1.Name FROM singer AS T1 JOIN song AS T2 ON T1.Singer_ID  =  T2.Singer_ID GROUP BY T1.Name HAVING COUNT(*)  >  1,SELECT T1.Name FROM singer AS T1 JOIN song AS T2 ON T1.Singer_ID  =  T2.Singer_ID GROUP BY T1.Name HAVING COUNT(*)  >  1,SELECT T1.Name FROM singer AS T1 JOIN song AS T2 ON T1.Singer_ID  =  T2.Singer_ID GROUP BY T1.Name HAVING COUNT(*)  >  1,1.0,Resultados idênticos (ordered=False).
1023,singer,What are the names of the singers that have more than one songs?,SELECT T1.Name FROM singer AS T1 JOIN song AS T2 ON T1.Singer_ID  =  T2.Singer_ID GROUP BY T1.Name HAVING COUNT(*)  >  1,SELECT T1.Name FROM singer AS T1 JOIN song AS T2 ON T1.Singer_ID  =  T2.Singer_ID GROUP BY T1.Name HAVING COUNT(*)  >  1,SELECT T1.Name FROM singer AS T1 JOIN song AS T2 ON T1.Singer_ID  =  T2.Singer_ID GROUP BY T1.Name HAVING COUNT(*)  >  1,1.0,Resultados idênticos (ordered=False).
1024,singer,Show the names of singers and the total sales of their songs.,"SELECT T1.Name ,  sum(T2.Sales) FROM singer AS T1 JOIN song AS T2 ON T1.Singer_ID  =  T2.Singer_ID GROUP BY T1.Name","SELECT T1.Name ,  sum(T2.Sales) FROM singer AS T1 JOIN song AS T2 ON T1.Singer_ID  =  T2.Singer_ID GROUP BY T1.Name","SELECT T1.Name ,  sum(T2.Sales) FROM singer AS T1 JOIN song AS T2 ON T1.Singer_ID  =  T2.Singer_ID GROUP BY T1.Name",1.0,Resultados idênticos (ordered=False).
1025,singer,"For each singer name, what is the total sales for their songs?","SELECT T1.Name ,  sum(T2.Sales) FROM singer AS T1 JOIN song AS T2 ON T1.Singer_ID  =  T2.Singer_ID GROUP BY T1.Name","SELECT T2.Name ,  sum(T1.Sales) FROM song AS T1 JOIN singer AS T2 ON T1.Singer_ID  =  T2.Singer_ID GROUP BY T2.Name","SELECT T2.Name ,  sum(T1.Sales) FROM song AS T1 JOIN singer AS T2 ON T1.Singer_ID  =  T2.Singer_ID GROUP BY T2.Name",1.0,Resultados idênticos (ordered=False).
1026,singer,List the name of singers that do not have any song.,SELECT Name FROM singer WHERE Singer_ID NOT IN (SELECT Singer_ID FROM song),SELECT Name FROM singer WHERE Singer_ID NOT IN (SELECT Singer_ID FROM song),SELECT Name FROM singer WHERE Singer_ID NOT IN (SELECT Singer_ID FROM song),1.0,Resultados idênticos (ordered=False).
1027,singer,What is the sname of every sing that does not have any song?,SELECT Name FROM singer WHERE Singer_ID NOT IN (SELECT Singer_ID FROM song),SELECT Name FROM singer WHERE Singer_ID NOT IN (SELECT Singer_ID FROM song),SELECT Name FROM singer WHERE Singer_ID NOT IN (SELECT Singer_ID FROM song),1.0,Resultados idênticos (ordered=False).
1028,singer,Show the citizenship shared by singers with birth year before 1945 and after 1955.,SELECT Citizenship FROM singer WHERE Birth_Year  <  1945 INTERSECT SELECT Citizenship FROM singer WHERE Birth_Year  >  1955,SELECT Citizenship FROM singer WHERE Birth_Year  <  1945 INTERSECT SELECT Citizenship FROM singer WHERE Birth_Year  >  1955,SELECT Citizenship FROM singer WHERE Birth_Year  <  1945 INTERSECT SELECT Citizenship FROM singer WHERE Birth_Year  >  1955,1.0,Resultados idênticos (ordered=False).
1029,singer,What are the citizenships that are shared by singers with a birth year before 1945 and after 1955?,SELECT Citizenship FROM singer WHERE Birth_Year  <  1945 INTERSECT SELECT Citizenship FROM singer WHERE Birth_Year  >  1955,SELECT Citizenship FROM singer WHERE Birth_Year  <  1945 INTERSECT SELECT Citizenship FROM singer WHERE Birth_Year  >  1955,SELECT Citizenship FROM singer WHERE Birth_Year  <  1945 INTERSECT SELECT Citizenship FROM singer WHERE Birth_Year  >  1955,1.0,Resultados idênticos (ordered=False).
1030,real_estate_properties,How many available features are there in total?,SELECT count(*) FROM Other_Available_Features,SELECT count(*) FROM Other_Available_Features,SELECT count(*) FROM Other_Available_Features,1.0,Resultados idênticos (ordered=False).
1031,real_estate_properties,What is the feature type name of feature AirCon?,"SELECT T2.feature_type_name FROM Other_Available_Features AS T1 JOIN Ref_Feature_Types AS T2 ON T1.feature_type_code  =  T2.feature_type_code WHERE T1.feature_name  =  ""AirCon""","SELECT t1.feature_type_name FROM Ref_Feature_Types AS t1 JOIN Other_Available_Features AS t2 ON t1.feature_type_code  =  t2.feature_type_code WHERE t2.feature_name  =  ""AirCon""","SELECT t1.feature_type_name FROM Ref_Feature_Types AS t1 JOIN Other_Available_Features AS t2 ON t1.feature_type_code  =  t2.feature_type_code WHERE t2.feature_name  =  ""AirCon""",1.0,Resultados idênticos (ordered=False).
1032,real_estate_properties,Show the property type descriptions of properties belonging to that code.,SELECT T2.property_type_description FROM Properties AS T1 JOIN Ref_Property_Types AS T2 ON T1.property_type_code  =  T2.property_type_code GROUP BY T1.property_type_code,SELECT T2.property_type_description FROM properties AS T1 JOIN ref_property_types AS T2 ON T1.property_type_code  =  T2.property_type_code,SELECT T2.property_type_description FROM properties AS T1 JOIN ref_property_types AS T2 ON T1.property_type_code  =  T2.property_type_code,0.0,"Resultados divergentes (ordered=False). gold=5 linhas, pred=15 linhas."
1033,real_estate_properties,What are the names of properties that are either houses or apartments with more than 1 room?,"SELECT property_name FROM Properties WHERE property_type_code  =  ""House"" UNION SELECT property_name FROM Properties WHERE property_type_code  =  ""Apartment"" AND room_count  >  1","SELECT property_name FROM Properties WHERE room_count  >  1 AND property_type_code IN (SELECT property_type_code FROM Ref_Property_Types WHERE property_type_description LIKE ""Apartment"" UNION SELECT property_type_code FROM Ref_Property_Types WHERE property_type_description LIKE ""House"")","SELECT property_name FROM Properties WHERE room_count  >  1 AND property_type_code IN (SELECT property_type_code FROM Ref_Property_Types WHERE property_type_description LIKE ""Apartment"" UNION SELECT property_type_code FROM Ref_Property_Types WHERE property_type_description LIKE ""House"")",0.0,"Resultados divergentes (ordered=False). gold=8 linhas, pred=0 linhas."
